pitch_type,game_date,release_speed,release_pos_x,release_pos_z,player_name,batter,pitcher,events,description,spin_dir,spin_rate_deprecated,break_angle_deprecated,break_length_deprecated,zone,des,game_type,stand,p_throws,home_team,away_team,type,hit_location,bb_type,balls,strikes,game_year,pfx_x,pfx_z,plate_x,plate_z,on_3b,on_2b,on_1b,outs_when_up,inning,inning_topbot,hc_x,hc_y,tfs_deprecated,tfs_zulu_deprecated,umpire,sv_id,vx0,vy0,vz0,ax,ay,az,sz_top,sz_bot,hit_distance_sc,launch_speed,launch_angle,effective_speed,release_spin_rate,release_extension,game_pk,fielder_2,fielder_3,fielder_4,fielder_5,fielder_6,fielder_7,fielder_8,fielder_9,release_pos_y,estimated_ba_using_speedangle,estimated_woba_using_speedangle,woba_value,woba_denom,babip_value,iso_value,launch_speed_angle,at_bat_number,pitch_number,pitch_name,home_score,away_score,bat_score,fld_score,post_away_score,post_home_score,post_bat_score,post_fld_score,if_fielding_alignment,of_fielding_alignment,spin_axis,delta_home_win_exp,delta_run_exp,bat_speed,swing_length,miss_distance,estimated_slg_using_speedangle,delta_pitcher_run_exp,hyper_speed,home_score_diff,bat_score_diff,home_win_exp,bat_win_exp,age_pit_legacy,age_bat_legacy,age_pit,age_bat,n_thruorder_pitcher,n_priorpa_thisgame_player_at_bat,pitcher_days_since_prev_game,batter_days_since_prev_game,pitcher_days_until_next_game,batter_days_until_next_game,api_break_z_with_gravity,api_break_x_arm,api_break_x_batter_in,arm_angle,attack_angle,attack_direction,swing_path_tilt,intercept_ball_minus_batter_pos_x_inches,intercept_ball_minus_batter_pos_y_inches
FF,2025-10-31,98.9,-2.17,6.05,"Sasaki, Roki",680718,808963,double,hit_into_play,,,,,1.0,"Blue Jays challenged (grounds rule), call on the field was upheld: Addison Barger hits a ground-rule double (4) on a line drive to left-center field. Myles Straw to 3rd.",W,L,R,TOR,LAD,X,,line_drive,2,2,2025,-0.83,1.26,-0.2810720704647997,3.3824266187089256,,,664702.0,0,9,Bot,89.67,47.22,,,,,7.1574390158154895,-143.76595857439256,-4.801985451476212,-13.125505353716616,33.737763785082336,-13.796775386520604,3.73,1.77,385.0,105.5,18.0,100.0,2234.0,7.0,813025,669257,518692,500743,571970,605141,571771,681909,681624,53.5,0.411,0.6296875,1.25,1.0,1.0,1.0,6.0,69,5,4-Seam Fastball,1,3,1,3,3,1,1,3,Strategic,Standard,220.0,0.262,0.773,72.8,6.4,,1.122,-0.773,105.5,-2,-2,0.18,0.18,23,25,24,26,1,3,4.0,2.0,,1.0,1.08,0.83,-0.83,44.1,3.2940309965613888,15.531222643127029,20.930269256904317,38.63921698242153,26.63203750461433
FO,2025-10-31,86.6,-2.06,6.1,"Sasaki, Roki",680718,808963,,ball,,,,,13.0,,W,L,R,TOR,LAD,B,,,1,2,2025,-0.11,-0.18,-1.015819286417006,2.534462260488503,,,664702.0,0,9,Bot,,,,,,,2.75083533542696,-126.13730601952332,-1.9605431870116852,-1.7632513440471265,25.73697923507,-33.901761124321816,3.70849824165845,1.61095358325719,,,,87.7,582.0,6.9,813025,669257,518692,500743,571970,605141,571771,681909,681624,53.59,,,,,,,,69,4,Forkball,1,3,1,3,3,1,1,3,Strategic,Standard,297.0,0.012,0.036,,,,,-0.036,,-2,-2,0.168,0.168,23,25,24,26,1,3,4.0,2.0,,1.0,3.21,0.11,-0.11,49.8,,,,,
FF,2025-10-31,98.7,-2.07,6.09,"Sasaki, Roki",680718,808963,,foul,,,,,5.0,,W,L,R,TOR,LAD,S,,,1,1,2025,-0.83,1.16,-0.0904936223898134,2.412710836070836,,,664702.0,0,9,Bot,,,,,,,7.364338644345789,-143.3635038526495,-7.263047649129651,-13.239063057031489,36.12627630355688,-14.645918939290118,3.73,1.77,212.0,82.9,56.0,99.0,2142.0,6.8,813025,669257,518692,500743,571970,605141,571771,681909,681624,53.73,,,,,,,,69,3,4-Seam Fastball,1,3,1,3,3,1,1,3,Standard,Standard,225.0,-0.02,-0.07,77.3,7.3,,,0.07,88.0,-2,-2,0.188,0.188,23,25,24,26,1,3,4.0,2.0,,1.0,1.21,0.83,-0.83,43.3,-0.268000070629061,6.881037118775127,26.104584227142293,36.3876474901186,27.480788338276422
FO,2025-10-31,85.3,-1.98,6.05,"Sasaki, Roki",680718,808963,,ball,,,,,13.0,,W,L,R,TOR,LAD,B,,,0,1,2025,-0.85,-0.82,-1.6620039289961506,2.3333221092427703,,,664702.0,0,9,Bot,,,,,,,2.4906501187280523,-124.13950143187589,-0.703529958067276,-9.258205929506296,28.52945117510366,-40.60365090055614,3.68439043446806,1.63006739412706,,,,85.7,501.0,6.9,813025,669257,518692,500743,571970,605141,571771,681909,681624,53.59,,,,,,,,69,2,Forkball,1,3,1,3,3,1,1,3,Standard,Standard,323.0,0.008,0.034,,,,,-0.034,,-2,-2,0.18,0.18,23,25,24,26,1,3,4.0,2.0,,1.0,3.99,0.85,-0.85,48.1,,,,,
FF,2025-10-31,98.1,-2.16,6.06,"Sasaki, Roki",680718,808963,,foul,,,,,5.0,,W,L,R,TOR,LAD,S,,,0,0,2025,-0.73,1.28,-0.2300713747002806,3.026097839528901,,,664702.0,0,9,Bot,,,,,,,7.00042917346964,-142.47570841910428,-5.691607477726564,-11.657861960242396,36.724646075884365,-13.574990670798128,3.73,1.77,191.0,73.5,58.0,98.7,2243.0,7.0,813025,669257,518692,500743,571970,605141,571771,681909,681624,53.47,,,,,,,,69,1,4-Seam Fastball,1,3,1,3,3,1,1,3,Standard,Standard,221.0,-0.012,-0.043,71.5,7.0,,,0.043,88.0,-2,-2,0.192,0.192,23,25,24,26,1,3,4.0,2.0,,1.0,1.12,0.73,-0.73,44.4,1.5817018635458555,9.712650506990686,19.447598320423552,38.29212829800554,22.479603341540376
FO,2025-10-31,84.6,-2.05,6.14,"Sasaki, Roki",672386,808963,hit_by_pitch,hit_by_pitch,,,,,11.0,Alejandro Kirk hit by pitch.,W,R,R,TOR,LAD,B,,,0,2,2025,-0.66,0.05,-2.1838430795361754,3.902583915774872,,,,0,9,Bot,,,,,,,1.0110529377972144,-123.21847475894214,1.119106445360872,-6.856024179924282,27.11524533044311,-32.118352361526895,3.13,1.5,,,,85.6,530.0,7.1,813025,669257,518692,500743,571970,605141,571771,681909,681624,53.4,,0.722289,0.7,1.0,0.0,0.0,,68,3,Forkball,1,3,1,3,3,1,1,3,Standard,Standard,298.0,0.116,0.535,,,,,-0.535,,-2,-2,0.076,0.076,23,26,24,27,1,3,4.0,2.0,,1.0,3.15,0.66,0.66,49.8,,,,,
FF,2025-10-31,97.9,-2.09,6.06,"Sasaki, Roki",672386,808963,,foul,,,,,2.0,,W,R,R,TOR,LAD,S,,,0,1,2025,-0.97,1.13,0.0886685239134574,3.147473098188639,,,,0,9,Bot,,,,,,,8.239062590701977,-142.28297514445052,-5.034799394021768,-15.04230124072115,33.3426147978075,-15.833187419378442,3.13,1.5,334.0,97.3,34.0,99.3,2152.0,7.2,813025,669257,518692,500743,571970,605141,571771,681909,681624,53.33,,,,,,,,68,2,4-Seam Fastball,1,3,1,3,3,1,1,3,Standard,Standard,225.0,-0.012,-0.055,64.5,5.8,,,0.055,97.3,-2,-2,0.088,0.088,23,26,24,27,1,3,4.0,2.0,,1.0,1.26,0.97,0.97,46.3,-5.35925058528247,42.9582777489516,16.985086468478222,41.52176090671276,11.094124324035755
FF,2025-10-31,98.7,-2.1,6.09,"Sasaki, Roki",672386,808963,,called_strike,,,,,2.0,,W,R,R,TOR,LAD,S,,,0,0,2025,-0.62,1.38,-0.2253265445460022,2.8280667885800423,,,,0,9,Bot,,,,,,,6.630505986435417,-143.4053969246338,-6.6755912441260845,-10.079132118677895,34.586110853419854,-11.827845059252429,3.11286025505446,1.43255286795855,,,,99.8,1983.0,7.1,813025,669257,518692,500743,571970,605141,571771,681909,681624,53.42,,,,,,,,68,1,4-Seam Fastball,1,3,1,3,3,1,1,3,Standard,Standard,226.0,-0.007,-0.039,,,,,0.039,,-2,-2,0.095,0.095,23,26,24,27,1,3,4.0,2.0,,1.0,0.98,0.62,0.62,46.6,,,,,
FO,2025-10-31,85.7,-2.08,6.08,"Sasaki, Roki",662139,808963,field_out,hit_into_play,,,,,5.0,"Daulton Varsho grounds out, second baseman Miguel Rojas to first baseman Freddie Freeman.",W,L,R,TOR,LAD,X,4.0,ground_ball,2,1,2025,-0.59,0.14,-0.0398365158669624,2.525688302765527,,543807.0,665489.0,2,8,Bot,150.81,134.91,,,,,6.0626192077294565,-124.62553261645992,-2.3342346501063345,-7.487705336337232,28.23279888684337,-30.473802306283027,3.39,1.56,91.0,100.6,5.0,86.0,528.0,6.8,813025,669257,518692,500743,571970,605141,571771,669242,681624,53.71,0.595,0.552,0.0,1.0,0.0,0.0,4.0,64,4,Forkball,1,3,1,3,3,1,1,3,Standard,Standard,298.0,-0.095,-0.283,72.9,7.4,,0.683,0.283,100.6,-2,-2,0.171,0.171,23,28,24,29,1,3,4.0,2.0,,1.0,3.0,0.59,-0.59,47.5,10.318224767452875,8.598829368750836,28.706978267338982,36.49254489307478,22.59456260913888
FO,2025-10-31,86.3,-2.02,6.07,"Sasaki, Roki",662139,808963,,blocked_ball,,,,,14.0,,W,L,R,TOR,LAD,B,,,1,1,2025,-0.09,-0.51,0.154070814322815,0.1501744549313861,,543807.0,665489.0,2,8,Bot,,,,,,,5.416129050932912,-125.29131082668324,-6.736437453839674,-2.2753384821071547,31.078757489369146,-35.97953691148738,3.30318926618968,1.44530418140539,,,,86.5,526.0,7.1,813025,669257,518692,500743,571970,605141,571771,669242,681624,53.43,,,,,,,,64,3,Forkball,1,3,1,3,3,1,1,3,Standard,Standard,315.0,0.011,0.03,,,,,-0.03,,-2,-2,0.16,0.16,23,28,24,29,1,3,4.0,2.0,,1.0,3.64,0.09,-0.09,48.1,,,,,
FF,2025-10-31,99.8,-2.15,6.14,"Sasaki, Roki",662139,808963,,ball,,,,,11.0,,W,L,R,TOR,LAD,B,,,0,1,2025,-0.8,1.3,-1.475545194282994,3.348618768224633,,543807.0,665489.0,2,8,Bot,,,,,,,3.767663482705392,-145.11701928023817,-5.306398536250414,-12.22412538710384,39.57909261428498,-12.823172061930672,3.32186007967517,1.49228410964518,,,,99.8,2302.0,6.7,813025,669257,518692,500743,571970,605141,571771,669242,681624,53.8,,,,,,,,64,2,4-Seam Fastball,1,3,1,3,3,1,1,3,Standard,Standard,224.0,0.009,0.018,,,,,-0.018,,-2,-2,0.151,0.151,23,28,24,29,1,3,4.0,2.0,,1.0,1.02,0.8,-0.8,44.7,,,,,
FO,2025-10-31,84.8,-1.98,6.08,"Sasaki, Roki",662139,808963,,swinging_strike_blocked,,,,,14.0,,W,L,R,TOR,LAD,S,,,0,0,2025,-0.04,-0.6,0.1596545309215474,0.4383437940058883,,543807.0,665489.0,2,8,Bot,,,,,,,5.1770240447798335,-123.29402064974418,-5.67796651527185,-1.4871853389250982,26.26431238562848,-37.271866172081225,3.39,1.56,,,,86.0,540.0,7.3,813025,669257,518692,500743,571970,605141,571771,669242,681624,53.21,,,,,,,,64,1,Forkball,1,3,1,3,3,1,1,3,Strategic,Standard,331.0,-0.013,-0.047,73.2,9.2,4.28617218,,0.047,,-2,-2,0.164,0.164,23,28,24,29,1,3,4.0,2.0,,1.0,3.79,0.04,-0.04,50.7,27.485790262967463,-22.28260792968742,40.47910650650247,34.59302182392562,41.345299469869154
FO,2025-10-31,85.4,-1.99,6.08,"Sasaki, Roki",666182,808963,field_out,hit_into_play,,,,,7.0,Bo Bichette pops out to shortstop Mookie Betts in foul territory.,W,R,R,TOR,LAD,X,6.0,popup,1,1,2025,-0.22,-0.25,-0.75955616314238,1.7190845744286545,,543807.0,665489.0,1,8,Bot,64.51,149.8,,,,,3.377840705376081,-124.2870802778023,-3.410034448759848,-2.996616789560416,29.14602237258784,-34.158699422154434,3.7,1.74,194.0,85.9,59.0,85.8,461.0,6.9,813025,669257,518692,500743,571970,605141,571771,669242,681624,53.56,0.018,0.017,0.0,1.0,0.0,0.0,3.0,63,3,Forkball,1,3,1,3,3,1,1,3,Standard,Standard,310.0,-0.094,-0.229,79.8,8.4,,0.023,0.229,88.0,-2,-2,0.258,0.258,23,27,24,27,1,3,4.0,2.0,,1.0,3.42,0.22,0.22,51.4,21.97188761074912,-30.589561634772288,44.71500314827548,23.45584610455122,48.77691585841468
FF,2025-10-31,97.4,-2.09,6.01,"Sasaki, Roki",666182,808963,,swinging_strike,,,,,2.0,,W,R,R,TOR,LAD,S,,,1,0,2025,-0.57,1.11,0.1300473798764461,3.1533174714619427,,543807.0,665489.0,1,8,Bot,,,,,,,7.377784729017493,-141.59588800521854,-4.725858798856006,-9.369151294417696,34.594486374626015,-16.368634908242214,3.7,1.74,,,,98.6,2091.0,7.2,813025,669257,518692,500743,571970,605141,571771,669242,681624,53.33,,,,,,,,63,2,4-Seam Fastball,1,3,1,3,3,1,1,3,Standard,Standard,221.0,-0.017,-0.045,70.8,6.4,0.614507208,,0.045,,-2,-2,0.275,0.275,23,27,24,27,1,3,4.0,2.0,,1.0,1.31,0.57,0.57,42.8,-7.477680555048234,25.06179874245949,32.423971534691546,36.17611580493772,8.227328030686255
FO,2025-10-31,85.6,-1.97,6.01,"Sasaki, Roki",666182,808963,,blocked_ball,,,,,14.0,,W,R,R,TOR,LAD,B,,,0,0,2025,-0.48,-0.37,0.6514850314896581,0.4670357526985649,,543807.0,665489.0,1,8,Bot,,,,,,,7.273645209843114,-124.19891541717443,-5.9831977373334215,-6.62049696995219,29.33473834876209,-34.73475811941241,3.66804258047317,1.74890486609604,,,,86.2,501.0,7.3,813025,669257,518692,500743,571970,605141,571771,669242,681624,53.24,,,,,,,,63,1,Forkball,1,3,1,3,3,1,1,3,Standard,Standard,299.0,0.012,0.031,,,,,-0.031,,-2,-2,0.263,0.263,23,27,24,27,1,3,4.0,2.0,,1.0,3.54,0.48,0.48,50.7,,,,,
FF,2025-10-31,98.8,-2.17,6.08,"Sasaki, Roki",665489,808963,walk,ball,,,,,11.0,Vladimir Guerrero Jr. walks. George Springer to 2nd.,W,R,R,TOR,LAD,B,,,3,2,2025,-0.55,1.27,-0.2166762638695981,4.215350066021901,,,543807.0,1,8,Bot,,,,,,,6.692286667486026,-143.7410858896439,-2.6038834584158157,-9.23931157404108,35.00162307125585,-14.258843293292015,3.57173647393208,1.5278462193047,,,,100.0,2300.0,7.1,813025,669257,518692,500743,571970,605141,571771,669242,681624,53.44,,0.691497,0.7,1.0,0.0,0.0,,62,7,4-Seam Fastball,1,3,1,3,3,1,1,3,Standard,Standard,222.0,0.072,0.266,,,,,-0.266,,-2,-2,0.191,0.191,23,26,24,26,1,3,4.0,2.0,,1.0,1.08,0.55,0.55,44.1,,,,,
FO,2025-10-31,85.4,-2.11,6.1,"Sasaki, Roki",665489,808963,,ball,,,,,11.0,,W,R,R,TOR,LAD,B,,,2,2,2025,0.13,-0.61,-1.3072724363792614,3.545305556688649,,,543807.0,1,8,Bot,,,,,,,1.640746819793247,-124.26521420045044,1.6148416421948448,1.0136114516209431,27.572753466248823,-39.03868712966877,3.60535908434398,1.45492858688275,,,,86.1,498.0,7.0,813025,669257,518692,500743,571970,605141,571771,669242,681624,53.51,,,,,,,,62,6,Forkball,1,3,1,3,3,1,1,3,Standard,Standard,345.0,0.022,0.098,,,,,-0.098,,-2,-2,0.169,0.169,23,26,24,26,1,3,4.0,2.0,,1.0,3.76,-0.13,-0.13,46.5,,,,,
FO,2025-10-31,86.3,-1.99,6.16,"Sasaki, Roki",665489,808963,,foul,,,,,13.0,,W,R,R,TOR,LAD,S,,,2,2,2025,-0.78,-0.72,-0.721986861015932,0.383474242346693,,,543807.0,1,8,Bot,,,,,,,4.679837130998366,-125.4771777947462,-6.034332926218815,-9.194483037953557,29.89152816007245,-38.467023279658896,3.66,1.6,,,,87.2,478.0,7.3,813025,669257,518692,500743,571970,605141,571771,669242,681624,53.17,,,,,,,,62,5,Forkball,1,3,1,3,3,1,1,3,Standard,Standard,296.0,0.0,0.0,64.7,9.0,,,0.0,,-2,-2,0.169,0.169,23,26,24,26,1,3,4.0,2.0,,1.0,3.83,0.78,0.78,48.0,21.96643398728438,-32.789292168470226,45.6239308190494,25.8002170701764,48.99769513513894
FO,2025-10-31,85.9,-2.02,6.1,"Sasaki, Roki",665489,808963,,ball,,,,,7.0,,W,R,R,TOR,LAD,B,,,1,2,2025,-0.31,-0.44,-0.5325505193711781,1.6451598705076105,,,543807.0,1,8,Bot,,,,,,,4.216273836847188,-124.94766792578288,-3.293323459612433,-4.231302550269702,30.37123122522712,-36.19765765373236,3.51418722903306,1.56570497950623,,,,86.5,514.0,7.2,813025,669257,518692,500743,571970,605141,571771,669242,681624,53.31,,,,,,,,62,4,Forkball,1,3,1,3,3,1,1,3,Standard,Standard,323.0,0.009,0.044,,,,,-0.044,,-2,-2,0.16,0.16,23,26,24,26,1,3,4.0,2.0,,1.0,3.59,0.31,0.31,48.6,,,,,
FO,2025-10-31,86.0,-2.03,6.09,"Sasaki, Roki",665489,808963,,swinging_strike,,,,,13.0,,W,R,R,TOR,LAD,S,,,1,1,2025,-1.25,-0.17,-0.8792912997659854,1.3415292926547502,,,543807.0,1,8,Bot,,,,,,,5.347568273281135,-125.02821378970395,-4.609201144413466,-14.158558148996812,28.96664940639017,-33.10593237041666,3.66,1.6,,,,86.8,510.0,7.2,813025,669257,518692,500743,571970,605141,571771,669242,681624,53.34,,,,,,,,62,3,Forkball,1,3,1,3,3,1,1,3,Standard,Standard,293.0,-0.015,-0.056,81.0,9.1,6.527581068,,0.056,,-2,-2,0.175,0.175,23,26,24,26,1,3,4.0,2.0,,1.0,3.3,1.25,1.25,49.3,25.79322488378284,-52.71437873310485,31.3235179001184,24.298572165472656,62.03201127360134
FO,2025-10-31,87.0,-2.06,6.08,"Sasaki, Roki",665489,808963,,ball,,,,,13.0,,W,R,R,TOR,LAD,B,,,0,1,2025,-0.19,-0.74,-1.200237437839585,1.0935653546459765,,,543807.0,1,8,Bot,,,,,,,2.486011796541653,-126.45935915638836,-4.16235665812102,-2.655010529102102,30.99248781885607,-39.20836358454941,3.58944618053283,1.52854780862732,,,,87.3,503.0,7.0,813025,669257,518692,500743,571970,605141,571771,669242,681624,53.5,,,,,,,,62,2,Forkball,1,3,1,3,3,1,1,3,Standard,Standard,307.0,0.006,0.019,,,,,-0.019,,-2,-2,0.169,0.169,23,26,24,26,1,3,4.0,2.0,,1.0,3.81,0.19,0.19,47.7,,,,,
FO,2025-10-31,85.6,-1.94,6.14,"Sasaki, Roki",665489,808963,,called_strike,,,,,4.0,,W,R,R,TOR,LAD,S,,,0,0,2025,0.28,-0.46,-0.6708873582251572,2.943226834108123,,,543807.0,1,8,Bot,,,,,,,2.4564413884271734,-124.5972446262643,-0.2671350172690403,2.3752624169116667,28.30996323599441,-37.07608827483379,3.59079324927963,1.52970451192138,,,,86.2,502.0,6.9,813025,669257,518692,500743,571970,605141,571771,669242,681624,53.55,,,,,,,,62,1,Forkball,1,3,1,3,3,1,1,3,Standard,Standard,323.0,-0.009,-0.04,,,,,0.04,,-2,-2,0.178,0.178,23,26,24,26,1,3,4.0,2.0,,1.0,3.6,-0.28,-0.28,48.5,,,,,
FF,2025-10-31,97.8,-2.1,5.99,"Sasaki, Roki",664770,808963,field_out,hit_into_play,,,,,2.0,Nathan Lukes flies out to center fielder Tommy Edman.,W,L,R,TOR,LAD,X,8.0,fly_ball,3,2,2025,-0.86,1.16,-0.210017752026503,2.967486157175616,,,543807.0,0,8,Bot,106.88,62.99,,,,,7.162723211004214,-142.138095991348,-5.335290797414696,-13.28993444946131,34.0318028011952,-15.457087316644492,3.34,1.53,340.0,99.7,41.0,98.7,2241.0,7.0,813025,669257,518692,500743,571970,605141,571771,669242,681624,53.54,0.101,0.181,0.0,1.0,0.0,0.0,3.0,61,6,4-Seam Fastball,1,3,1,3,3,1,1,3,Standard,Standard,228.0,-0.089,-0.313,71.6,6.3,,0.355,0.313,99.7,-2,-2,0.267,0.267,23,30,24,31,1,3,4.0,3.0,,1.0,1.24,0.86,-0.86,45.6,8.714570529493919,0.3461605319716954,21.688722684572863,40.42273553458669,27.02446937137447
FF,2025-10-31,98.2,-2.11,6.04,"Sasaki, Roki",664770,808963,,called_strike,,,,,2.0,,W,L,R,TOR,LAD,S,,,3,1,2025,-0.62,1.24,0.1155517809083676,3.1106824053856603,,,543807.0,0,8,Bot,,,,,,,7.556642097463899,-142.70650969189316,-5.355325064028328,-10.289620375243008,35.13853317247478,-14.153536772636082,3.17075722049575,1.44100033975984,,,,99.1,2106.0,7.0,813025,669257,518692,500743,571970,605141,571771,669242,681624,53.46,,,,,,,,61,5,4-Seam Fastball,1,3,1,3,3,1,1,3,Standard,Strategic,226.0,-0.03,-0.081,,,,,0.081,,-2,-2,0.297,0.297,23,30,24,31,1,3,4.0,3.0,,1.0,1.14,0.62,-0.62,47.2,,,,,
FF,2025-10-31,98.0,-2.18,6.07,"Sasaki, Roki",664770,808963,,ball,,,,,11.0,,W,L,R,TOR,LAD,B,,,2,1,2025,-0.87,1.21,-1.132044031876068,3.144512212975357,,,543807.0,0,8,Bot,,,,,,,4.910623010785794,-142.58831827446605,-5.220767826531482,-13.082463384150184,35.41045511303339,-14.727889632594808,3.34291740447929,1.4731016953258,,,,98.9,2263.0,7.0,813025,669257,518692,500743,571970,605141,571771,669242,681624,53.53,,,,,,,,61,4,4-Seam Fastball,1,3,1,3,3,1,1,3,Standard,Strategic,225.0,0.036,0.116,,,,,-0.116,,-2,-2,0.261,0.261,23,30,24,31,1,3,4.0,3.0,,1.0,1.18,0.87,-0.87,45.8,,,,,
FO,2025-10-31,84.4,-1.98,6.15,"Sasaki, Roki",664770,808963,,ball,,,,,11.0,,W,L,R,TOR,LAD,B,,,1,1,2025,-0.47,-0.38,-1.7736152132253715,3.743517876514946,,,543807.0,0,8,Bot,,,,,,,1.4324552012375986,-122.72638274156964,1.6701569967726573,-4.9763219647718,28.6947706214821,-36.585311278914496,3.33390280581847,1.49288033589553,,,,84.4,518.0,6.7,813025,669257,518692,500743,571970,605141,571771,669242,681624,53.76,,,,,,,,61,3,Forkball,1,3,1,3,3,1,1,3,Standard,Standard,313.0,0.016,0.044,,,,,-0.044,,-2,-2,0.245,0.245,23,30,24,31,1,3,4.0,3.0,,1.0,3.63,0.47,-0.47,50.7,,,,,
FF,2025-10-31,97.8,-1.97,6.08,"Sasaki, Roki",664770,808963,,called_strike,,,,,8.0,,W,L,R,TOR,LAD,S,,,1,0,2025,-0.93,1.18,0.1846145445211662,1.799329293345666,,,543807.0,0,8,Bot,,,,,,,8.058218012254484,-141.94517645411764,-8.83607140231143,-14.423775533722946,34.36530455454985,-14.29155493886396,3.24939307084206,1.46591865973217,,,,98.8,2192.0,7.1,813025,669257,518692,500743,571970,605141,571771,669242,681624,53.4,,,,,,,,61,2,4-Seam Fastball,1,3,1,3,3,1,1,3,Standard,Strategic,226.0,-0.016,-0.048,,,,,0.048,,-2,-2,0.261,0.261,23,30,24,31,1,3,4.0,3.0,,1.0,1.23,0.93,-0.93,48.8,,,,,
FF,2025-10-31,97.9,-2.21,6.04,"Sasaki, Roki",664770,808963,,ball,,,,,13.0,,W,L,R,TOR,LAD,B,,,0,0,2025,-1.0,1.27,-1.3294731558381545,2.28037931961763,,,543807.0,0,8,Bot,,,,,,,4.758750023430036,-142.3492697442698,-7.636137560993983,-14.65605263886306,35.13940505247749,-13.31171323852606,3.14974691250455,1.4522004328284,,,,98.9,2199.0,7.1,813025,669257,518692,500743,571970,605141,571771,669242,681624,53.44,,,,,,,,61,1,4-Seam Fastball,1,3,1,3,3,1,1,3,Standard,Standard,226.0,0.012,0.04,,,,,-0.04,,-2,-2,0.249,0.249,23,30,24,31,1,3,4.0,3.0,,1.0,1.13,1.0,-1.0,45.8,,,,,
FO,2025-10-31,86.4,-2.05,6.11,"Sasaki, Roki",543807,808963,single,hit_into_play,,,,,4.0,George Springer singles on a ground ball to right fielder Andy Pages.,W,R,R,TOR,LAD,X,9.0,ground_ball,2,2,2025,0.1,-0.49,-0.55668944840051,2.4197127202273827,,,,0,8,Bot,196.12,133.84,,,,,3.3933600041922234,-125.72765319573568,-1.5228841970395273,0.3195985350776967,27.887164403654367,-37.196244082397484,3.55,1.64,8.0,72.2,-14.0,87.3,515.0,7.1,813025,669257,518692,500743,571970,605141,571771,669242,681624,53.41,0.048,0.047,0.9,1.0,1.0,0.0,2.0,60,5,Forkball,1,3,1,3,3,1,1,3,Standard,Standard,339.0,0.089,0.465,48.0,5.5,,0.049,-0.465,88.0,-2,-2,0.16,0.16,23,35,24,36,1,3,4.0,4.0,,1.0,3.56,-0.1,-0.1,48.9,-14.65074583841086,29.93248003188803,29.44949071859863,28.46676493511203,6.826507414954683
FF,2025-10-31,100.4,-2.13,6.02,"Sasaki, Roki",543807,808963,,foul,,,,,1.0,,W,R,R,TOR,LAD,S,,,2,1,2025,-1.11,1.09,-0.4927975679815841,3.5961409273566223,,,,0,8,Bot,,,,,,,7.281663373702902,-145.91331683406426,-3.951016901466646,-17.651849352094498,36.11400742145181,-15.877871394950487,3.55,1.64,146.0,57.5,52.0,101.6,2212.0,7.1,813025,669257,518692,500743,571970,605141,571771,669242,681624,53.37,,,,,,,,60,4,4-Seam Fastball,1,3,1,3,3,1,1,3,Standard,Standard,227.0,-0.015,-0.073,70.7,6.2,,,0.073,88.0,-2,-2,0.175,0.175,23,35,24,36,1,3,4.0,4.0,,1.0,1.19,1.11,1.11,47.8,4.903441780378692,24.92195709165527,28.173137948532688,28.91745869810661,14.976252114892294
FF,2025-10-31,100.1,-2.18,6.03,"Sasaki, Roki",543807,808963,,called_strike,,,,,1.0,,W,R,R,TOR,LAD,S,,,2,0,2025,-1.04,1.05,-0.5942948836260034,3.5442501896688854,,,,0,8,Bot,,,,,,,6.945455311174142,-145.51687301358183,-4.005279445915552,-16.440899086684727,35.68533988206226,-16.486544034597333,3.62370668607096,1.68456107408277,,,,101.3,2141.0,7.1,813025,669257,518692,500743,571970,605141,571771,669242,681624,53.39,,,,,,,,60,3,4-Seam Fastball,1,3,1,3,3,1,1,3,Standard,Standard,228.0,-0.017,-0.072,,,,,0.072,,-2,-2,0.192,0.192,23,35,24,36,1,3,4.0,4.0,,1.0,1.24,1.04,1.04,45.6,,,,,
FF,2025-10-31,98.1,-2.23,6.08,"Sasaki, Roki",543807,808963,,ball,,,,,11.0,,W,R,R,TOR,LAD,B,,,1,0,2025,-1.02,1.19,-1.3153016436136369,4.251906268962864,,,,0,8,Bot,,,,,,,4.907078358030736,-142.8101314348589,-2.232633780272926,-15.135644752699768,35.36983969952742,-15.609713955723258,3.52351376390705,1.66138058678744,,,,99.1,2158.0,7.0,813025,669257,518692,500743,571970,605141,571771,669242,681624,53.48,,,,,,,,60,2,4-Seam Fastball,1,3,1,3,3,1,1,3,Standard,Standard,225.0,0.017,0.077,,,,,-0.077,,-2,-2,0.175,0.175,23,35,24,36,1,3,4.0,4.0,,1.0,1.19,1.02,1.02,45.5,,,,,
FO,2025-10-31,86.7,-1.98,6.14,"Sasaki, Roki",543807,808963,,ball,,,,,8.0,,W,R,R,TOR,LAD,B,,,0,0,2025,-0.54,-0.94,0.2275753211068287,1.6874602620706938,,,,0,8,Bot,,,,,,,6.472130753098875,-125.9684141825404,-2.441855907325274,-7.192186454100441,29.37536495347359,-41.69903336523687,3.51147113778198,1.68495576565105,,,,87.2,523.0,7.1,813025,669257,518692,500743,571970,605141,571771,669242,681624,53.45,,,,,,,,60,1,Forkball,1,3,1,3,3,1,1,3,Standard,Standard,304.0,0.008,0.041,,,,,-0.041,,-2,-2,0.167,0.167,23,35,24,36,1,3,4.0,4.0,,1.0,4.01,0.54,0.54,51.4,,,,,
FF,2025-10-27,98.2,-2.0,6.13,"Sasaki, Roki",664702,808963,force_out,hit_into_play,,,,,13.0,"Myles Straw grounds into a force out, third baseman Max Muncy to second baseman Tommy Edman. Alejandro Kirk out at 2nd.",W,R,R,LAD,TOR,X,5.0,ground_ball,1,1,2025,-0.6,1.19,-1.186071134245987,2.4155482358983384,,662139.0,672386.0,2,9,Top,96.17,159.95,,,,,3.647116797598897,-142.8471015414526,-7.456803920723527,-9.00597359670082,32.85859444136523,-14.315360612828416,3.44,1.62,7.0,80.6,-20.0,99.7,2114.0,7.1,813032,669257,518692,669242,571970,605141,571771,681624,606192,53.38,0.069,0.067,0.0,1.0,0.0,0.0,2.0,78,3,4-Seam Fastball,5,5,5,5,5,5,5,5,Standard,Standard,217.0,0.111,-0.253,62.8,5.8,,0.093,0.253,88.0,0,0,0.528,0.472,23,30,24,31,1,0,10.0,3.0,4.0,1.0,1.17,0.6,0.6,42.3,-1.585896825880644,-1.803951202506483,36.62817556794823,19.963081117753585,26.62917284957186
FF,2025-10-27,97.4,-2.14,6.08,"Sasaki, Roki",664702,808963,,foul,,,,,5.0,,W,R,R,LAD,TOR,S,,,1,0,2025,-0.38,1.22,-0.0248653875791723,2.294970644477422,,662139.0,672386.0,2,9,Top,,,,,,,6.651499866655261,-141.62976894264605,-7.558596628689995,-6.642783533003278,32.25712746660777,-14.137357264556131,3.44,1.62,138.0,84.9,76.0,98.9,2096.0,7.1,813032,669257,518692,669242,571970,605141,571771,681624,606192,53.37,,,,,,,,78,2,4-Seam Fastball,5,5,5,5,5,5,5,5,Standard,Standard,224.0,0.012,-0.052,79.5,7.6,,,0.052,88.0,0,0,0.516,0.484,23,30,24,31,1,0,10.0,3.0,4.0,1.0,1.18,0.38,0.38,43.5,13.431572713208135,-17.894796744169913,33.32830909162252,32.8588358262819,36.790024889544696
FO,2025-10-27,85.0,-2.03,6.08,"Sasaki, Roki",664702,808963,,ball,,,,,13.0,,W,R,R,LAD,TOR,B,,,0,0,2025,-0.71,-0.62,-1.054539984647199,1.3392524602228275,,662139.0,672386.0,2,9,Top,,,,,,,3.787696417680725,-123.76576421715424,-3.5793781144527057,-8.073305188254247,25.617268220575912,-38.03385615586296,3.30798912346647,1.52597720750977,,,,86.5,558.0,7.3,813032,669257,518692,669242,571970,605141,571771,681624,606192,53.17,,,,,,,,78,1,Forkball,5,5,5,5,5,5,5,5,Standard,Standard,296.0,-0.006,0.024,,,,,-0.024,,0,0,0.522,0.478,23,30,24,31,1,0,10.0,3.0,4.0,1.0,3.78,0.71,0.71,48.0,,,,,
FO,2025-10-27,84.8,-2.12,6.0,"Sasaki, Roki",672386,808963,walk,ball,,,,,13.0,Alejandro Kirk walks. Daulton Varsho to 2nd.,W,R,R,LAD,TOR,B,,,3,1,2025,-0.5,-0.52,-1.8663384310979647,1.0393203307072263,,,662139.0,2,9,Top,,,,,,,1.624933555250996,-123.4092923608064,-4.241053587839994,-5.442733060861133,26.39312169251622,-36.79579552509413,3.14639776381132,1.49000100834669,,,,86.1,656.0,7.3,813032,669257,518692,669242,571970,605141,571771,681624,606192,53.22,,0.691497,0.7,1.0,0.0,0.0,,77,5,Forkball,5,5,5,5,5,5,5,5,Standard,Standard,285.0,-0.031,0.147,,,,,-0.147,,0,0,0.553,0.447,23,26,24,27,1,4,10.0,2.0,4.0,1.0,3.71,0.5,0.5,47.7,,,,,
FF,2025-10-27,97.3,-2.12,6.09,"Sasaki, Roki",672386,808963,,ball,,,,,12.0,,W,R,R,LAD,TOR,B,,,2,1,2025,-0.32,1.06,0.8373098035634238,2.5811614612838545,,,662139.0,2,9,Top,,,,,,,8.812541800196936,-141.3843969356,-6.428562042771365,-6.287047709135222,31.3657033903032,-16.63065909476914,3.18806216391176,1.49000115280121,,,,99.0,1972.0,7.3,813032,669257,518692,669242,571970,605141,571771,681624,606192,53.23,,,,,,,,77,4,4-Seam Fastball,5,5,5,5,5,5,5,5,Standard,Standard,219.0,-0.016,0.079,,,,,-0.079,,0,0,0.569,0.431,23,26,24,27,1,4,10.0,2.0,4.0,1.0,1.35,0.32,0.32,43.1,,,,,
FO,2025-10-27,86.0,-2.06,6.03,"Sasaki, Roki",672386,808963,,called_strike,,,,,8.0,,W,R,R,LAD,TOR,S,,,2,0,2025,-0.33,0.43,-0.1262758874367137,1.797356217686716,,,662139.0,2,9,Top,,,,,,,5.343535952194026,-125.11254366429309,-4.739202624955165,-4.522272699368614,25.37702063184357,-26.87432781152837,3.32033429641026,1.48999966302524,,,,87.5,622.0,7.3,813032,669257,518692,669242,571970,605141,571771,681624,606192,53.22,,,,,,,,77,3,Forkball,5,5,5,5,5,5,5,5,Standard,Standard,285.0,0.011,-0.044,,,,,0.044,,0,0,0.558,0.442,23,26,24,27,1,4,10.0,2.0,4.0,1.0,2.65,0.33,0.33,46.3,,,,,
FF,2025-10-27,97.3,-2.13,6.11,"Sasaki, Roki",672386,808963,,ball,,,,,11.0,,W,R,R,LAD,TOR,B,,,1,0,2025,-0.25,1.24,-0.8821654670811543,3.264245355130257,,,662139.0,2,9,Top,,,,,,,3.979210342468128,-141.56432929753822,-5.025583231094278,-4.209525370870381,32.51856061957696,-14.57802663538786,3.2062807211281,1.49000114991177,,,,98.7,2070.0,7.1,813032,669257,518692,669242,571970,605141,571771,681624,606192,53.4,,,,,,,,77,2,4-Seam Fastball,5,5,5,5,5,5,5,5,Standard,Standard,216.0,-0.011,0.048,,,,,-0.048,,0,0,0.569,0.431,23,26,24,27,1,4,10.0,2.0,4.0,1.0,1.17,0.25,0.25,41.6,,,,,
FO,2025-10-27,84.0,-2.04,6.11,"Sasaki, Roki",672386,808963,,ball,,,,,13.0,,W,R,R,LAD,TOR,B,,,0,0,2025,-0.18,0.23,-1.080820270509924,2.156739977122516,,,662139.0,2,9,Top,,,,,,,2.611332925468877,-122.32834917943448,-3.2115000935758458,-2.366830807257116,25.46308482622635,-29.45874998946961,3.20127298194658,1.48999970749426,,,,85.0,628.0,7.0,813032,669257,518692,669242,571970,605141,571771,681624,606192,53.49,,,,,,,,77,1,Forkball,5,5,5,5,5,5,5,5,Standard,Standard,289.0,-0.005,0.035,,,,,-0.035,,0,0,0.574,0.426,23,26,24,27,1,4,10.0,2.0,4.0,1.0,3.01,0.18,0.18,48.2,,,,,
FO,2025-10-27,85.6,-2.0,5.99,"Sasaki, Roki",662139,808963,single,hit_into_play,,,,,14.0,"Daulton Varsho singles on a line drive to second baseman Tommy Edman, deflected by first baseman Freddie Freeman. Isiah Kiner-Falefa out at 3rd, second baseman Tommy Edman to third baseman Max Muncy.",W,L,R,LAD,TOR,X,3.0,line_drive,3,2,2025,-0.22,-0.24,0.0918378718655282,1.1521703234366574,,,643396.0,1,9,Top,170.75,151.95,,,,,5.4767549010094925,-124.44815903023554,-4.6218097801162425,-3.463650345416047,28.44414876455722,-33.83253187391961,3.38,1.56,,,,86.6,526.0,7.3,813032,669257,518692,669242,571970,605141,571771,681624,606192,53.23,,,0.9,,1.0,0.0,,76,6,Forkball,5,5,5,5,5,5,5,5,Standard,Strategic,317.0,0.086,0.341,76.4,8.6,,,-0.341,,0,0,0.488,0.512,23,28,24,29,1,4,10.0,2.0,4.0,1.0,3.39,0.22,-0.22,46.0,17.47925749707072,-16.038389907122465,39.22478348163772,34.79052181195225,36.68367153486294
FO,2025-10-27,85.1,-2.08,6.12,"Sasaki, Roki",662139,808963,,ball,,,,,11.0,,W,L,R,LAD,TOR,B,,,2,2,2025,-0.74,0.18,-2.234199041281239,3.295529085630983,,,643396.0,1,9,Top,,,,,,,1.1665953020855402,-123.9456482709372,-0.6199828083661283,-7.868120860219848,27.00682889918852,-30.408810418483668,3.39955054183686,1.56000105013546,,,,86.2,628.0,7.2,813032,669257,518692,669242,571970,605141,571771,681624,606192,53.32,,,,,,,,76,5,Forkball,5,5,5,5,5,5,5,5,Standard,Strategic,292.0,-0.023,0.098,,,,,-0.098,,0,0,0.511,0.489,23,28,24,29,1,4,10.0,2.0,4.0,1.0,2.98,0.74,-0.74,47.9,,,,,
FF,2025-10-27,98.4,-2.17,6.09,"Sasaki, Roki",662139,808963,,foul,,,,,1.0,,W,L,R,LAD,TOR,S,,,2,1,2025,-0.48,1.36,-0.3931604273710634,2.9272760508297084,,,643396.0,1,9,Top,,,,,,,6.033844633491813,-142.9893945575832,-6.291422941566121,-8.041169200547959,37.57756508386716,-12.274829709270952,3.38,1.56,200.0,76.7,59.0,99.3,2129.0,7.2,813032,669257,518692,669242,571970,605141,571771,681624,606192,53.29,,,,,,,,76,4,4-Seam Fastball,5,5,5,5,5,5,5,5,Standard,Strategic,223.0,0.019,-0.075,75.4,7.3,,,0.075,88.0,0,0,0.492,0.508,23,28,24,29,1,4,10.0,2.0,4.0,1.0,1.03,0.48,-0.48,44.8,4.69328627586209,17.338593584841053,23.873072833766912,39.44664959242042,19.0412427427661
FO,2025-10-27,86.7,-1.96,6.08,"Sasaki, Roki",662139,808963,,blocked_ball,,,,,14.0,,W,L,R,LAD,TOR,B,,,1,1,2025,-0.27,-0.1,0.3255147787097443,-0.4226593200921473,,,643396.0,1,9,Top,,,,,,,6.114553201142504,-125.90146911691112,-9.233386438773517,-4.170855199914967,27.23571987500496,-31.39643956256254,3.40767719620071,1.56000047419644,,,,88.0,659.0,7.3,813032,669257,518692,669242,571970,605141,571771,681624,606192,53.16,,,,,,,,76,3,Forkball,5,5,5,5,5,5,5,5,Standard,Strategic,275.0,-0.012,0.063,,,,,-0.063,,0,0,0.504,0.496,23,28,24,29,1,4,10.0,2.0,4.0,1.0,3.16,0.27,-0.27,47.5,,,,,
FO,2025-10-27,86.8,-2.02,6.04,"Sasaki, Roki",662139,808963,,swinging_strike,,,,,14.0,,W,L,R,LAD,TOR,S,,,1,0,2025,-0.58,0.46,0.3310298822311538,1.0542048867188578,,,643396.0,1,9,Top,,,,,,,6.937093668565254,-126.09374057948295,-6.747626082326399,-7.659710960094964,27.561236099370912,-25.96320450440305,3.38,1.56,,,,88.1,610.0,7.4,813032,669257,518692,669242,571970,605141,571771,681624,606192,53.12,,,,,,,,76,2,Forkball,5,5,5,5,5,5,5,5,Standard,Strategic,291.0,0.012,-0.056,72.3,9.7,7.09302006,,0.056,,0,0,0.492,0.508,23,28,24,29,1,4,10.0,2.0,4.0,1.0,2.59,0.58,-0.58,53.0,30.773497338831245,-51.332249636617696,33.546437833249165,31.694503755568324,52.45070492150598
FO,2025-10-27,83.8,-1.99,6.06,"Sasaki, Roki",662139,808963,,ball,,,,,13.0,,W,L,R,LAD,TOR,B,,,0,0,2025,-0.51,-0.5,-1.1123679062739862,1.8122684683132075,,,643396.0,1,9,Top,,,,,,,3.0807249735850952,-121.88665848651053,-2.359365485358264,-5.72916918673424,27.078762266930596,-36.78976678222304,3.37285907863978,1.55999973811575,,,,84.6,438.0,7.2,813032,669257,518692,669242,571970,605141,571771,681624,606192,53.35,,,,,,,,76,1,Forkball,5,5,5,5,5,5,5,5,Standard,Strategic,297.0,-0.008,0.035,,,,,-0.035,,0,0,0.5,0.5,23,28,24,29,1,4,10.0,2.0,4.0,1.0,3.78,0.51,-0.51,46.6,,,,,
SI,2025-10-27,97.1,-2.12,6.03,"Sasaki, Roki",643396,808963,walk,ball,,,,,11.0,Isiah Kiner-Falefa walks.,W,R,R,LAD,TOR,B,,,3,1,2025,-1.23,0.87,-0.9618737389931412,2.734272628671262,,,,1,9,Top,,,,,,,6.03311648847003,-141.2851962314114,-5.368057400347527,-17.82376614982604,32.53459662681245,-19.531753892594743,3.23648340609551,1.47000045378824,,,,98.9,1930.0,7.3,813032,669257,518692,669242,571970,605141,571771,681624,606192,53.17,,0.691497,0.7,1.0,0.0,0.0,,75,5,Sinker,5,5,5,5,5,5,5,5,Standard,Standard,219.0,-0.035,0.253,,,,,-0.253,,0,0,0.535,0.465,23,30,24,30,1,0,10.0,2.0,4.0,1.0,1.55,1.23,1.23,41.3,,,,,
FF,2025-10-27,99.1,-2.2,5.97,"Sasaki, Roki",643396,808963,,called_strike,,,,,4.0,,W,R,R,LAD,TOR,S,,,3,0,2025,-0.81,1.29,-0.3757884332335323,2.5937539608082694,,,,1,9,Top,,,,,,,7.004072116166766,-144.0294078029382,-6.9140636145877,-12.95576062445256,33.81781518159941,-12.790526778536227,3.24710326630163,1.47000133607823,,,,100.8,2046.0,7.3,813032,669257,518692,669242,571970,605141,571771,681624,606192,53.18,,,,,,,,75,4,4-Seam Fastball,5,5,5,5,5,5,5,5,Standard,Standard,225.0,0.012,-0.088,,,,,0.088,,0,0,0.523,0.477,23,30,24,30,1,0,10.0,2.0,4.0,1.0,1.04,0.81,0.81,43.0,,,,,
FF,2025-10-27,97.9,-2.21,6.04,"Sasaki, Roki",643396,808963,,ball,,,,,11.0,,W,R,R,LAD,TOR,B,,,2,0,2025,-0.4,1.26,-0.0840871152135488,3.862426894476502,,,,1,9,Top,,,,,,,6.794059671106299,-142.43639937269188,-3.323683800735743,-7.073753771005493,33.40647029330061,-14.525274417496965,3.31640677141893,1.46999917131507,,,,99.4,1962.0,7.2,813032,669257,518692,669242,571970,605141,571771,681624,606192,53.3,,,,,,,,75,3,4-Seam Fastball,5,5,5,5,5,5,5,5,Standard,Standard,221.0,-0.018,0.143,,,,,-0.143,,0,0,0.541,0.459,23,30,24,30,1,0,10.0,2.0,4.0,1.0,1.13,0.4,0.4,43.7,,,,,
FF,2025-10-27,98.6,-2.2,6.07,"Sasaki, Roki",643396,808963,,ball,,,,,11.0,,W,R,R,LAD,TOR,B,,,1,0,2025,-0.62,1.21,-1.0241470260271694,3.770273983609364,,,,1,9,Top,,,,,,,4.739523750713042,-143.53255114331742,-3.663598572370466,-9.72592064858316,34.29688707012411,-14.772977796128789,3.21897704258171,1.47000097535809,,,,100.3,2144.0,7.3,813032,669257,518692,669242,571970,605141,571771,681624,606192,53.21,,,,,,,,75,2,4-Seam Fastball,5,5,5,5,5,5,5,5,Standard,Standard,218.0,-0.011,0.071,,,,,-0.071,,0,0,0.552,0.448,23,30,24,30,1,0,10.0,2.0,4.0,1.0,1.14,0.62,0.62,42.3,,,,,
FF,2025-10-27,98.4,-2.19,6.09,"Sasaki, Roki",643396,808963,,ball,,,,,11.0,,W,R,R,LAD,TOR,B,,,0,0,2025,-0.54,1.29,-0.9414960505799792,3.1445020497308662,,,,1,9,Top,,,,,,,4.731651000335323,-143.17451105509673,-5.583004828215887,-8.522225769531856,34.65041698554518,-13.412659343234717,3.267366795412,1.47000112129468,,,,99.9,2093.0,7.2,813032,669257,518692,669242,571970,605141,571771,681624,606192,53.28,,,,,,,,75,1,4-Seam Fastball,5,5,5,5,5,5,5,5,Standard,Standard,221.0,-0.006,0.039,,,,,-0.039,,0,0,0.558,0.442,23,30,24,30,1,0,10.0,2.0,4.0,1.0,1.08,0.54,0.54,44.6,,,,,
FF,2025-10-27,98.1,-2.2,6.07,"Sasaki, Roki",665489,808963,field_out,hit_into_play,,,,,4.0,Vladimir Guerrero Jr. flies out to right fielder Teoscar Hernández.,W,R,R,LAD,TOR,X,9.0,fly_ball,1,1,2025,-0.62,1.26,-0.3800228440609677,2.763357889272592,,,,0,9,Top,172.63,81.62,,,,,6.4753488773481385,-142.6200358730867,-6.444247793201986,-10.050021544089176,35.458085214118995,-13.657783080578412,3.63,1.6,314.0,92.1,31.0,99.5,2092.0,7.3,813032,669257,518692,669242,571970,605141,571771,681624,606192,53.19,0.073,0.108,0.0,1.0,0.0,0.0,3.0,74,3,4-Seam Fastball,5,5,5,5,5,5,5,5,Standard,Standard,223.0,0.055,-0.251,77.7,7.2,,0.198,0.251,92.1,0,0,0.503,0.497,23,26,24,26,1,4,10.0,2.0,4.0,1.0,1.13,0.62,0.62,42.1,-1.4889470679292378,-1.626919446180786,32.080558368179986,31.256926744468025,29.69536387703464
FO,2025-10-27,86.7,-2.12,6.12,"Sasaki, Roki",665489,808963,,called_strike,,,,,7.0,,W,R,R,LAD,TOR,S,,,1,0,2025,-0.48,-0.16,-0.8171152419447443,1.922533489213678,,,,0,9,Top,,,,,,,4.160643237647854,-126.1699101094157,-3.480429722656181,-6.059090878906398,29.063694858256643,-33.25350477395335,3.75842887221357,1.60213361283531,,,,87.5,661.0,7.1,813032,669257,518692,669242,571970,605141,571771,681624,606192,53.42,,,,,,,,74,2,Forkball,5,5,5,5,5,5,5,5,Standard,Standard,298.0,0.011,-0.05,,,,,0.05,,0,0,0.492,0.508,23,26,24,26,1,4,10.0,2.0,4.0,1.0,3.22,0.48,0.48,46.5,,,,,
FF,2025-10-27,98.6,-2.1,6.09,"Sasaki, Roki",665489,808963,,ball,,,,,13.0,,W,R,R,LAD,TOR,B,,,0,0,2025,-0.79,1.16,-0.5976468868884051,1.4886079794001446,,,,0,9,Top,,,,,,,6.022895145555995,-143.20016881265738,-9.843898855055446,-12.334503477146477,35.43416405057698,-14.081336997981706,3.75489754034622,1.80872597485536,,,,99.8,2076.0,7.2,813032,669257,518692,669242,571970,605141,571771,681624,606192,53.3,,,,,,,,74,1,4-Seam Fastball,5,5,5,5,5,5,5,5,Standard,Standard,224.0,-0.008,0.041,,,,,-0.041,,0,0,0.5,0.5,23,26,24,26,1,4,10.0,2.0,4.0,1.0,1.21,0.79,0.79,40.2,,,,,
FO,2025-10-27,84.9,-2.04,6.06,"Sasaki, Roki",664770,808963,field_out,hit_into_play,,,,,13.0,"Nathan Lukes grounds out, pitcher Roki Sasaki to first baseman Freddie Freeman.",W,L,R,LAD,TOR,X,1.0,ground_ball,2,2,2025,-0.11,-0.31,-1.0242802839881706,2.313303386030108,664702.0,665926.0,,2,8,Top,129.71,182.5,,,,,2.6442967692495567,-123.47450429489,-1.7175658509895206,-1.7392554809891283,28.496503269540952,-35.18044207296575,3.35,1.54,5.0,79.4,-25.0,85.7,515.0,7.2,813032,669257,518692,669242,571970,605141,571771,681624,606192,53.28,0.048,0.047,0.0,1.0,0.0,0.0,2.0,70,5,Forkball,5,5,5,5,5,5,5,5,Standard,Standard,316.0,0.1,-0.229,65.8,6.8,,0.048,0.229,88.0,0,0,0.508,0.492,23,30,24,31,1,4,10.0,2.0,4.0,1.0,3.52,0.11,-0.11,46.8,7.346248310499548,16.336867889429875,25.447179319717968,52.490033317381744,17.47126629511986
FO,2025-10-27,86.2,-2.13,6.04,"Sasaki, Roki",664770,808963,,blocked_ball,,,,,13.0,,W,L,R,LAD,TOR,B,,,1,2,2025,-0.75,-0.14,-1.2255552906756848,0.4615099190057332,664702.0,665926.0,,2,8,Top,,,,,,,3.7379519568862616,-125.27864885334203,-6.811072544107076,-8.625532876035269,26.78300925697262,-32.41145143462866,3.29610718162409,1.54000087554594,,,,87.6,568.0,7.4,813032,669257,518692,669242,571970,605141,571771,681624,606192,53.1,,,,,,,,70,4,Forkball,5,5,5,5,5,5,5,5,Standard,Standard,287.0,-0.017,0.023,,,,,-0.023,,0,0,0.525,0.475,23,30,24,31,1,4,10.0,2.0,4.0,1.0,3.23,0.75,-0.75,46.6,,,,,
FO,2025-10-27,83.7,-1.97,6.09,"Sasaki, Roki",664770,808963,,swinging_strike,,,,,14.0,,W,L,R,LAD,TOR,S,,,1,1,2025,0.05,-0.58,0.4931399949251233,1.0828341730032158,664702.0,665926.0,,2,8,Top,,,,,,,5.6408523128469055,-121.6031445032014,-3.895622182947883,-0.769811492279214,27.67655849226097,-37.2085419362002,3.35,1.54,,,,84.0,481.0,6.9,813032,669257,518692,669242,571970,605141,571771,681624,606192,53.56,,,,,,,,70,3,Forkball,5,5,5,5,5,5,5,5,Standard,Standard,312.0,0.029,-0.064,58.7,7.5,0.143500812,,0.064,,0,0,0.496,0.504,23,30,24,31,1,4,10.0,2.0,4.0,1.0,3.89,-0.05,0.05,48.6,22.3537669644911,-23.533116782519485,30.231035584929167,34.626491152413365,43.42365599618495
FO,2025-10-27,83.6,-2.01,6.09,"Sasaki, Roki",664770,808963,,ball,,,,,13.0,,W,L,R,LAD,TOR,B,,,0,1,2025,0.1,-0.18,-1.0501321373578556,2.4362664692146727,664702.0,665926.0,,2,8,Top,,,,,,,2.0238617208416145,-121.65366227264388,-1.5924735377460395,0.59162817545178,26.142724098417062,-33.7940808650265,3.46993654275764,1.5860647551448,,,,84.2,506.0,6.9,813032,669257,518692,669242,571970,605141,571771,681624,606192,53.6,,,,,,,,70,2,Forkball,5,5,5,5,5,5,5,5,Standard,Standard,323.0,-0.012,0.002,,,,,-0.002,,0,0,0.508,0.492,23,30,24,31,1,4,10.0,2.0,4.0,1.0,3.46,-0.1,0.1,46.1,,,,,
FO,2025-10-27,85.3,-2.04,6.01,"Sasaki, Roki",664770,808963,,swinging_strike_blocked,,,,,13.0,,W,L,R,LAD,TOR,S,,,0,0,2025,-0.55,-0.64,-0.4652431361655893,0.6270770679058284,664702.0,665926.0,,2,8,Top,,,,,,,4.87868809511555,-123.91111771309892,-4.989888872110697,-6.702688960278984,29.56804692953324,-37.71276108188226,3.35,1.54,,,,85.9,495.0,7.2,813032,669257,518692,669242,571970,605141,571771,681624,606192,53.31,,,,,,,,70,1,Forkball,5,5,5,5,5,5,5,5,Standard,Standard,307.0,0.018,-0.036,64.6,7.9,11.061682488,,0.036,,0,0,0.49,0.51,23,30,24,31,1,4,10.0,2.0,4.0,1.0,3.83,0.55,-0.55,46.2,24.81811269349844,-27.052477000347327,28.31279848402684,46.49306470346343,50.278387045210536
FF,2025-10-27,97.5,-2.02,6.02,"Sasaki, Roki",664034,808963,field_out,hit_into_play,,,,,4.0,"Ty France grounds out, third baseman Max Muncy to first baseman Freddie Freeman. Myles Straw to 3rd. Andrés Giménez to 2nd.",W,R,R,LAD,TOR,X,5.0,ground_ball,1,0,2025,-1.03,1.31,-0.802982932975694,2.4986172202033683,,664702.0,665926.0,1,8,Top,100.97,166.66,,,,,5.737791488917301,-141.7169966340502,-7.029606418696385,-15.168217937624624,35.0762774080489,-13.02824701375844,3.28,1.52,63.0,49.7,9.0,98.6,2142.0,7.2,813032,669257,518692,669242,571970,605141,571771,681624,606192,53.34,0.112,0.104,0.0,1.0,0.0,0.0,1.0,69,2,4-Seam Fastball,5,5,5,5,5,5,5,5,Standard,Standard,222.0,0.073,-0.345,74.3,7.5,,0.129,0.345,88.0,0,0,0.417,0.583,23,30,24,31,1,1,10.0,36.0,4.0,1.0,1.1,1.03,1.03,46.1,5.904604406690966,-5.730974969354375,35.047785922288256,23.69011194693289,27.187784967900978
FO,2025-10-27,84.3,-2.1,5.99,"Sasaki, Roki",664034,808963,,ball,,,,,13.0,,W,R,R,LAD,TOR,B,,,0,0,2025,-0.64,-0.77,-1.3672779529967607,1.3275700953938094,,664702.0,665926.0,1,8,Top,,,,,,,3.032305532285076,-122.66742739903935,-2.854420119940386,-7.047864988070812,29.070498433179875,-39.37354113291238,3.08505933787757,1.44185235247499,,,,85.3,466.0,7.4,813032,669257,518692,669242,571970,605141,571771,681624,606192,53.13,,,,,,,,69,1,Forkball,5,5,5,5,5,5,5,5,Standard,Standard,308.0,-0.011,0.031,,,,,-0.031,,0,0,0.428,0.572,23,30,24,31,1,1,10.0,36.0,4.0,1.0,4.03,0.64,0.64,46.3,,,,,
FF,2025-10-17,97.7,-2.03,6.08,"Sasaki, Roki",702332,808963,field_out,hit_into_play,,,,,2.0,Caleb Durbin flies out to right fielder Andy Pages.,L,R,R,LAD,MIL,X,9.0,fly_ball,0,0,2025,-0.8,1.24,-0.1863074469493666,2.8264226796330867,,,686217.0,2,9,Top,210.56,86.05,,,,,6.866717576839115,-141.96969190728606,-6.134995624794055,-12.372768009951397,34.18387652000184,-14.230673626751654,3.25,1.48,348.0,99.3,31.0,98.5,2165.0,6.9,813031,669257,518692,669242,571970,605141,571771,681909,681624,53.56,0.39,0.7534117647058826,0.0,1.0,0.0,0.0,6.0,69,1,4-Seam Fastball,5,1,1,5,1,5,1,5,Standard,Standard,221.0,0.004,-0.271,68.9,6.1,,1.48,0.271,99.3,4,-4,0.996,0.004,23,25,24,25,1,3,1.0,1.0,10.0,,1.17,0.8,0.8,45.3,6.3431677679190965,10.97814903858426,26.461019910679727,34.42678857056664,21.12918106283235
FO,2025-10-17,84.9,-1.88,6.13,"Sasaki, Roki",686217,808963,force_out,hit_into_play,,,,,8.0,"Sal Frelick grounds into a force out, second baseman Tommy Edman to shortstop Mookie Betts. William Contreras out at 2nd. Sal Frelick to 1st.",L,L,R,LAD,MIL,X,4.0,ground_ball,0,1,2025,-0.37,-0.53,0.0031269692311035,1.331615606078865,,,661388.0,1,9,Top,161.24,160.69,,,,,5.223679784143141,-123.43525911076416,-3.770857593900918,-4.9056324293365705,28.1878922577358,-36.953011352784905,3.07,1.45,87.0,71.9,8.0,85.5,474.0,7.0,813031,669257,518692,669242,571970,605141,571771,681909,681624,53.47,0.308,0.277,0.0,1.0,0.0,0.0,2.0,68,2,Forkball,5,1,1,5,1,5,1,5,Standard,Standard,321.0,0.009,-0.278,47.4,7.6,,0.311,0.278,88.0,4,-4,0.987,0.013,23,25,24,25,1,3,1.0,1.0,10.0,,3.74,0.37,-0.37,48.3,7.081752688981962,-6.569643219356045,37.42456221665108,33.448400383925645,29.968756847446656
FF,2025-10-17,97.9,-2.08,6.09,"Sasaki, Roki",686217,808963,,foul,,,,,5.0,,L,L,R,LAD,MIL,S,,,0,0,2025,-0.83,1.34,-0.1142529658100283,2.4402564214232445,,,661388.0,1,9,Top,,,,,,,7.322727591885101,-142.2466876265332,-7.507497961695332,-12.955304971824344,33.88990093282056,-12.406590921636097,3.07,1.45,125.0,78.2,76.0,98.9,2130.0,7.0,813031,669257,518692,669242,571970,605141,571771,681909,681624,53.46,,,,,,,,68,1,4-Seam Fastball,5,1,1,5,1,5,1,5,Standard,Standard,225.0,0.002,-0.04,67.3,6.8,,,0.04,88.0,4,-4,0.985,0.015,23,25,24,25,1,3,1.0,1.0,10.0,,1.05,0.83,-0.83,45.8,6.75478278102251,0.2191499626600862,28.05542798247822,35.91439495267126,31.86784984440234
FF,2025-10-17,97.5,-2.08,5.96,"Sasaki, Roki",683734,808963,field_out,hit_into_play,,,,,8.0,Andrew Vaughn lines out to right fielder Andy Pages.,L,R,R,LAD,MIL,X,9.0,line_drive,0,1,2025,-0.73,1.26,0.0060516295930679,1.9846668844644395,,,661388.0,0,9,Top,177.74,77.64,,,,,7.425245599741416,-141.53119895311076,-8.144701113703302,-11.620076640542196,33.835198394311455,-13.544159497576748,3.17,1.51,327.0,98.1,23.0,98.7,2085.0,7.2,813031,669257,518692,669242,571970,605141,571771,681909,681624,53.29,0.242,0.38,0.0,1.0,0.0,0.0,5.0,67,2,4-Seam Fastball,5,1,1,5,1,5,1,5,Standard,Standard,225.0,0.016,-0.199,72.3,7.2,,0.703,0.199,98.1,4,-4,0.969,0.031,23,27,24,27,1,1,1.0,1.0,10.0,,1.16,0.73,0.73,42.1,4.604194192768283,3.907056597508805,33.57942604693149,37.35376981151469,25.860015985126324
FF,2025-10-17,97.5,-1.93,6.12,"Sasaki, Roki",683734,808963,,swinging_strike,,,,,11.0,,L,R,R,LAD,MIL,S,,,0,0,2025,-0.59,1.34,-0.2367112700034902,3.6840499161032136,,,661388.0,0,9,Top,,,,,,,5.981630368534525,-141.8167673123665,-4.146340801872501,-9.329046896306018,34.65496173596767,-13.353506081179184,3.17,1.51,,,,98.6,2119.0,7.1,813031,669257,518692,669242,571970,605141,571771,681909,681624,53.43,,,,,,,,67,1,4-Seam Fastball,5,1,1,5,1,5,1,5,Standard,Standard,225.0,0.003,-0.043,68.7,6.2,2.245767996,,0.043,,4,-4,0.966,0.034,23,27,24,27,1,1,1.0,1.0,10.0,,1.07,0.59,0.59,46.2,10.633342183222457,9.564362840765918,20.42121625489348,35.25038932296574,20.355417105378827
FO,2025-10-17,85.5,-1.96,6.13,"Sasaki, Roki",661388,808963,single,hit_into_play,,,,,1.0,William Contreras singles on a ground ball to center fielder Justin Dean.,L,R,R,LAD,MIL,X,8.0,ground_ball,1,2,2025,0.04,-0.64,-0.5025075586840425,3.1668063505366484,,,,0,9,Top,116.3,104.81,,,,,3.403426457984025,-124.46022500462897,0.6450480403061372,-0.3612679976743891,27.203105585273224,-39.11693689663693,3.39,1.63,78.0,92.1,3.0,86.2,515.0,6.9,813031,669257,518692,669242,571970,605141,571771,681909,681624,53.56,0.446,0.407,0.9,1.0,1.0,0.0,4.0,66,4,Forkball,5,1,1,5,1,5,1,5,Standard,Standard,312.0,-0.022,0.508,64.9,5.9,,0.495,-0.508,92.1,4,-4,0.988,0.012,23,27,24,28,1,3,1.0,1.0,10.0,,3.77,-0.04,-0.04,47.4,3.3966623675260808,4.524564810673124,17.7604759254975,30.073212308255982,25.24917078805677
FO,2025-10-17,87.1,-1.82,6.13,"Sasaki, Roki",661388,808963,,ball,,,,,14.0,,L,R,R,LAD,MIL,B,,,0,2,2025,-0.42,-0.43,0.9917530658413648,0.075826731081928,,,,0,9,Top,,,,,,,7.736309923497166,-126.405243903522,-7.497648558818204,-6.168664798874047,27.41859079531127,-35.32544355867106,3.29599761927437,1.632147267335,,,,88.0,513.0,7.2,813031,669257,518692,669242,571970,605141,571771,681909,681624,53.33,,,,,,,,66,3,Forkball,5,1,1,5,1,5,1,5,Standard,Standard,290.0,-0.001,0.024,,,,,-0.024,,4,-4,0.989,0.011,23,27,24,28,1,3,1.0,1.0,10.0,,3.47,0.42,0.42,49.4,,,,,
FO,2025-10-17,86.6,-1.92,6.05,"Sasaki, Roki",661388,808963,,swinging_strike,,,,,14.0,,L,R,R,LAD,MIL,S,,,0,1,2025,-0.21,-0.36,0.2445858154700042,1.2529749373476808,,,,0,9,Top,,,,,,,5.666167451743844,-125.95244949707046,-4.474855560617513,-3.542174771553525,28.97667521627763,-35.13166519924437,3.39,1.63,,,,86.9,509.0,6.8,813031,669257,518692,669242,571970,605141,571771,681909,681624,53.66,,,,,,,,66,2,Forkball,5,1,1,5,1,5,1,5,Standard,Standard,287.0,0.003,-0.055,,,,,0.055,,4,-4,0.986,0.014,23,27,24,28,1,3,1.0,1.0,10.0,,3.43,0.21,0.21,47.1,,,,,
FF,2025-10-17,98.8,-2.05,6.03,"Sasaki, Roki",661388,808963,,called_strike,,,,,8.0,,L,R,R,LAD,MIL,S,,,0,0,2025,-0.71,1.22,-0.0713658067409335,1.7040229451211726,,,,0,9,Top,,,,,,,7.15406452150859,-143.45021436050814,-9.283837765606378,-11.478208514214394,34.064080009102874,-13.286334433473709,3.33534815010218,1.67125635029181,,,,100.1,2192.0,7.2,813031,669257,518692,669242,571970,605141,571771,681909,681624,53.31,,,,,,,,66,1,4-Seam Fastball,5,1,1,5,1,5,1,5,Standard,Standard,223.0,0.001,-0.039,,,,,0.039,,4,-4,0.985,0.015,23,27,24,28,1,3,1.0,1.0,10.0,,1.13,0.71,0.71,44.3,,,,,
FO,2025-10-16,86.5,-1.9,6.14,"Sasaki, Roki",702332,808963,strikeout,swinging_strike,,,,,13.0,Caleb Durbin strikes out swinging.,L,R,R,LAD,MIL,S,2.0,,1,2,2025,-0.5,-0.35,-0.9412610907387756,1.5796333045473063,,,,2,9,Top,,,,,,,3.3591345623772053,-125.82665122864276,-3.915330740517849,-6.016162839953662,28.300743217741186,-35.24202644139616,3.22,1.45,,,,87.6,629.0,7.2,813033,669257,518692,669242,571970,605141,571771,681909,681624,53.28,,0.0,0.0,1.0,0.0,0.0,,66,4,Forkball,3,1,1,3,1,3,1,3,Standard,Standard,284.0,0.008,-0.182,63.5,7.8,1.14903042,,0.182,,2,-2,0.992,0.008,23,25,24,25,1,3,3.0,2.0,1.0,1.0,3.43,0.5,0.5,46.7,14.320908426145278,-41.889393826520354,26.955678065999944,22.93821804547729,42.156725684459424
FO,2025-10-16,86.4,-2.14,6.09,"Sasaki, Roki",702332,808963,,called_strike,,,,,7.0,,L,R,R,LAD,MIL,S,,,1,1,2025,0.35,-0.22,-0.6547312490034307,2.0106556123325574,,,,2,9,Top,,,,,,,2.875730583786839,-125.77156297712348,-2.992754690469707,2.938816757712237,29.838529271448465,-34.02157136790679,3.35281879122411,1.51410169484345,,,,87.3,429.0,7.2,813033,669257,518692,669242,571970,605141,571771,681909,681624,53.27,,,,,,,,66,3,Forkball,3,1,1,3,1,3,1,3,Standard,Standard,317.0,0.003,-0.062,,,,,0.062,,2,-2,0.989,0.011,23,25,24,25,1,3,3.0,2.0,1.0,1.0,3.31,-0.35,-0.35,45.3,,,,,
SI,2025-10-16,97.0,-1.97,6.11,"Sasaki, Roki",702332,808963,,called_strike,,,,,5.0,,L,R,R,LAD,MIL,S,,,1,0,2025,-1.28,0.89,0.026413454702733,2.4413334891929663,,,,2,9,Top,,,,,,,8.401561191844428,-140.85926528514997,-6.33457482466032,-18.9631198668828,34.569586127651625,-19.05151217587521,3.3773317744636,1.45028133032975,,,,98.1,1895.0,7.2,813033,669257,518692,669242,571970,605141,571771,681909,681624,53.3,,,,,,,,66,2,Sinker,3,1,1,3,1,3,1,3,Standard,Standard,226.0,0.003,-0.054,,,,,0.054,,2,-2,0.986,0.014,23,25,24,25,1,3,3.0,2.0,1.0,1.0,1.56,1.28,1.28,43.2,,,,,
FF,2025-10-16,97.8,-2.1,6.11,"Sasaki, Roki",702332,808963,,ball,,,,,12.0,,L,R,R,LAD,MIL,B,,,0,0,2025,-0.64,1.24,0.4556266229740243,3.6942895577346353,,,,2,9,Top,,,,,,,8.492578028376046,-142.14600835308335,-3.860740499338701,-10.754624720599992,35.41504170239405,-14.769884473005332,3.24369063822135,1.40464977117568,,,,98.8,2043.0,7.1,813033,669257,518692,669242,571970,605141,571771,681909,681624,53.38,,,,,,,,66,1,4-Seam Fastball,3,1,1,3,1,3,1,3,Standard,Standard,223.0,-0.002,0.037,,,,,-0.037,,2,-2,0.988,0.012,23,25,24,25,1,3,3.0,2.0,1.0,1.0,1.17,0.64,0.64,43.0,,,,,
FF,2025-10-16,99.4,-2.0,6.14,"Sasaki, Roki",686217,808963,field_out,hit_into_play,,,,,12.0,Sal Frelick pops out to shortstop Mookie Betts.,L,L,R,LAD,MIL,X,6.0,popup,2,2,2025,-0.67,1.39,0.9233379066134376,2.9474279917705517,,,,1,9,Top,129.72,171.49,,,,,9.70920746386814,-144.32877125277403,-6.652868149941868,-11.710300950239384,34.88114401956598,-11.275423603487436,3.06,1.44,78.0,64.2,71.0,100.5,2118.0,7.1,813033,669257,518692,669242,571970,605141,571771,681909,681624,53.39,0.001,0.0,0.0,1.0,0.0,0.0,3.0,65,5,4-Seam Fastball,3,1,1,3,1,3,1,3,Standard,Standard,221.0,0.021,-0.228,58.4,5.9,,0.001,0.228,88.0,2,-2,0.967,0.033,23,25,24,25,1,3,3.0,2.0,1.0,1.0,0.93,0.67,-0.67,45.8,6.203768388790563,-5.116594109253635,25.893708987512586,23.03850634097303,27.287963075863143
FO,2025-10-16,87.3,-2.02,6.15,"Sasaki, Roki",686217,808963,,ball,,,,,11.0,,L,L,R,LAD,MIL,B,,,1,2,2025,-0.87,-0.19,-1.480242040151536,2.488767959557631,,,,1,9,Top,,,,,,,3.153953703878257,-126.96603498472008,-2.1714243714446333,-10.076126429294025,30.06084464206545,-33.98309800761516,3.13694327422554,1.5023589910693,,,,88.2,521.0,7.2,813033,669257,518692,669242,571970,605141,571771,681909,681624,53.25,,,,,,,,65,4,Forkball,3,1,1,3,1,3,1,3,Standard,Standard,317.0,-0.003,0.048,,,,,-0.048,,2,-2,0.97,0.03,23,25,24,25,1,3,3.0,2.0,1.0,1.0,3.23,0.87,-0.87,46.7,,,,,
FF,2025-10-16,99.3,-2.07,6.1,"Sasaki, Roki",686217,808963,,swinging_strike,,,,,5.0,,L,L,R,LAD,MIL,S,,,1,1,2025,-0.82,1.48,-0.091805603536929,2.15861564306911,,,,1,9,Top,,,,,,,7.425900419719338,-144.19413624499532,-8.905149739058235,-13.2120737142162,36.01699348108292,-9.544004708277996,3.06,1.44,,,,100.2,2260.0,7.1,813033,669257,518692,669242,571970,605141,571771,681909,681624,53.43,,,,,,,,65,3,4-Seam Fastball,3,1,1,3,1,3,1,3,Standard,Standard,225.0,0.006,-0.064,70.6,7.8,0.189374424,,0.064,,2,-2,0.964,0.036,23,25,24,25,1,3,3.0,2.0,1.0,1.0,0.85,0.82,-0.82,40.0,14.285034827477366,-8.021075068058671,30.43090593731996,36.08205043197416,26.393215867001484
FO,2025-10-16,86.7,-1.98,6.14,"Sasaki, Roki",686217,808963,,ball,,,,,11.0,,L,L,R,LAD,MIL,B,,,0,1,2025,-0.76,0.36,-2.345626198391627,3.6218919238653737,,,,1,9,Top,,,,,,,0.6969113924822599,-126.24793218441758,-0.5240968487739134,-8.275219205973963,26.91050056232733,-28.455916927316323,3.12598162174326,1.51738527102809,,,,87.8,590.0,7.0,813033,669257,518692,669242,571970,605141,571771,681909,681624,53.46,,,,,,,,65,2,Forkball,3,1,1,3,1,3,1,3,Standard,Standard,300.0,-0.003,0.029,,,,,-0.029,,2,-2,0.967,0.033,23,25,24,25,1,3,3.0,2.0,1.0,1.0,2.68,0.76,-0.76,46.8,,,,,
FF,2025-10-16,98.8,-2.07,6.16,"Sasaki, Roki",686217,808963,,foul,,,,,12.0,,L,L,R,LAD,MIL,S,,,0,0,2025,-0.59,1.31,0.0144789415786741,3.596174379133,,,,1,9,Top,,,,,,,7.171729523616448,-143.72636714783604,-4.6378040403068574,-9.921738923307396,33.89751964574372,-13.10567422499015,3.06,1.44,220.0,82.0,65.0,100.0,2108.0,7.0,813033,669257,518692,669242,571970,605141,571771,681909,681624,53.49,,,,,,,,65,1,4-Seam Fastball,3,1,1,3,1,3,1,3,Standard,Standard,221.0,0.004,-0.039,68.4,6.7,,,0.039,88.0,2,-2,0.963,0.037,23,25,24,25,1,3,3.0,2.0,1.0,1.0,1.03,0.59,-0.59,42.9,18.49386215120642,-6.830251408671439,14.717488983782474,34.625736565101825,31.865765897090306
SI,2025-10-16,96.8,-2.14,6.06,"Sasaki, Roki",683734,808963,field_out,hit_into_play,,,,,4.0,"Andrew Vaughn grounds out, shortstop Mookie Betts to first baseman Freddie Freeman.",L,R,R,LAD,MIL,X,6.0,ground_ball,2,1,2025,-1.14,0.84,-0.4775513735115575,2.4668515834765463,,,,0,9,Top,96.05,147.12,,,,,7.154741384268444,-140.8139525484762,-6.053474144808323,-16.796631662164767,30.897296548966,-19.862027688578564,3.17,1.5,11.0,102.1,-13.0,98.5,1822.0,7.2,813033,669257,518692,669242,571970,605141,571771,681909,681624,53.31,0.246,0.224,0.0,1.0,0.0,0.0,2.0,64,4,Sinker,3,1,1,3,1,3,1,3,Standard,Standard,226.0,0.047,-0.305,64.9,7.0,,0.316,0.305,102.1,2,-2,0.916,0.084,23,27,24,27,1,3,3.0,2.0,1.0,1.0,1.59,1.14,1.14,44.5,-1.4586599306253103,-7.907713997713768,33.62509039060686,30.975579364714832,27.642990364532032
FF,2025-10-16,99.8,-2.12,6.09,"Sasaki, Roki",683734,808963,,called_strike,,,,,2.0,,L,R,R,LAD,MIL,S,,,2,0,2025,-0.76,1.29,-0.025589031705291,2.806124319043246,,,,0,9,Top,,,,,,,7.675155780172558,-145.03894991699642,-6.723787730338841,-12.630930362603827,35.473707292222926,-12.615595069963414,3.16707433215008,1.516745101436,,,,100.9,2064.0,7.1,813033,669257,518692,669242,571970,605141,571771,681909,681624,53.43,,,,,,,,64,3,4-Seam Fastball,3,1,1,3,1,3,1,3,Standard,Standard,224.0,0.016,-0.072,,,,,0.072,,2,-2,0.9,0.1,23,27,24,27,1,3,3.0,2.0,1.0,1.0,1.02,0.76,0.76,43.6,,,,,
FF,2025-10-16,98.4,-2.0,6.08,"Sasaki, Roki",683734,808963,,ball,,,,,14.0,,L,R,R,LAD,MIL,B,,,1,0,2025,-0.73,1.33,1.4243604022346856,1.7578316968542465,,,,0,9,Top,,,,,,,11.102786860046011,-142.54207656310504,-9.391217860931231,-12.621458642839253,34.420456969342936,-11.892743003885238,3.17765720390842,1.46765967340828,,,,99.1,2068.0,7.0,813033,669257,518692,669242,571970,605141,571771,681909,681624,53.46,,,,,,,,64,2,4-Seam Fastball,3,1,1,3,1,3,1,3,Standard,Standard,225.0,-0.016,0.077,,,,,-0.077,,2,-2,0.916,0.084,23,27,24,27,1,3,3.0,2.0,1.0,1.0,1.05,0.73,0.73,43.2,,,,,
FF,2025-10-16,99.7,-2.1,6.12,"Sasaki, Roki",683734,808963,,ball,,,,,13.0,,L,R,R,LAD,MIL,B,,,0,0,2025,-1.15,1.03,-1.0741827247275288,2.2649594034757445,,,,0,9,Top,,,,,,,5.616847133971387,-144.89228840334405,-7.71653322408498,-17.541049612855996,35.62851161459104,-15.980770697353034,3.17111468225041,1.51524058732106,,,,101.0,2273.0,7.2,813033,669257,518692,669242,571970,605141,571771,681909,681624,53.34,,,,,,,,64,1,4-Seam Fastball,3,1,1,3,1,3,1,3,Standard,Standard,221.0,-0.008,0.041,,,,,-0.041,,2,-2,0.924,0.076,23,27,24,27,1,3,3.0,2.0,1.0,1.0,1.28,1.15,1.15,44.4,,,,,
FO,2025-10-13,86.1,-2.07,6.17,"Sasaki, Roki",592885,808963,walk,ball,,,,,13.0,Christian Yelich walks.,L,L,R,MIL,LAD,B,,,3,2,2025,-0.25,-0.45,-1.067952229326531,1.2044495811643396,663604.0,,,2,9,Bot,,,,,,,2.919293763140171,-125.20548929582776,-4.605696855419603,-3.251282389591861,28.233376431497323,-36.09784525860229,3.32918992802751,1.67100860496084,,,,87.0,530.0,7.1,813036,669257,518692,669242,571970,605141,571771,681624,669743,53.36,,0.691497,0.7,1.0,0.0,0.0,,69,7,Forkball,1,2,1,2,2,1,1,2,Standard,Standard,342.0,0.028,0.155,,,,,-0.155,,-1,-1,0.174,0.174,23,33,24,34,1,3,4.0,2.0,3.0,1.0,3.56,0.25,-0.25,46.3,,,,,
FO,2025-10-13,84.7,-2.13,6.16,"Sasaki, Roki",592885,808963,,foul,,,,,13.0,,L,L,R,MIL,LAD,S,,,3,2,2025,-0.55,-0.14,-1.253379504451082,2.4652962845196407,663604.0,,,2,9,Bot,,,,,,,3.202372264729684,-123.31040392590543,-1.949854677042528,-6.255018176910249,27.15328886246041,-33.4252500025078,3.25,1.69,166.0,70.3,63.0,85.8,496.0,7.2,813036,669257,518692,669242,571970,605141,571771,681624,669743,53.28,,,,,,,,69,6,Forkball,1,2,1,2,2,1,1,2,Standard,Standard,319.0,0.0,0.0,71.7,8.1,,,0.0,88.0,-1,-1,0.174,0.174,23,33,24,34,1,3,4.0,2.0,3.0,1.0,3.35,0.55,-0.55,47.2,11.479091963166622,6.373497301492979,30.28493391482724,52.9347748297009,22.89216840285333
FO,2025-10-13,84.2,-2.13,6.19,"Sasaki, Roki",592885,808963,,called_strike,,,,,4.0,,L,L,R,MIL,LAD,S,,,3,1,2025,0.13,-0.59,-0.783965984258809,2.465023717154238,663604.0,,,2,9,Bot,,,,,,,2.9205356800218385,-122.57354837118002,-1.0495931512247738,0.6776141933706679,25.827089819829645,-38.08576625392828,3.32297431831035,1.56625757869319,,,,85.4,568.0,7.2,813036,669257,518692,669242,571970,605141,571771,681624,669743,53.34,,,,,,,,69,5,Forkball,1,2,1,2,2,1,1,2,Standard,Standard,344.0,-0.008,-0.068,,,,,0.068,,-1,-1,0.182,0.182,23,33,24,34,1,3,4.0,2.0,3.0,1.0,3.82,-0.13,0.13,48.8,,,,,
FF,2025-10-13,98.5,-2.11,6.15,"Sasaki, Roki",592885,808963,,ball,,,,,14.0,,L,L,R,MIL,LAD,B,,,2,1,2025,-0.86,1.03,1.6985535216609318,1.2290912518119337,663604.0,,,2,9,Bot,,,,,,,12.457850985893757,-142.58409379205537,-10.325735254220174,-14.66979926245935,33.85051216781663,-15.785971505605238,3.26063533602709,1.56938415890997,,,,99.2,2209.0,7.1,813036,669257,518692,669242,571970,605141,571771,681624,669743,53.44,,,,,,,,69,4,4-Seam Fastball,1,2,1,2,2,1,1,2,Standard,Standard,229.0,0.01,0.047,,,,,-0.047,,-1,-1,0.172,0.172,23,33,24,34,1,3,4.0,2.0,3.0,1.0,1.35,0.86,-0.86,46.0,,,,,
FO,2025-10-13,85.5,-1.98,6.12,"Sasaki, Roki",592885,808963,,blocked_ball,,,,,13.0,,L,L,R,MIL,LAD,B,,,1,1,2025,-0.64,-0.87,-0.4939620518189789,0.7239213459544089,663604.0,,,2,9,Bot,,,,,,,4.893747423746471,-124.24223620306222,-4.609521801007982,-7.691697353776509,29.306260715036508,-40.24645754893673,3.27168059256606,1.58009761227362,,,,86.3,479.0,7.3,813036,669257,518692,669242,571970,605141,571771,681624,669743,53.22,,,,,,,,69,3,Forkball,1,2,1,2,2,1,1,2,Standard,Standard,324.0,0.003,0.018,,,,,-0.018,,-1,-1,0.169,0.169,23,33,24,34,1,3,4.0,2.0,3.0,1.0,4.05,0.64,-0.64,53.5,,,,,
FO,2025-10-13,84.3,-1.96,6.13,"Sasaki, Roki",592885,808963,,swinging_strike,,,,,14.0,,L,L,R,MIL,LAD,S,,,1,0,2025,-0.14,-0.62,0.0470517170482241,1.1984003994214265,663604.0,,,2,9,Bot,,,,,,,5.02106233697185,-122.5354596018416,-3.742856499137843,-2.647430591828245,29.75666024377822,-37.62043709406873,3.25,1.69,,,,84.7,503.0,7.2,813036,669257,518692,669242,571970,605141,571771,681624,669743,53.34,,,,,,,,69,2,Forkball,1,2,1,2,2,1,1,2,Standard,Standard,330.0,-0.003,-0.042,72.3,9.3,11.928092556,,0.042,,-1,-1,0.172,0.172,23,33,24,34,1,3,4.0,2.0,3.0,1.0,3.89,0.14,-0.14,49.4,37.556771813209785,-45.209300681689946,38.30992873789896,39.05569828921308,58.42475366850681
FO,2025-10-13,84.8,-2.01,6.19,"Sasaki, Roki",592885,808963,,ball,,,,,13.0,,L,L,R,MIL,LAD,B,,,0,0,2025,-0.09,-0.6,-1.2393947447809317,2.25697924228786,663604.0,,,2,9,Bot,,,,,,,2.0196527304645557,-123.31337740313576,-1.5085898451443762,-1.4191381843546276,29.741623548899828,-38.107773208585584,3.30361144776074,1.69043110516275,,,,85.3,464.0,7.1,813036,669257,518692,669242,571970,605141,571771,681624,669743,53.38,,,,,,,,69,1,Forkball,1,2,1,2,2,1,1,2,Standard,Standard,327.0,0.003,0.028,,,,,-0.028,,-1,-1,0.169,0.169,23,33,24,34,1,3,4.0,2.0,3.0,1.0,3.83,0.09,-0.09,54.4,,,,,
FF,2025-10-13,98.5,-2.16,6.06,"Sasaki, Roki",694192,808963,sac_fly,hit_into_play,,,,,4.0,Jackson Chourio out on a sacrifice fly to center fielder Andy Pages. Isaac Collins scores. Brandon Lockridge to 3rd.,L,R,R,MIL,LAD,X,8.0,fly_ball,0,0,2025,-1.04,1.33,-0.7043513326624882,2.777253920649213,686555.0,663604.0,,1,9,Bot,158.87,59.57,,,,,6.491615238072689,-143.0667843685287,-6.556128908346549,-15.888520326717169,36.832955248771086,-12.607878189872364,3.34,1.58,355.0,98.1,26.0,99.4,2317.0,7.1,813036,669257,518692,669242,571970,605141,571771,681624,669743,53.36,,0.5884444444444444,0.0,1.0,0.0,0.0,6.0,68,1,4-Seam Fastball,0,2,0,2,2,1,1,2,Standard,Standard,227.0,-0.129,-0.195,73.3,6.6,,,0.195,98.1,-2,-2,0.298,0.298,23,21,24,21,1,3,4.0,2.0,3.0,1.0,1.05,1.04,1.04,41.3,2.2497286016842986,8.052068473173813,25.489464310811417,30.57346645203628,24.159044931570385
FF,2025-10-13,97.3,-2.13,6.02,"Sasaki, Roki",641343,808963,double,hit_into_play,,,,,7.0,Jake Bauers hits a ground-rule double (1) on a line drive to center field. Isaac Collins to 3rd.,L,L,R,MIL,LAD,X,,line_drive,3,2,2025,-1.02,0.96,-0.3323016115959136,2.1108181403321287,,,686555.0,1,9,Bot,117.49,39.49,,,,,7.236404095257507,-141.26341444025098,-7.153288051718978,-15.397945669434549,35.93341358072145,-17.799002580922327,3.64,1.73,373.0,108.9,19.0,97.7,2099.0,6.9,813036,669257,518692,669242,571970,605141,571771,681624,669743,53.57,0.698,1.1888285714285716,1.25,1.0,1.0,1.0,6.0,67,6,4-Seam Fastball,0,2,0,2,2,0,0,2,Standard,Standard,227.0,0.171,0.726,78.7,7.8,,2.216,-0.726,108.9,-2,-2,0.127,0.127,23,29,24,30,1,0,4.0,5.0,3.0,1.0,1.48,1.02,-1.02,45.3,13.2921212404663,0.9677267347043742,35.38895766437344,37.84435907675453,27.947043609461392
FO,2025-10-13,85.3,-2.04,6.03,"Sasaki, Roki",641343,808963,,swinging_strike_blocked,,,,,13.0,,L,L,R,MIL,LAD,S,,,3,1,2025,-0.63,-0.69,-0.6527703876902797,0.913210048621246,,,686555.0,1,9,Bot,,,,,,,4.626571619875853,-124.06198523677284,-4.290537391221547,-7.512158110478861,28.347000981627943,-38.511509759423376,3.64,1.73,,,,86.2,505.0,7.2,813036,669257,518692,669242,571970,605141,571771,681624,669743,53.28,,,,,,,,67,5,Forkball,0,2,0,2,2,0,0,2,Standard,Standard,302.0,-0.025,-0.085,44.3,8.2,10.31765748,,0.085,,-2,-2,0.152,0.152,23,29,24,30,1,0,4.0,5.0,3.0,1.0,3.87,0.63,-0.63,49.3,16.16412850580402,-12.349021531920048,31.08529359207857,42.55908963825023,41.15866158245824
FF,2025-10-13,96.4,-2.13,6.03,"Sasaki, Roki",641343,808963,,called_strike,,,,,4.0,,L,L,R,MIL,LAD,S,,,3,0,2025,-1.08,1.18,-0.3019473420632106,2.617312831731013,,,686555.0,1,9,Bot,,,,,,,7.407823733651455,-140.010891807386,-6.163641344465683,-15.975421925056503,35.26480176454481,-15.399861981081854,3.58243722439835,1.73076620030352,,,,96.8,2160.0,6.9,813036,669257,518692,669242,571970,605141,571771,681624,669743,53.6,,,,,,,,67,4,4-Seam Fastball,0,2,0,2,2,0,0,2,Standard,Standard,230.0,-0.02,-0.05,,,,,0.05,,-2,-2,0.172,0.172,23,29,24,30,1,0,4.0,5.0,3.0,1.0,1.3,1.08,-1.08,42.2,,,,,
FF,2025-10-13,97.2,-2.2,6.01,"Sasaki, Roki",641343,808963,,ball,,,,,13.0,,L,L,R,MIL,LAD,B,,,2,0,2025,-1.03,1.28,-1.2563995705217073,1.9532163772692488,,,686555.0,1,9,Bot,,,,,,,4.971539695353792,-141.20058539520062,-8.28258244756274,-14.99194779951864,36.65547639351194,-13.32433422709038,3.61711439742086,1.72983879325047,,,,97.6,2301.0,7.0,813036,669257,518692,669242,571970,605141,571771,681624,669743,53.54,,,,,,,,67,3,4-Seam Fastball,0,2,0,2,2,0,0,2,Standard,Standard,224.0,0.03,0.097,,,,,-0.097,,-2,-2,0.142,0.142,23,29,24,30,1,0,4.0,5.0,3.0,1.0,1.17,1.03,-1.03,44.5,,,,,
FF,2025-10-13,96.6,-2.14,6.07,"Sasaki, Roki",641343,808963,,ball,,,,,13.0,,L,L,R,MIL,LAD,B,,,1,0,2025,-1.17,1.33,-0.5956123209625874,1.4761345220480444,,,686555.0,1,9,Bot,,,,,,,6.859104679148188,-140.2110953441481,-9.753881272673864,-17.078153493603466,34.707808769962604,-12.465658076071694,3.69091802045801,1.73007660645906,,,,97.2,2328.0,7.0,813036,669257,518692,669242,571970,605141,571771,681624,669743,53.5,,,,,,,,67,2,4-Seam Fastball,0,2,0,2,2,0,0,2,Standard,Standard,224.0,0.02,0.068,,,,,-0.068,,-2,-2,0.122,0.122,23,29,24,30,1,0,4.0,5.0,3.0,1.0,1.14,1.17,-1.17,43.8,,,,,
FO,2025-10-13,83.8,-1.99,6.2,"Sasaki, Roki",641343,808963,,ball,,,,,14.0,,L,L,R,MIL,LAD,B,,,0,0,2025,0.28,-0.24,1.63065958408519,2.1141822206266245,,,686555.0,1,9,Bot,,,,,,,7.894967423629718,-121.70667722282649,-2.4478234535074024,0.9755797003121388,27.65494122303513,-34.225238844823764,3.52449097620856,1.72976401293537,,,,84.2,786.0,7.0,813036,669257,518692,669242,571970,605141,571771,681624,669743,53.46,,,,,,,,67,1,Forkball,0,2,0,2,2,0,0,2,Standard,Standard,340.0,0.01,0.035,,,,,-0.035,,-2,-2,0.112,0.112,23,29,24,30,1,0,4.0,5.0,3.0,1.0,3.54,-0.28,0.28,51.3,,,,,
FF,2025-10-13,97.8,-2.16,6.01,"Sasaki, Roki",686555,808963,walk,ball,,,,,3.0,Isaac Collins walks.,L,L,R,MIL,LAD,B,,,3,1,2025,-0.92,1.25,0.7452039746167888,3.156307682564903,,,,1,9,Bot,,,,,,,10.06203682051621,-141.93320479951794,-5.046089958708423,-14.926550919862864,36.27955695814824,-14.290614357364896,3.19562084828097,1.56207156941219,,,,98.3,2125.0,7.0,813036,669257,518692,669242,571970,605141,571771,681624,669743,53.52,,0.691497,0.7,1.0,0.0,0.0,,66,5,4-Seam Fastball,0,2,0,2,2,0,0,2,Standard,Standard,224.0,0.039,0.253,,,,,-0.253,,-2,-2,0.073,0.073,23,27,24,28,1,2,4.0,5.0,3.0,1.0,1.17,0.92,-0.92,45.9,,,,,
FF,2025-10-13,98.2,-2.31,6.04,"Sasaki, Roki",686555,808963,,ball,,,,,11.0,,L,L,R,MIL,LAD,B,,,2,1,2025,-0.98,1.23,-1.2632162736140429,2.8761927368026776,,,,1,9,Bot,,,,,,,5.187254026233548,-142.79196836322143,-5.946535292380153,-14.633701801364683,36.98972520495163,-14.142767532443486,3.27623814870127,1.56323703945744,,,,98.9,2211.0,7.0,813036,669257,518692,669242,571970,605141,571771,681624,669743,53.5,,,,,,,,66,4,4-Seam Fastball,0,2,0,2,2,0,0,2,Standard,Standard,226.0,0.019,0.121,,,,,-0.121,,-2,-2,0.054,0.054,23,27,24,28,1,2,4.0,5.0,3.0,1.0,1.16,0.98,-0.98,42.6,,,,,
FO,2025-10-13,84.1,-2.12,6.1,"Sasaki, Roki",686555,808963,,ball,,,,,13.0,,L,L,R,MIL,LAD,B,,,1,1,2025,-0.32,-0.57,-1.8345857822818987,2.050100880391597,,,,1,9,Bot,,,,,,,1.3180494522957684,-122.44108610721892,-1.7997076891781116,-3.473108149928793,27.22745560187497,-37.72117881451184,3.19006131302192,1.56064003184477,,,,84.9,512.0,7.1,813036,669257,518692,669242,571970,605141,571771,681624,669743,53.44,,,,,,,,66,3,Forkball,0,2,0,2,2,0,0,2,Standard,Standard,330.0,0.009,0.055,,,,,-0.055,,-2,-2,0.045,0.045,23,27,24,28,1,2,4.0,5.0,3.0,1.0,3.83,0.32,-0.32,47.3,,,,,
FF,2025-10-13,99.3,-2.16,6.09,"Sasaki, Roki",686555,808963,,called_strike,,,,,1.0,,L,L,R,MIL,LAD,S,,,1,0,2025,-1.04,1.24,-0.7317032808399133,3.0254855940960965,,,,1,9,Bot,,,,,,,6.415626043395193,-144.28317337327528,-5.879912462294092,-16.040891183464375,36.97241451603631,-13.723146406686062,3.20635901870056,1.56123835918831,,,,99.9,2205.0,7.0,813036,669257,518692,669242,571970,605141,571771,681624,669743,53.55,,,,,,,,66,2,4-Seam Fastball,0,2,0,2,2,0,0,2,Standard,Standard,223.0,-0.009,-0.049,,,,,0.049,,-2,-2,0.054,0.054,23,27,24,28,1,2,4.0,5.0,3.0,1.0,1.1,1.04,-1.04,44.7,,,,,
FF,2025-10-13,98.2,-2.32,6.07,"Sasaki, Roki",686555,808963,,ball,,,,,11.0,,L,L,R,MIL,LAD,B,,,0,0,2025,-0.99,1.24,-1.4038430331465104,2.8972170789131444,,,,1,9,Bot,,,,,,,4.814715871091271,-142.67552759547655,-5.952466851616043,-14.582056865364295,38.26556124212639,-14.102198169905744,3.31089613099072,1.5627134228642,,,,98.5,2182.0,6.9,813036,669257,518692,669242,571970,605141,571771,681624,669743,53.55,,,,,,,,66,1,4-Seam Fastball,0,2,0,2,2,0,0,2,Standard,Standard,228.0,0.007,0.039,,,,,-0.039,,-2,-2,0.047,0.047,23,27,24,28,1,2,4.0,5.0,3.0,1.0,1.17,0.99,-0.99,42.6,,,,,
FF,2025-10-13,99.2,-2.23,6.15,"Sasaki, Roki",702332,808963,field_out,hit_into_play,,,,,11.0,Caleb Durbin pops out to third baseman Max Muncy.,L,R,R,MIL,LAD,X,5.0,popup,1,1,2025,-0.9,1.4,-1.3760765786739038,2.888327719976234,,,,0,9,Bot,105.61,166.67,,,,,4.518360846296073,-144.25248202173992,-6.818562324379761,-13.693786714563922,35.44954571526024,-11.243923807842092,3.2,1.45,101.0,57.5,66.0,100.2,2315.0,7.0,813036,669257,518692,669242,571970,605141,571771,681624,669743,53.49,0.005,0.006,0.0,1.0,0.0,0.0,1.0,65,3,4-Seam Fastball,0,2,0,2,2,0,0,2,Standard,Standard,224.0,-0.046,-0.251,67.8,6.3,,0.007,0.251,88.0,-2,-2,0.093,0.093,23,25,24,25,1,2,4.0,2.0,3.0,1.0,0.93,0.9,0.9,45.6,14.03527019809752,-7.107026572400264,26.214059674579467,20.25825535954049,25.92402181418513
FF,2025-10-13,98.6,-2.18,6.04,"Sasaki, Roki",702332,808963,,called_strike,,,,,5.0,,L,R,R,MIL,LAD,S,,,1,0,2025,-0.94,1.39,-0.1135596653199018,2.2398871887356955,,,,0,9,Bot,,,,,,,7.89974924019644,-143.14880455583378,-8.152129502091643,-14.781027518821126,34.572095186064935,-11.378281947991566,3.17521321319649,1.45062976538205,,,,99.5,2213.0,7.0,813036,669257,518692,669242,571970,605141,571771,681624,669743,53.46,,,,,,,,65,2,4-Seam Fastball,0,2,0,2,2,0,0,2,Standard,Standard,225.0,-0.012,-0.05,,,,,0.05,,-2,-2,0.105,0.105,23,25,24,25,1,2,4.0,2.0,3.0,1.0,0.98,0.94,0.94,42.4,,,,,
FF,2025-10-13,98.3,-2.19,6.0,"Sasaki, Roki",702332,808963,,ball,,,,,14.0,,L,R,R,MIL,LAD,B,,,0,0,2025,-0.94,1.35,1.0396105253932333,1.2481334883922997,,,,0,9,Bot,,,,,,,11.046115983291951,-142.38711898285206,-10.607832732650676,-15.410289694661152,34.058838721928005,-11.348285185692562,3.24313858482908,1.45398329460767,,,,99.2,2217.0,7.1,813036,669257,518692,669242,571970,605141,571771,681624,669743,53.39,,,,,,,,65,1,4-Seam Fastball,0,2,0,2,2,0,0,2,Standard,Standard,226.0,0.01,0.041,,,,,-0.041,,-2,-2,0.095,0.095,23,25,24,25,1,2,4.0,2.0,3.0,1.0,1.04,0.94,0.94,46.3,,,,,
FF,2025-10-09,99.7,-2.2,5.96,"Sasaki, Roki",607208,808963,field_out,hit_into_play,,,,,4.0,Trea Turner lines out to right fielder Teoscar Hernández.,D,R,R,LAD,PHI,X,9.0,line_drive,3,2,2025,-0.83,1.15,-0.3075139833394031,2.4639987967504977,,,,2,10,Top,171.08,105.59,,,,,7.285968381493385,-144.93003817110028,-7.079334098712488,-13.392724374659482,31.52762463114665,-14.454900756874308,3.48,1.69,260.0,88.7,19.0,101.6,2288.0,7.2,813042,669257,518692,669242,571970,605141,571771,681624,606192,53.26,0.562,0.553,0.0,1.0,0.0,0.0,4.0,73,6,4-Seam Fastball,1,1,1,1,1,1,1,1,Standard,Standard,223.0,0.039,-0.328,64.4,6.4,,0.708,0.328,88.7,0,0,0.6,0.4,23,32,24,32,1,4,3.0,1.0,4.0,,1.13,0.83,0.83,44.2,-8.05554773253799,15.965211756889378,31.87048772753115,32.85353699717103,16.254235103922994
FF,2025-10-09,99.6,-1.97,6.09,"Sasaki, Roki",607208,808963,,swinging_strike,,,,,2.0,,D,R,R,LAD,PHI,S,,,3,1,2025,-0.79,1.22,-0.1769230501642059,2.9244969559499525,,,,2,10,Top,,,,,,,6.895688468369444,-144.9576359263689,-6.289479867543615,-12.713071873110293,29.66299646290842,-13.733185003838436,3.48,1.69,,,,101.5,2084.0,7.0,813042,669257,518692,669242,571970,605141,571771,681624,606192,53.47,,,,,,,,73,5,4-Seam Fastball,1,1,1,1,1,1,1,1,Standard,Standard,222.0,0.007,-0.086,71.9,6.3,0.823886568,,0.086,,0,0,0.593,0.407,23,32,24,32,1,4,3.0,1.0,4.0,,1.06,0.79,0.79,46.5,-6.479765787612073,29.054759490364766,24.570807820291627,36.453307409554704,15.34017559020879
SI,2025-10-09,96.4,-1.91,6.01,"Sasaki, Roki",607208,808963,,ball,,,,,14.0,,D,R,R,LAD,PHI,B,,,2,1,2025,-1.28,0.7,1.4723480568405571,2.0958973832321908,,,,2,10,Top,,,,,,,12.072851766659532,-139.9182543723819,-6.553056625175499,-19.294383988302226,27.1716097444177,-21.739876727532256,3.52363740365859,1.74348242998128,,,,98.5,1924.0,7.3,813042,669257,518692,669242,571970,605141,571771,681624,606192,53.23,,,,,,,,73,4,Sinker,1,1,1,1,1,1,1,1,Standard,Standard,224.0,-0.009,0.117,,,,,-0.117,,0,0,0.602,0.398,23,32,24,32,1,4,3.0,1.0,4.0,,1.74,1.28,1.28,46.2,,,,,
FO,2025-10-09,85.5,-1.93,6.06,"Sasaki, Roki",607208,808963,,ball,,,,,13.0,,D,R,R,LAD,PHI,B,,,1,1,2025,0.03,-0.57,-1.053046829380787,2.4950593877219496,,,,2,10,Top,,,,,,,2.06193252608419,-124.52756573329276,-0.9768276047081036,-0.0973901603016064,24.48318033602504,-38.17065892872141,3.52427021247511,1.66586480085658,,,,87.3,730.0,7.3,813042,669257,518692,669242,571970,605141,571771,681624,606192,53.15,,,,,,,,73,3,Forkball,1,1,1,1,1,1,1,1,Standard,Standard,3.0,-0.005,0.053,,,,,-0.053,,0,0,0.607,0.393,23,32,24,32,1,4,3.0,1.0,4.0,,3.68,-0.03,-0.03,47.6,,,,,
FO,2025-10-09,87.8,-1.96,6.07,"Sasaki, Roki",607208,808963,,ball,,,,,11.0,,D,R,R,LAD,PHI,B,,,0,1,2025,-0.33,-0.28,-1.2421340640515974,2.80249620873202,,,,2,10,Top,,,,,,,2.469520598954344,-127.97890169377534,-1.276811865677539,-4.149568199466409,24.689706018689,-35.20874199567688,3.40376587710148,1.54555098822247,,,,89.7,519.0,7.2,813042,669257,518692,669242,571970,605141,571771,681624,606192,53.3,,,,,,,,73,2,Forkball,1,1,1,1,1,1,1,1,Strategic,Standard,335.0,-0.003,0.027,,,,,-0.027,,0,0,0.61,0.39,23,32,24,32,1,4,3.0,1.0,4.0,,3.21,0.33,0.33,48.5,,,,,
FO,2025-10-09,87.6,-2.02,6.02,"Sasaki, Roki",607208,808963,,swinging_strike,,,,,13.0,,D,R,R,LAD,PHI,S,,,0,0,2025,-0.48,-0.69,-0.1955003618635655,1.4415035512319303,,,,2,10,Top,,,,,,,5.505744849025377,-127.45455069638732,-3.557567777701838,-6.377647023124666,25.58146665791483,-39.22231201793358,3.48,1.69,,,,89.2,538.0,7.2,813042,669257,518692,669242,571970,605141,571771,681624,606192,53.26,,,,,,,,73,1,Forkball,1,1,1,1,1,1,1,1,Strategic,Standard,314.0,0.005,-0.043,74.2,8.7,4.089560064,,0.043,,0,0,0.605,0.395,23,32,24,32,1,4,3.0,1.0,4.0,,3.66,0.48,0.48,48.2,14.136549395303728,-38.358522537350176,23.10099617737764,34.525766860700855,53.1472852853138
FF,2025-10-09,98.9,-1.93,6.05,"Sasaki, Roki",681082,808963,strikeout,swinging_strike,,,,,11.0,Bryson Stott strikes out swinging.,D,L,R,LAD,PHI,S,2.0,,2,2,2025,-0.97,1.32,-1.36770521120694,2.590084207036969,,,,1,10,Top,,,,,,,3.841481563416593,-143.88023065067335,-7.203330083155536,-14.343256316822702,31.544557407774008,-12.340102371336478,3.31,1.59,,,,100.6,2259.0,7.1,813042,669257,518692,669242,571970,605141,571771,681624,606192,53.37,,0.0,0.0,1.0,0.0,0.0,,72,6,4-Seam Fastball,1,1,1,1,1,1,1,1,Strategic,Standard,224.0,0.04,-0.228,39.1,5.4,5.215443084,,0.228,,0,0,0.565,0.435,23,27,24,28,1,3,3.0,1.0,4.0,,1.0,0.97,-0.97,44.9,-12.325746374453322,47.19233276804833,25.8484847170099,49.00784113884415,-4.690555329961792
FF,2025-10-09,98.9,-2.14,6.03,"Sasaki, Roki",681082,808963,,foul,,,,,1.0,,D,L,R,LAD,PHI,S,,,2,2,2025,-0.55,1.14,-0.6876918870177731,3.2073305467566167,,,,1,10,Top,,,,,,,5.321347708547537,-144.0197344183167,-5.030868322930679,-8.826339659222906,31.47754017850057,-15.31165594055851,3.31,1.59,285.0,87.9,47.0,100.5,2132.0,7.0,813042,669257,518692,669242,571970,605141,571771,681624,606192,53.5,,,,,,,,72,5,4-Seam Fastball,1,1,1,1,1,1,1,1,Standard,Standard,226.0,0.0,0.0,64.3,6.1,,,0.0,88.0,0,0,0.565,0.435,23,27,24,28,1,3,3.0,1.0,4.0,,1.18,0.55,-0.55,42.8,-1.2097454844899076,17.321293622286653,23.741917800293525,40.3946699013746,21.13576104882336
FO,2025-10-09,88.6,-2.1,6.12,"Sasaki, Roki",681082,808963,,ball,,,,,11.0,,D,L,R,LAD,PHI,B,,,1,2,2025,-0.23,-0.62,-2.3862378927157746,2.8083708906282747,,,,1,10,Top,,,,,,,-0.2271877544649072,-129.04947149566456,-0.6940594835126671,-2.515905387534417,28.31973411184576,-39.19148055818542,3.223794126582,1.60460267870613,,,,89.9,542.0,7.1,813042,669257,518692,669242,571970,605141,571771,681624,606192,53.37,,,,,,,,72,4,Forkball,1,1,1,1,1,1,1,1,Standard,Standard,310.0,-0.007,0.048,,,,,-0.048,,0,0,0.572,0.428,23,27,24,28,1,3,3.0,1.0,4.0,,3.54,0.23,-0.23,44.3,,,,,
FF,2025-10-09,99.4,-2.0,6.05,"Sasaki, Roki",681082,808963,,foul,,,,,6.0,,D,L,R,LAD,PHI,S,,,1,1,2025,-0.7,1.1,0.3057102758255241,2.765843150356808,,,,1,10,Top,,,,,,,8.072890015441565,-144.472301534492,-6.236938759639667,-11.667899675488416,35.04764286825634,-15.537707079178276,3.31,1.59,192.0,75.2,63.0,100.7,2182.0,7.2,813042,669257,518692,669242,571970,605141,571771,681624,606192,53.34,,,,,,,,72,3,4-Seam Fastball,1,1,1,1,1,1,1,1,Standard,Standard,224.0,0.012,-0.064,72.5,6.9,,,0.064,88.0,0,0,0.56,0.44,23,27,24,28,1,3,3.0,1.0,4.0,,1.22,0.7,-0.7,43.9,5.629247267003207,-5.361425116498876,31.014249319531963,27.151615701238335,34.88234090045073
FO,2025-10-09,87.2,-1.93,6.1,"Sasaki, Roki",681082,808963,,ball,,,,,13.0,,D,L,R,LAD,PHI,B,,,0,1,2025,0.09,-0.69,-0.9973977333621388,2.2534758961067776,,,,1,10,Top,,,,,,,2.0923662793897164,-126.98020219910455,-1.591106706118637,0.5209063674153843,29.41955531146949,-39.45412540963154,3.35141570164643,1.70539149088038,,,,88.1,462.0,7.1,813042,669257,518692,669242,571970,605141,571771,681624,606192,53.41,,,,,,,,72,2,Forkball,1,1,1,1,1,1,1,1,Standard,Standard,321.0,-0.005,0.029,,,,,-0.029,,0,0,0.565,0.435,23,27,24,28,1,3,3.0,1.0,4.0,,3.72,-0.09,0.09,45.6,,,,,
FF,2025-10-09,99.9,-1.93,6.07,"Sasaki, Roki",681082,808963,,called_strike,,,,,9.0,,D,L,R,LAD,PHI,S,,,0,0,2025,-0.75,1.28,0.5687266067176691,1.8529210656065864,,,,1,10,Top,,,,,,,8.781244935051728,-144.92799338859916,-9.345526695104558,-12.69513645120924,35.083647001651144,-11.996013217571395,3.28082357882153,1.55395553344463,,,,101.0,2129.0,7.1,813042,669257,518692,669242,571970,605141,571771,681624,606192,53.37,,,,,,,,72,1,4-Seam Fastball,1,1,1,1,1,1,1,1,Standard,Standard,222.0,0.007,-0.039,,,,,0.039,,0,0,0.558,0.442,23,27,24,28,1,3,3.0,1.0,4.0,,1.02,0.75,-0.75,41.4,,,,,
FO,2025-10-09,88.0,-1.92,6.15,"Sasaki, Roki",592206,808963,field_out,hit_into_play,,,,,8.0,"Nick Castellanos grounds out, third baseman Max Muncy to first baseman Freddie Freeman.",D,R,R,LAD,PHI,X,5.0,ground_ball,1,2,2025,0.2,-0.51,-0.0571112904069888,1.8826785845229868,,,,0,10,Top,95.06,160.3,,,,,4.173028427855065,-128.01035808620432,-3.172938173319759,1.2617358966372048,28.67431262988388,-37.27788015056788,3.91,1.87,40.0,97.8,-1.0,89.2,644.0,7.3,813042,669257,518692,669242,571970,605141,571771,681624,606192,53.24,0.419,0.382,0.0,1.0,0.0,0.0,2.0,71,6,Forkball,1,1,1,1,1,1,1,1,Standard,Standard,333.0,0.041,-0.189,69.5,8.5,,0.441,0.189,97.8,0,0,0.517,0.483,23,33,24,33,1,3,3.0,1.0,4.0,,3.48,-0.2,-0.2,49.9,11.447089476445331,-16.66365164275461,35.050465457324314,36.885194768806585,35.88693977188885
FF,2025-10-09,99.0,-2.07,6.04,"Sasaki, Roki",592206,808963,,foul,,,,,2.0,,D,R,R,LAD,PHI,S,,,1,2,2025,-0.5,1.41,-0.1400726054362452,3.370493881941929,,,,0,10,Top,,,,,,,6.515848389204127,-143.94741301258682,-5.224057042295504,-8.453753060999269,33.772090194645614,-11.525871935033951,3.91,1.87,,,,100.3,2098.0,7.1,813042,669257,518692,669242,571970,605141,571771,681624,606192,53.4,,,,,,,,71,5,4-Seam Fastball,1,1,1,1,1,1,1,1,Standard,Standard,227.0,0.0,0.0,72.7,7.4,,,0.0,,0,0,0.517,0.483,23,33,24,33,1,3,3.0,1.0,4.0,,0.92,0.5,0.5,42.3,9.944790380138125,1.915856891006824,35.18742488476286,37.32256566705109,21.145007648541142
FO,2025-10-09,89.2,-1.97,6.04,"Sasaki, Roki",592206,808963,,foul,,,,,8.0,,D,R,R,LAD,PHI,S,,,1,2,2025,-0.15,-0.55,-0.1743976829714729,1.9399950539265585,,,,0,10,Top,,,,,,,4.817633125483872,-129.6989425050337,-2.8513256290684845,-2.81841207917188,30.069772199760127,-37.85479858720112,3.91,1.87,3.0,79.9,-35.0,90.1,698.0,7.1,813042,669257,518692,669242,571970,605141,571771,681624,606192,53.36,,,,,,,,71,4,Forkball,1,1,1,1,1,1,1,1,Standard,Standard,290.0,0.0,0.0,72.8,8.6,,,0.0,88.0,0,0,0.517,0.483,23,33,24,33,1,3,3.0,1.0,4.0,,3.44,0.15,0.15,46.7,22.160239059292927,-20.545953045641475,38.16609420629983,35.61332848735835,42.44806829012815
FO,2025-10-09,89.5,-2.03,6.11,"Sasaki, Roki",592206,808963,,swinging_strike,,,,,13.0,,D,R,R,LAD,PHI,S,,,1,1,2025,-0.87,-0.47,-1.4652220257467867,1.973334798390458,,,,0,10,Top,,,,,,,3.2707644332664816,-130.22606018210965,-3.156884393878961,-10.534954248329733,31.443751655242057,-36.98660336832192,3.91,1.87,,,,90.4,483.0,7.2,813042,669257,518692,669242,571970,605141,571771,681624,606192,53.33,,,,,,,,71,3,Forkball,1,1,1,1,1,1,1,1,Standard,Standard,298.0,0.014,-0.061,67.7,8.3,2.340738672,,0.061,,0,0,0.503,0.497,23,33,24,33,1,3,3.0,1.0,4.0,,3.36,0.87,0.87,45.9,20.51796137351688,-18.13387544434647,48.26023374834309,19.98930237086422,36.0582021870711
FF,2025-10-09,99.6,-2.07,6.07,"Sasaki, Roki",592206,808963,,foul,,,,,13.0,,D,R,R,LAD,PHI,S,,,1,0,2025,-1.16,1.16,-1.016707893034961,2.140141491490452,,,,0,10,Top,,,,,,,5.683715915240348,-144.840538675328,-8.240560714933766,-17.617232784512144,32.988414354611415,-14.152862573795758,3.91,1.87,5.0,104.8,-24.0,101.0,2357.0,7.1,813042,669257,518692,669242,571970,605141,571771,681624,606192,53.44,,,,,,,,71,2,4-Seam Fastball,1,1,1,1,1,1,1,1,Standard,Standard,224.0,0.011,-0.05,73.3,7.8,,,0.05,104.8,0,0,0.492,0.508,23,33,24,33,1,3,3.0,1.0,4.0,,1.14,1.16,1.16,46.4,16.335353275103934,-7.615672793835133,43.78824512780504,25.18158542793312,27.94494205799636
FF,2025-10-09,100.3,-2.0,6.05,"Sasaki, Roki",592206,808963,,ball,,,,,9.0,,D,R,R,LAD,PHI,B,,,0,0,2025,-0.8,1.38,0.5918565028902553,1.7642007962070276,,,,0,10,Top,,,,,,,9.198775653997073,-145.60262270441706,-9.93833124864393,-13.48125817053419,32.65641597264571,-10.313616271133824,3.97302588617405,1.81976051846323,,,,102.1,2291.0,7.3,813042,669257,518692,669242,571970,605141,571771,681624,606192,53.21,,,,,,,,71,1,4-Seam Fastball,1,1,1,1,1,1,1,1,Standard,Standard,224.0,-0.008,0.041,,,,,-0.041,,0,0,0.5,0.5,23,33,24,33,1,3,3.0,1.0,4.0,,0.89,0.8,0.8,42.8,,,,,
FF,2025-10-09,99.0,-2.04,6.09,"Sasaki, Roki",596146,808963,field_out,hit_into_play,,,,,6.0,Max Kepler pops out to third baseman Enrique Hernández.,D,L,R,LAD,PHI,X,5.0,popup,1,2,2025,-0.94,1.21,0.2918315250608445,2.676801667241352,,,,2,9,Top,116.34,178.54,,,,,8.713692771416088,-143.84772998211747,-6.803093201545258,-15.109876229252045,32.52879520490812,-14.008704603027176,3.38,1.6,60.0,94.4,80.0,100.7,2182.0,7.2,813042,669257,518692,669242,571771,605141,681624,681909,606192,53.25,0.005,0.005,0.0,1.0,0.0,0.0,3.0,67,4,4-Seam Fastball,1,1,1,1,1,1,1,1,Infield shade,Standard,227.0,0.024,-0.182,73.8,7.5,,0.005,0.182,94.4,0,0,0.615,0.385,23,32,24,32,1,3,3.0,1.0,4.0,,1.12,0.94,-0.94,44.0,16.271558392383326,-19.94314668669982,32.45421688900816,34.534248344435134,38.15415660749649
FO,2025-10-09,88.3,-1.87,6.11,"Sasaki, Roki",596146,808963,,foul,,,,,4.0,,D,L,R,LAD,PHI,S,,,1,1,2025,-1.15,0.16,-0.6864359947671028,2.3938912688979768,,,,2,9,Top,,,,,,,5.39234315131968,-128.507428438456,-3.355362251478393,-13.87202338921983,25.414202778916643,-29.969013004100315,3.38,1.6,2.0,67.2,-46.0,90.1,528.0,7.3,813042,669257,518692,669242,571771,605141,681624,681909,606192,53.2,,,,,,,,67,3,Forkball,1,1,1,1,1,1,1,1,Infield shade,Standard,291.0,0.008,-0.062,72.1,8.1,,,0.062,88.0,0,0,0.607,0.393,23,32,24,32,1,3,3.0,1.0,4.0,,2.76,1.15,-1.15,47.2,15.781028853999386,-23.068979373759493,24.68026284796461,45.32277753955411,44.23202888988408
FO,2025-10-09,88.4,-2.01,6.1,"Sasaki, Roki",596146,808963,,swinging_strike,,,,,8.0,,D,L,R,LAD,PHI,S,,,1,0,2025,-0.27,-0.06,-0.09595944917816,1.7589439664859352,,,,2,9,Top,,,,,,,5.314057498725257,-128.66197145779535,-4.453501100174615,-4.019931258490334,25.75032627360528,-32.18112657883479,3.38,1.6,,,,90.0,427.0,7.2,813042,669257,518692,669242,571771,605141,681624,681909,606192,53.32,,,,,,,,67,2,Forkball,1,1,1,1,1,1,1,1,Infield shade,Standard,319.0,0.005,-0.054,76.1,8.5,5.946819732,,0.054,,0,0,0.602,0.398,23,32,24,32,1,3,3.0,1.0,4.0,,2.97,0.27,-0.27,47.3,22.11224554701565,-40.23301530044104,30.92926083789488,39.22976073919426,55.32699982512878
FF,2025-10-09,98.9,-2.05,6.09,"Sasaki, Roki",596146,808963,,ball,,,,,11.0,,D,L,R,LAD,PHI,B,,,0,0,2025,-0.79,1.17,-1.057669968678659,3.4806650823985508,,,,2,9,Top,,,,,,,4.626324643750617,-144.00835024435727,-4.505609741500759,-12.08971929791509,31.74029705143111,-15.04250113810668,3.41244740679955,1.58284347148683,,,,100.5,2130.0,7.0,813042,669257,518692,669242,571771,605141,681624,681909,606192,53.5,,,,,,,,67,1,4-Seam Fastball,1,1,1,1,1,1,1,1,Infield shade,Standard,225.0,-0.003,0.037,,,,,-0.037,,0,0,0.605,0.395,23,32,24,32,1,3,3.0,1.0,4.0,,1.15,0.79,-0.79,43.5,,,,,
FF,2025-10-09,100.2,-1.97,6.1,"Sasaki, Roki",592663,808963,strikeout,swinging_strike,,,,,6.0,J.T. Realmuto strikes out swinging.,D,R,R,LAD,PHI,S,2.0,,1,2,2025,-0.73,1.43,0.3854910869085878,2.564439162056372,,,,1,9,Top,,,,,,,8.356102529949652,-145.5171096945332,-7.90571469857464,-12.29367140871594,33.53155830333031,-10.15452883444778,3.63,1.7,,,,101.7,2107.0,7.2,813042,669257,518692,669242,571771,605141,681624,681909,606192,53.31,,0.0,0.0,1.0,0.0,0.0,,66,5,4-Seam Fastball,1,1,1,1,1,1,1,1,Standard,Standard,225.0,0.033,-0.18,74.1,7.2,0.841940904,,0.18,,0,0,0.572,0.428,23,34,24,34,1,3,3.0,1.0,4.0,,0.85,0.73,0.73,43.9,5.186243807254442,17.90540114637332,32.76165013052921,39.874348454339376,15.363946214792923
FO,2025-10-09,88.0,-1.88,6.06,"Sasaki, Roki",592663,808963,,ball,,,,,13.0,,D,R,R,LAD,PHI,B,,,0,2,2025,-0.6,-0.74,-1.329095741056245,2.1300945104004323,,,,1,9,Top,,,,,,,2.622406840734087,-128.17152014566938,-1.8951305249002948,-7.129903991249709,27.29844485951643,-40.17372619682642,3.5796040049442,1.71552968369106,,,,89.4,604.0,7.2,813042,669257,518692,669242,571771,605141,681624,681909,606192,53.32,,,,,,,,66,4,Forkball,1,1,1,1,1,1,1,1,Standard,Standard,293.0,-0.005,0.017,,,,,-0.017,,0,0,0.577,0.423,23,34,24,34,1,3,3.0,1.0,4.0,,3.69,0.6,0.6,46.5,,,,,
FO,2025-10-09,89.0,-1.89,6.22,"Sasaki, Roki",592663,808963,,foul,,,,,11.0,,D,R,R,LAD,PHI,S,,,0,2,2025,-0.53,-0.1,-1.3594078581858362,3.323741136590394,,,,1,9,Top,,,,,,,2.4508324144626794,-129.67714804786146,-0.850437553375624,-6.446004919148073,27.436366423172352,-33.3692712565518,3.63,1.7,131.0,67.6,14.0,90.5,622.0,7.1,813042,669257,518692,669242,571771,605141,681624,681909,606192,53.35,,,,,,,,66,3,Forkball,1,1,1,1,1,1,1,1,Standard,Standard,300.0,0.0,0.0,60.8,5.4,,,0.0,88.0,0,0,0.577,0.423,23,34,24,34,1,3,3.0,1.0,4.0,,2.98,0.53,0.53,46.3,-4.670980622679231,19.978444875814606,28.01301410235603,18.40014134674155,25.763597484708228
FO,2025-10-09,89.2,-1.94,6.08,"Sasaki, Roki",592663,808963,,swinging_strike,,,,,13.0,,D,R,R,LAD,PHI,S,,,0,1,2025,-0.32,-0.26,-0.4997062661090865,0.5120295337998617,,,,1,9,Top,,,,,,,4.303553167312291,-129.7493169722968,-7.241157442864668,-4.518517600748134,27.11753508210772,-33.81691252016429,3.63,1.7,,,,90.8,765.0,7.3,813042,669257,518692,669242,571771,605141,681624,681909,606192,53.22,,,,,,,,66,2,Forkball,1,1,1,1,1,1,1,1,Standard,Standard,281.0,0.012,-0.052,37.9,7.4,5.584836936,,0.052,,0,0,0.565,0.435,23,34,24,34,1,3,3.0,1.0,4.0,,3.13,0.32,0.32,46.3,9.920221013479653,9.588284051708293,46.66131514314889,29.26933280744656,26.77395678301723
FO,2025-10-09,86.7,-1.84,6.15,"Sasaki, Roki",592663,808963,,swinging_strike,,,,,13.0,,D,R,R,LAD,PHI,S,,,0,0,2025,-0.51,-0.59,-0.5605143760034569,1.5178058908848395,,,,1,9,Top,,,,,,,4.18141644984888,-126.21548042721292,-3.692642323449358,-6.375774322592791,27.364146029689827,-37.81907360014208,3.63,1.7,,,,88.1,569.0,7.3,813042,669257,518692,669242,571771,605141,681624,681909,606192,53.22,,,,,,,,66,1,Forkball,1,1,1,1,1,1,1,1,Standard,Standard,291.0,0.007,-0.039,21.6,6.8,8.438876532,,0.039,,0,0,0.558,0.442,23,34,24,34,1,3,3.0,1.0,4.0,,3.63,0.51,0.51,46.7,14.792165598762216,-2.904998477477133,30.925381693560308,27.79143457906423,32.59524004445392
FF,2025-10-09,100.1,-1.94,6.13,"Sasaki, Roki",669016,808963,field_out,hit_into_play,,,,,6.0,"Brandon Marsh grounds out, second baseman Tommy Edman to first baseman Freddie Freeman.",D,L,R,LAD,PHI,X,4.0,ground_ball,0,0,2025,-0.67,1.31,0.6583946750245049,2.4983000156380117,,,,0,9,Top,133.68,170.14,,,,,8.876025447407297,-145.45615721602368,-7.883668691770601,-11.458034789284524,31.080949738744994,-11.937931244372564,3.19,1.52,33.0,82.8,-2.0,101.9,2036.0,7.1,813042,669257,518692,669242,571771,605141,681624,681909,606192,53.35,0.19,0.176,0.0,1.0,0.0,0.0,2.0,65,1,4-Seam Fastball,1,1,1,1,1,1,1,1,Standard,Standard,225.0,0.058,-0.259,70.2,6.3,,0.233,0.259,88.0,0,0,0.5,0.5,23,27,24,28,1,3,3.0,1.0,4.0,,0.96,0.67,-0.67,45.1,2.324906614139352,6.798190657555559,44.435845288285535,28.21693466511876,20.51482697396252
FF,2025-10-09,100.7,-2.18,6.1,"Sasaki, Roki",664761,808963,field_out,hit_into_play,,,,,8.0,"Alec Bohm grounds out, second baseman Tommy Edman to first baseman Freddie Freeman.",D,R,R,LAD,PHI,X,4.0,ground_ball,0,0,2025,-1.08,1.06,0.0017510171963819,1.960971104042088,,,,2,8,Top,138.13,147.12,,,,,8.73796739190355,-146.11196875637714,-8.711452842533257,-17.60186753395513,35.00946918987509,-15.113027723518815,3.55,1.62,14.0,108.1,-7.0,101.6,2258.0,7.0,813042,669257,518692,669242,571771,605141,681624,681909,606192,53.51,0.356,0.32,0.0,1.0,0.0,0.0,2.0,61,1,4-Seam Fastball,1,1,1,1,1,1,1,1,Standard,Standard,225.0,0.026,-0.26,73.9,7.4,,0.356,0.26,108.1,0,0,0.582,0.418,23,28,24,29,1,3,3.0,1.0,4.0,,1.21,1.08,1.08,42.9,-0.4692849403752116,10.94295987541219,36.08901436859698,39.11103476707337,19.8255987229462
FO,2025-10-09,89.0,-1.85,6.14,"Sasaki, Roki",547180,808963,field_out,hit_into_play,,,,,9.0,Bryce Harper pops out to third baseman Enrique Hernández.,D,L,R,LAD,PHI,X,5.0,popup,1,2,2025,-0.57,0.16,0.5675129746937319,1.984608183776325,,,,1,8,Top,70.23,126.85,,,,,7.275179402189056,-129.42879385581236,-4.561511056064282,-7.966735393020415,26.810961912657056,-29.582481556445284,3.17,1.63,194.0,91.8,63.0,90.5,782.0,7.2,813042,669257,518692,669242,571771,605141,681624,681909,606192,53.27,0.008,0.007,0.0,1.0,0.0,0.0,3.0,60,5,Forkball,1,1,1,1,1,1,1,1,Infield shade,Standard,284.0,0.025,-0.18,74.1,7.0,,0.008,0.18,91.8,0,0,0.557,0.443,23,32,24,33,1,3,3.0,1.0,4.0,,2.72,0.57,-0.57,45.7,15.111031386817135,-8.135880292176136,44.18136711421567,28.992729397103545,37.31048009012585
FO,2025-10-09,88.2,-2.01,6.1,"Sasaki, Roki",547180,808963,,foul,,,,,13.0,,D,L,R,LAD,PHI,S,,,1,2,2025,-0.66,-0.32,-0.9085215420781716,1.7188707887469614,,,,1,8,Top,,,,,,,4.128386814220439,-128.37741512592024,-3.899759224680891,-8.180747251675722,28.274270853666224,-35.078341110622176,3.17,1.63,2.0,58.0,-48.0,89.6,559.0,7.3,813042,669257,518692,669242,571771,605141,681624,681909,606192,53.23,,,,,,,,60,4,Forkball,1,1,1,1,1,1,1,1,Infield shade,Standard,300.0,0.0,0.0,73.9,7.7,,,0.0,88.0,0,0,0.557,0.443,23,32,24,33,1,3,3.0,1.0,4.0,,3.27,0.66,-0.66,47.2,11.045080880900027,1.4458586594643243,32.77743286602512,46.306824148416894,32.0961163123245
FO,2025-10-09,88.7,-1.94,6.13,"Sasaki, Roki",547180,808963,,ball,,,,,13.0,,D,L,R,LAD,PHI,B,,,0,2,2025,-0.97,-0.58,-1.9249794351825824,0.6727042630385895,,,,1,8,Top,,,,,,,2.1257038248567546,-129.0827857870776,-6.134451989288683,-11.323841857829809,28.229749933324847,-37.50978742501835,2.95587022647188,1.71816146351529,,,,90.2,535.0,7.3,813042,669257,518692,669242,571771,605141,681624,681909,606192,53.21,,,,,,,,60,3,Forkball,1,1,1,1,1,1,1,1,Infield shade,Standard,312.0,-0.003,0.017,,,,,-0.017,,0,0,0.56,0.44,23,32,24,33,1,3,3.0,1.0,4.0,,3.49,0.97,-0.97,44.9,,,,,
FO,2025-10-09,87.8,-2.02,6.13,"Sasaki, Roki",547180,808963,,foul,,,,,13.0,,D,L,R,LAD,PHI,S,,,0,1,2025,-0.51,0.01,-0.9069387928760954,1.8087248144741568,,,,1,8,Top,,,,,,,3.818720874255387,-127.7467172527534,-4.388129884295902,-6.3783942724855205,27.529232137968343,-31.327941429822168,3.17,1.63,1.0,84.9,-54.0,89.0,643.0,7.1,813042,669257,518692,669242,571771,605141,681624,681909,606192,53.37,,,,,,,,60,2,Forkball,1,1,1,1,1,1,1,1,Infield shade,Standard,307.0,0.009,-0.052,72.7,7.8,,,0.052,88.0,0,0,0.551,0.449,23,32,24,33,1,3,3.0,1.0,4.0,,2.96,0.51,-0.51,46.3,19.03061385169312,-0.2831490474876612,30.507170966923745,46.64235093121415,31.40716023449306
FF,2025-10-09,99.3,-2.09,6.04,"Sasaki, Roki",547180,808963,,foul,,,,,7.0,,D,L,R,LAD,PHI,S,,,0,0,2025,-1.0,1.28,-0.6345543182437678,1.774924947834153,,,,1,8,Top,,,,,,,6.416406130667968,-144.26304478646156,-9.36921150258137,-15.43475830319162,33.14842747469203,-12.355668656716997,3.17,1.63,193.0,80.9,18.0,100.6,2269.0,7.1,813042,669257,518692,669242,571771,605141,681624,681909,606192,53.42,,,,,,,,60,1,4-Seam Fastball,1,1,1,1,1,1,1,1,Infield shade,Standard,224.0,0.005,-0.039,76.1,7.0,,,0.039,88.0,0,0,0.546,0.454,23,32,24,33,1,3,3.0,1.0,4.0,,1.04,1.0,-1.0,43.8,-2.071145493132817,13.859956657454642,41.825988865737415,43.27523976476115,20.6931700936182
FF,2025-10-09,98.8,-2.04,6.08,"Sasaki, Roki",656941,808963,field_out,hit_into_play,,,,,5.0,Kyle Schwarber flies out sharply to right fielder Teoscar Hernández.,D,L,R,LAD,PHI,X,9.0,fly_ball,1,0,2025,-0.97,1.14,-0.0569776687359282,2.2428596206750337,,,,0,8,Top,175.79,78.43,,,,,7.766073902827095,-143.6227854618943,-7.766084596863641,-15.216657219192896,31.79689753856096,-14.80539006849058,3.23,1.49,322.0,105.1,45.0,100.3,2193.0,7.1,813042,669257,518692,669242,571771,605141,681624,681909,606192,53.44,0.132,0.251,0.0,1.0,0.0,0.0,5.0,59,2,4-Seam Fastball,1,1,1,1,1,1,1,1,Infield shade,Standard,227.0,0.053,-0.301,82.2,7.5,,0.49,0.301,105.1,0,0,0.493,0.507,23,32,24,32,1,3,3.0,1.0,4.0,,1.19,0.97,-0.97,43.9,12.041599349463212,-13.883270058282324,28.93525801969816,31.974227600456928,37.25495665864744
FO,2025-10-09,86.5,-1.98,6.08,"Sasaki, Roki",656941,808963,,ball,,,,,13.0,,D,L,R,LAD,PHI,B,,,0,0,2025,-0.78,-0.2,-1.1530842685031972,1.618031332934181,,,,0,8,Top,,,,,,,3.634720178381138,-126.00537088212964,-4.113904648855674,-9.076111982032788,24.586653868276773,-33.73310222248244,3.2311814454538,1.4948557221362,,,,88.2,582.0,7.2,813042,669257,518692,669242,571771,605141,681624,681909,606192,53.27,,,,,,,,59,1,Forkball,1,1,1,1,1,1,1,1,Infield shade,Standard,295.0,-0.007,0.041,,,,,-0.041,,0,0,0.5,0.5,23,32,24,32,1,3,3.0,1.0,4.0,,3.23,0.78,-0.78,45.8,,,,,
FF,2025-10-06,99.3,-2.0,6.3,"Sasaki, Roki",607208,808963,field_out,hit_into_play,,,,,4.0,"Trea Turner grounds out, second baseman Tommy Edman to first baseman Freddie Freeman.",D,R,R,PHI,LAD,X,4.0,ground_ball,1,0,2025,-0.82,1.2,-0.5414219879951379,2.5650839786064283,681082.0,,596146.0,2,9,Bot,153.27,155.94,,,,,5.996326655004551,-144.4222041880513,-7.725176402076619,-12.87541669276832,33.39594735363714,-13.77260863601573,3.49,1.69,86.0,79.1,5.0,100.7,2179.0,7.0,813052,669257,518692,669242,571970,605141,571771,681909,681624,53.46,0.348,0.313,0.0,1.0,0.0,0.0,2.0,75,2,4-Seam Fastball,3,4,3,4,4,3,3,4,Standard,Standard,224.0,-0.21,-0.286,71.7,6.8,,0.393,0.286,88.0,-1,-1,0.21,0.21,23,32,24,32,1,4,2.0,2.0,3.0,2.0,1.11,0.82,0.82,43.8,3.719416664728077,14.783738098423951,21.134316999778758,31.06761354154839,22.26245518532489
FO,2025-10-06,84.6,-1.91,6.31,"Sasaki, Roki",607208,808963,,ball,,,,,11.0,,D,R,R,PHI,LAD,B,,,0,0,2025,-0.49,-0.38,-1.3222256106888493,2.940915448532819,681082.0,,596146.0,2,9,Bot,,,,,,,2.4020177520734958,-123.12392866836964,-0.6858757412649437,-5.503904104323021,26.88433852500485,-36.0744473987613,3.33432990718454,1.68999966476375,,,,85.4,519.0,7.0,813052,669257,518692,669242,571970,605141,571771,681909,681624,53.45,,,,,,,,75,1,Forkball,3,4,3,4,4,3,3,4,Standard,Standard,311.0,0.008,0.009,,,,,-0.009,,-1,-1,0.202,0.202,23,32,24,32,1,4,2.0,2.0,3.0,2.0,3.59,0.49,0.49,52.4,,,,,
FF,2025-10-04,100.0,-2.02,6.31,"Sasaki, Roki",681082,808963,field_out,hit_into_play,,,,,6.0,Bryson Stott pops out to third baseman Max Muncy in foul territory.,D,L,R,PHI,LAD,X,5.0,popup,1,1,2025,-0.52,1.39,0.279648188502179,2.753005389717715,596146.0,,,2,9,Bot,86.95,178.72,,,,,7.657152222398902,-145.19157512185328,-7.723108355607493,-9.322466192688754,36.871178826499325,-10.881386292674083,3.32,1.59,131.0,80.4,69.0,100.7,2047.0,7.0,813051,669257,518692,500743,571970,605141,571771,681909,681624,53.5,0.003,0.003,0.0,1.0,0.0,0.0,3.0,74,3,4-Seam Fastball,3,5,3,5,5,3,3,5,Standard,Standard,226.0,-0.051,-0.261,73.2,6.8,,0.003,0.261,88.0,-2,-2,0.051,0.051,23,27,24,28,1,3,3.0,6.0,2.0,2.0,0.92,0.52,-0.52,43.5,5.978797992414343,4.251033214771335,28.80199115980544,29.323600221782232,28.24566096350896
FO,2025-10-04,85.2,-1.93,6.38,"Sasaki, Roki",681082,808963,,ball,,,,,11.0,,D,L,R,PHI,LAD,B,,,0,1,2025,-0.33,-1.18,-3.2378813444624326,3.585592292345313,596146.0,,,2,9,Bot,,,,,,,-2.439878508059137,-123.96882418111744,2.240289868186811,-2.7518719689556077,28.756378781680635,-44.97111070304097,3.23530512747485,1.5617877608167,,,,85.3,649.0,6.7,813051,669257,518692,500743,571970,605141,571771,681909,681624,53.79,,,,,,,,74,2,Forkball,3,5,3,5,5,3,3,5,Standard,Standard,305.0,0.0,0.029,,,,,-0.029,,-2,-2,0.051,0.051,23,27,24,28,1,3,3.0,6.0,2.0,2.0,4.36,0.33,-0.33,46.7,,,,,
FF,2025-10-04,99.8,-2.03,6.31,"Sasaki, Roki",681082,808963,,called_strike,,,,,1.0,,D,L,R,PHI,LAD,S,,,0,0,2025,-0.62,1.4,-0.4383079137370148,3.0620467237775517,596146.0,,,2,9,Bot,,,,,,,5.898704684688074,-145.01224875101798,-6.87912807669926,-10.16680395668392,37.29762301772323,-10.954989619133324,3.18127040165765,1.47881735056633,,,,100.5,2032.0,7.0,813051,669257,518692,500743,571970,605141,571771,681909,681624,53.55,,,,,,,,74,1,4-Seam Fastball,3,5,3,5,5,3,3,5,Standard,Standard,226.0,0.0,-0.044,,,,,0.044,,-2,-2,0.051,0.051,23,27,24,28,1,3,3.0,6.0,2.0,2.0,0.91,0.62,-0.62,45.5,,,,,
FF,2025-10-04,100.8,-1.99,6.35,"Sasaki, Roki",592206,808963,field_out,hit_into_play,,,,,9.0,"Nick Castellanos grounds out, second baseman Miguel Rojas to first baseman Freddie Freeman. Max Kepler to 3rd.",D,R,R,PHI,LAD,X,4.0,ground_ball,0,0,2025,-1.03,1.42,0.5864284863250571,2.434304970371613,,596146.0,,1,9,Bot,137.58,146.82,,,,,9.736571631526088,-146.1712555897083,-8.946852419544598,-17.159335211367953,38.564366446440495,-9.76619096781298,3.94,1.89,38.0,93.9,-1.0,101.5,2162.0,7.1,813051,669257,518692,500743,571970,605141,571771,681909,681624,53.36,0.325,0.297,0.0,1.0,0.0,0.0,2.0,73,1,4-Seam Fastball,3,5,3,5,5,3,3,5,Standard,Standard,226.0,-0.073,-0.259,71.4,7.7,,0.326,0.259,93.9,-2,-2,0.124,0.124,23,33,24,33,1,1,3.0,6.0,2.0,2.0,0.86,1.03,1.03,44.5,7.709978916954586,11.44743795984328,32.94575213325969,45.80180229013149,15.352700857546305
FO,2025-10-04,88.5,-1.95,6.35,"Sasaki, Roki",596146,808963,double,hit_into_play,,,,,7.0,Max Kepler doubles (1) on a line drive to right fielder Andy Pages.,D,L,R,PHI,LAD,X,9.0,line_drive,0,2,2025,-0.51,-0.26,-0.6146884429221472,1.663633368194669,,,,1,9,Bot,200.31,126.9,,,,,4.39417492745268,-128.66524051305055,-4.752784093177678,-6.717831911912244,31.89511359980112,-34.07060262885091,3.41,1.61,228.0,81.4,19.0,89.1,740.0,7.2,813051,669257,518692,500743,571970,605141,571771,681909,681624,53.31,0.954,0.902,1.25,1.0,1.0,1.0,4.0,72,3,Forkball,3,5,3,5,5,3,3,5,Strategic,Standard,281.0,0.09,0.733,70.5,8.4,,1.089,-0.733,88.0,-2,-2,0.034,0.034,23,32,24,32,1,3,3.0,6.0,2.0,2.0,3.22,0.51,-0.51,49.6,14.630989471487789,-20.124275490946008,29.88769263572522,45.13854460968084,42.66308525370345
FO,2025-10-04,88.0,-2.04,6.31,"Sasaki, Roki",596146,808963,,called_strike,,,,,2.0,,D,L,R,PHI,LAD,S,,,0,1,2025,-0.28,-0.07,0.0697025780753776,3.3566581883001287,,,,1,9,Bot,,,,,,,5.76876965854848,-127.90292045065964,-0.8042846781045652,-4.426233222191142,30.800195264871576,-32.95601220935728,3.37013429200738,1.57495046881661,,,,88.5,715.0,7.1,813051,669257,518692,500743,571970,605141,571771,681909,681624,53.43,,,,,,,,72,2,Forkball,3,5,3,5,5,3,3,5,Standard,Standard,293.0,-0.008,-0.052,,,,,0.052,,-2,-2,0.042,0.042,23,32,24,32,1,3,3.0,6.0,2.0,2.0,3.06,0.28,-0.28,46.4,,,,,
FF,2025-10-04,100.2,-2.1,6.32,"Sasaki, Roki",596146,808963,,called_strike,,,,,1.0,,D,L,R,PHI,LAD,S,,,0,0,2025,-0.84,1.21,-0.7425233587990825,3.223462171566,,,,1,9,Bot,,,,,,,5.797452905517166,-145.63499096528656,-6.035882246887372,-13.343456021542924,40.33628787031218,-13.687172819152485,3.46315068565263,1.66863868553922,,,,100.7,2113.0,7.0,813051,669257,518692,500743,571970,605141,571771,681909,681624,53.47,,,,,,,,72,1,4-Seam Fastball,3,5,3,5,5,3,3,5,Standard,Standard,226.0,-0.005,-0.039,,,,,0.039,,-2,-2,0.047,0.047,23,32,24,32,1,3,3.0,6.0,2.0,2.0,1.1,0.84,-0.84,42.4,,,,,
FO,2025-10-04,87.1,-2.05,6.33,"Sasaki, Roki",592663,808963,strikeout,called_strike,,,,,1.0,J.T. Realmuto called out on strikes.,D,R,R,PHI,LAD,S,2.0,,1,2,2025,-0.03,-0.67,-0.3268797650398454,3.388463048478488,,,,0,9,Bot,,,,,,,4.274813954354365,-126.57403904797282,0.6761631447841965,-1.4342907974866763,31.99804161251641,-39.717851190451874,3.54545994330936,1.61473937632149,,,,87.4,618.0,7.1,813051,669257,518692,500743,571970,605141,571771,681909,681624,53.43,,0.0,0.0,1.0,0.0,0.0,,71,4,Forkball,3,5,3,5,5,3,3,5,Standard,Standard,326.0,-0.034,-0.189,,,,,0.189,,-2,-2,0.081,0.081,23,34,24,34,1,3,3.0,7.0,2.0,2.0,3.75,0.03,0.03,47.4,,,,,
FF,2025-10-04,99.8,-2.05,6.31,"Sasaki, Roki",592663,808963,,foul,,,,,14.0,,D,R,R,PHI,LAD,S,,,1,1,2025,-0.69,1.29,0.9413260701057188,2.5282951769267603,,,,0,9,Bot,,,,,,,9.969818920771726,-144.86717567894306,-8.153210473260073,-11.94233293564315,32.98799615334313,-12.190849462939084,3.66,1.74,196.0,71.6,51.0,101.1,2002.0,7.0,813051,669257,518692,500743,571970,605141,571771,681909,681624,53.45,,,,,,,,71,3,4-Seam Fastball,3,5,3,5,5,3,3,5,Standard,Standard,224.0,-0.012,-0.061,72.5,7.3,,,0.061,88.0,-2,-2,0.093,0.093,23,34,24,34,1,3,3.0,7.0,2.0,2.0,1.0,0.69,0.69,46.0,9.149457740196471,18.64776436934497,29.747164593807323,49.99001906341879,19.974957593046646
FF,2025-10-04,99.4,-2.14,6.21,"Sasaki, Roki",592663,808963,,foul,,,,,4.0,,D,R,R,PHI,LAD,S,,,1,0,2025,-1.2,0.91,-0.4124616293587333,3.005384137228157,,,,0,9,Bot,,,,,,,7.6480700142859455,-144.45439798009104,-5.509591205314793,-18.622314740300297,37.25685419679134,-18.2852784412966,3.66,1.74,177.0,75.8,63.0,100.2,2051.0,7.1,813051,669257,518692,500743,571970,605141,571771,681909,681624,53.44,,,,,,,,71,2,4-Seam Fastball,3,5,3,5,5,3,3,5,Standard,Standard,229.0,-0.012,-0.05,70.8,6.8,,,0.05,88.0,-2,-2,0.105,0.105,23,34,24,34,1,3,3.0,7.0,2.0,2.0,1.42,1.2,1.2,47.0,6.768418781935852,1.362902136178919,30.962150965898747,33.3120836120711,27.955372494565047
FF,2025-10-04,101.0,-1.93,6.29,"Sasaki, Roki",592663,808963,,ball,,,,,14.0,,D,R,R,PHI,LAD,B,,,0,0,2025,-0.69,1.33,2.162105054966953,1.726254412520163,,,,0,9,Bot,,,,,,,13.181293905336538,-146.0720932125276,-10.589231892702465,-13.118039290200656,37.18653938352332,-10.57790372436626,3.55785514967351,1.59829902842504,,,,101.7,2044.0,7.2,813051,669257,518692,500743,571970,605141,571771,681909,681624,53.33,,,,,,,,71,1,4-Seam Fastball,3,5,3,5,5,3,3,5,Standard,Standard,224.0,0.01,0.041,,,,,-0.041,,-2,-2,0.095,0.095,23,34,24,34,1,3,3.0,7.0,2.0,2.0,0.95,0.69,0.69,47.6,,,,,
FF,2025-10-01,99.8,-2.09,6.01,"Sasaki, Roki",669720,808963,field_out,hit_into_play,,,,,11.0,Austin Hays lines out to shortstop Mookie Betts.,F,R,R,LAD,CIN,X,6.0,line_drive,0,2,2025,-0.64,1.19,-0.9116151158206496,3.2327564535362026,,,,2,9,Top,103.98,150.09,,,,,4.851429145711233,-145.33706506980627,-5.216265558255811,-10.153815185045554,28.246441261663964,-14.29307489341564,3.33,1.52,138.0,57.8,23.0,102.3,1996.0,7.2,813068,666163,518692,500743,571970,605141,571771,681909,681624,53.29,0.329,0.296,0.0,1.0,0.0,0.0,1.0,83,3,4-Seam Fastball,8,4,4,8,4,8,4,8,Standard,Standard,227.0,0.001,-0.16,61.6,5.8,,0.329,0.16,88.0,4,-4,0.999,0.001,23,29,24,30,1,4,5.0,1.0,3.0,,1.07,0.64,0.64,39.7,7.889126800775427,2.5632471155019645,26.17624668271374,24.200626098050662,25.073900451584112
FF,2025-10-01,101.4,-2.11,6.05,"Sasaki, Roki",669720,808963,,foul,,,,,9.0,,F,R,R,LAD,CIN,S,,,0,1,2025,-1.09,1.08,0.2794201814392398,1.7672556307689518,,,,2,9,Top,,,,,,,9.393529413405233,-147.20345663191387,-9.364944278234772,-17.996013494212615,34.55752504775526,-14.38603550805968,3.33,1.52,2.0,41.6,-49.0,102.7,2073.0,7.1,813068,666163,518692,500743,571970,605141,571771,681909,681624,53.41,,,,,,,,83,2,4-Seam Fastball,8,4,4,8,4,8,4,8,Standard,Standard,228.0,0.0,-0.057,68.1,6.7,,,0.057,88.0,4,-4,0.999,0.001,23,29,24,30,1,4,5.0,1.0,3.0,,1.15,1.09,1.09,42.1,5.77477676999546,16.479638268685008,33.59536263214385,37.68341500144386,22.70621631020784
FF,2025-10-01,100.5,-2.18,6.08,"Sasaki, Roki",669720,808963,,foul,,,,,4.0,,F,R,R,LAD,CIN,S,,,0,0,2025,-0.75,1.11,-0.3031136653452939,2.463971342985821,,,,2,9,Top,,,,,,,7.05817019200018,-146.05248840675503,-7.357482004718293,-12.453305603262049,34.0699206505182,-14.75569436968518,3.33,1.52,60.0,75.2,80.0,101.4,2185.0,6.8,813068,666163,518692,500743,571970,605141,571771,681909,681624,53.7,,,,,,,,83,1,4-Seam Fastball,8,4,4,8,4,8,4,8,Standard,Standard,217.0,0.0,-0.043,69.9,6.6,,,0.043,88.0,4,-4,0.999,0.001,23,29,24,30,1,4,5.0,1.0,3.0,,1.15,0.75,0.75,43.1,4.237244106385693,-2.6668832310531947,29.91539601864651,29.85458358333603,34.731789720259336
FO,2025-10-01,89.3,-2.06,6.08,"Sasaki, Roki",666158,808963,strikeout,swinging_strike,,,,,14.0,Gavin Lux strikes out swinging.,F,L,R,LAD,CIN,S,2.0,,1,2,2025,-0.64,-0.63,0.4065116440764944,0.8609541041212885,,,,1,9,Top,,,,,,,7.514133752544499,-129.69029634994632,-5.490365568679753,-8.820145948249952,29.107771300675804,-38.23434406495398,3.21,1.55,,,,90.1,625.0,7.0,813068,666163,518692,500743,571970,605141,571771,681909,681624,53.47,,0.0,0.0,1.0,0.0,0.0,,82,4,Forkball,8,4,4,8,4,8,4,8,Strategic,Standard,297.0,0.004,-0.18,67.2,9.1,22.61908266,,0.18,,4,-4,0.995,0.005,23,27,24,28,1,4,5.0,1.0,3.0,,3.52,0.64,-0.64,46.4,31.85356069821152,-64.6210878227526,32.870930975246075,,
FO,2025-10-01,88.4,-2.11,6.15,"Sasaki, Roki",666158,808963,,ball,,,,,11.0,,F,L,R,LAD,CIN,B,,,0,2,2025,-0.09,-0.24,-1.1861539294605985,2.5754775114036565,,,,1,9,Top,,,,,,,2.475900095367848,-128.71957660521977,-2.1316545161878544,-1.5287308858349355,27.633019800168874,-34.633485473345225,3.13048507551074,1.67631296486021,,,,89.4,599.0,6.9,813068,666163,518692,500743,571970,605141,571771,681909,681624,53.57,,,,,,,,82,3,Forkball,8,4,4,8,4,8,4,8,Strategic,Standard,315.0,-0.001,0.017,,,,,-0.017,,4,-4,0.996,0.004,23,27,24,28,1,4,5.0,1.0,3.0,,3.16,0.09,-0.09,45.4,,,,,
FF,2025-10-01,100.3,-2.06,6.09,"Sasaki, Roki",666158,808963,,foul_tip,,,,,9.0,,F,L,R,LAD,CIN,S,,,0,1,2025,-0.74,1.21,0.4408243776906402,2.060264757693932,,,,1,9,Top,,,,,,,8.745949545508168,-145.66763048042662,-8.686556621234754,-12.612192897703007,34.643975906431166,-13.079209135886492,3.21,1.55,,,,101.1,2109.0,6.9,813068,666163,518692,500743,571970,605141,571771,681909,681624,53.63,,,,,,,,82,2,4-Seam Fastball,8,4,4,8,4,8,4,8,Strategic,Standard,230.0,0.001,-0.052,75.0,8.0,,,0.052,,4,-4,0.995,0.005,23,27,24,28,1,4,5.0,1.0,3.0,,1.07,0.74,-0.74,44.2,23.192226936419534,-8.900029814121076,34.35338878478927,28.56093830143045,40.66628769979637
FF,2025-10-01,100.5,-2.13,6.04,"Sasaki, Roki",666158,808963,,swinging_strike,,,,,14.0,,F,L,R,LAD,CIN,S,,,0,0,2025,-0.87,1.15,0.0549872346395301,1.2391228628851731,,,,1,9,Top,,,,,,,8.223366679007576,-145.74425390984644,-10.802861815407688,-14.297179085840911,34.67558664891235,-13.299590463620495,3.21,1.55,,,,101.8,2108.0,7.2,813068,666163,518692,500743,571970,605141,571771,681909,681624,53.3,,,,,,,,82,1,4-Seam Fastball,8,4,4,8,4,8,4,8,Standard,Standard,232.0,0.001,-0.039,74.2,8.3,0.624727872,,0.039,,4,-4,0.994,0.006,23,27,24,28,1,4,5.0,1.0,3.0,,1.12,0.87,-0.87,42.7,21.606793078990066,-12.93710178902284,37.12861507261261,32.927071950978906,38.75835837972173
FO,2025-10-01,87.8,-2.08,6.01,"Sasaki, Roki",668715,808963,strikeout,swinging_strike_blocked,,,,,13.0,"Spencer Steer strikes out swinging, catcher Ben Rortvedt to first baseman Freddie Freeman.",F,R,R,LAD,CIN,S,2.0,,1,2,2025,-0.35,-0.5,-0.182191580166996,0.374630965177678,,,,0,9,Top,,,,,,,5.394737113507369,-127.66908016367074,-6.57629755859458,-4.897593992469719,26.144351894211724,-36.500506448605535,3.36,1.59,,,,89.2,522.0,7.2,813068,666163,518692,500743,571970,605141,571771,681909,681624,53.31,,0.0,0.0,1.0,0.0,0.0,,81,4,Forkball,8,4,4,8,4,8,4,8,Standard,Standard,306.0,0.006,-0.189,44.7,7.9,6.605524968,,0.189,,4,-4,0.988,0.012,23,27,24,28,1,4,5.0,1.0,3.0,,3.46,0.35,0.35,44.1,15.14586980518684,-20.382888907942764,37.47475245068273,31.08128927571777,40.2714697324911
FF,2025-10-01,101.1,-2.13,6.05,"Sasaki, Roki",668715,808963,,foul,,,,,9.0,,F,R,R,LAD,CIN,S,,,1,1,2025,-0.87,1.32,0.3245761982985461,1.6088385202079072,,,,0,9,Top,,,,,,,9.020181957462174,-146.62740051246087,-10.33582500743241,-14.58708312996681,33.57542604376532,-10.871176521492837,3.36,1.59,249.0,81.7,41.0,102.5,2189.0,7.1,813068,666163,518692,500743,571970,605141,571771,681909,681624,53.36,,,,,,,,81,3,4-Seam Fastball,8,4,4,8,4,8,4,8,Standard,Standard,223.0,0.003,-0.061,72.7,7.3,,,0.061,88.0,4,-4,0.985,0.015,23,27,24,28,1,4,5.0,1.0,3.0,,0.92,0.87,0.87,42.6,-0.5930387592480038,14.157168614884611,33.752670629734986,38.529180107705145,23.23215856251289
FO,2025-10-01,87.6,-2.0,6.05,"Sasaki, Roki",668715,808963,,ball,,,,,11.0,,F,R,R,LAD,CIN,B,,,0,1,2025,-0.61,-0.3,-1.0986922482966937,2.982882467720619,,,,0,9,Top,,,,,,,3.513513789711704,-127.56570823934524,-0.6171792189802271,-7.40249076289636,27.55291305780892,-35.520800385342326,3.27285708308384,1.49957510862989,,,,89.1,532.0,7.3,813068,666163,518692,500743,571970,605141,571771,681909,681624,53.22,,,,,,,,81,2,Forkball,8,4,4,8,4,8,4,8,Standard,Standard,290.0,-0.001,0.031,,,,,-0.031,,4,-4,0.986,0.014,23,27,24,28,1,4,5.0,1.0,3.0,,3.28,0.61,0.61,51.5,,,,,
FF,2025-10-01,100.7,-2.17,6.0,"Sasaki, Roki",668715,808963,,called_strike,,,,,7.0,,F,R,R,LAD,CIN,S,,,0,0,2025,-0.9,1.38,-0.7475779600867763,2.046772270611924,,,,0,9,Top,,,,,,,6.185737335753233,-146.42554030341364,-9.058973502356617,-14.353106092915612,32.95872610023891,-10.420670112612877,3.37814181523943,1.57695907611064,,,,102.3,2113.0,7.1,813068,666163,518692,500743,571970,605141,571771,681909,681624,53.39,,,,,,,,81,1,4-Seam Fastball,8,4,4,8,4,8,4,8,Standard,Standard,228.0,0.001,-0.039,,,,,0.039,,4,-4,0.985,0.015,23,27,24,28,1,4,5.0,1.0,3.0,,0.87,0.9,0.9,43.2,,,,,
FO,2025-09-26,85.8,-2.08,6.16,"Sasaki, Roki",663728,808963,strikeout,swinging_strike_blocked,,,,,14.0,Cal Raleigh strikes out swinging.,R,L,R,SEA,LAD,S,2.0,,0,2,2025,0.06,-0.19,0.2973138683634449,0.8057486300331385,,668227.0,,2,7,Bot,,,,,,,5.580066978569391,-124.6966207528629,-6.06099165382598,-0.5045372203272485,26.19606293900971,-33.03622667484018,3.57,1.64,,,,86.9,605.0,7.2,776168,666163,687221,500743,571771,808975,624424,681624,606192,53.32,,0.0,0.0,1.0,0.0,0.0,,58,3,Forkball,1,3,1,3,3,1,1,3,Infield shade,Standard,324.0,-0.031,-0.193,46.9,8.4,7.677468888,,0.193,,-2,-2,0.169,0.169,23,28,24,29,1,3,2.0,1.0,5.0,1.0,3.3,-0.06,0.06,47.1,22.94972635724647,-10.49277466877058,39.821149284858194,30.60875193922457,38.606071654786014
FO,2025-09-26,85.3,-2.03,6.22,"Sasaki, Roki",663728,808963,,swinging_strike,,,,,13.0,,R,L,R,SEA,LAD,S,,,0,1,2025,-0.08,-0.24,-0.6648618946303604,1.4238619034385316,,668227.0,,2,7,Bot,,,,,,,3.414327141029664,-124.13853951410296,-4.519353930756092,-1.5687771309665426,26.73326361131316,-33.854033332531245,3.57,1.64,,,,86.3,583.0,7.1,776168,666163,687221,500743,571771,808975,624424,681624,606192,53.43,,,,,,,,58,2,Forkball,1,3,1,3,3,1,1,3,Standard,Standard,324.0,-0.012,-0.056,74.2,8.9,0.75461436,,0.056,,-2,-2,0.181,0.181,23,28,24,29,1,3,2.0,1.0,5.0,1.0,3.39,0.08,-0.08,47.9,20.43521589721845,-22.98980515333739,33.162821615840144,42.04137303921837,45.67677079674456
FO,2025-09-26,85.0,-2.2,6.22,"Sasaki, Roki",663728,808963,,called_strike,,,,,5.0,,R,L,R,SEA,LAD,S,,,0,0,2025,-0.06,-0.62,-0.1397914777493461,2.7178095288877757,,668227.0,,2,7,Bot,,,,,,,5.00660424682112,-123.6608743831988,-0.5937709870382409,-1.6273300334199237,25.98656911916765,-38.6469074507005,3.58368608864813,1.70068335552225,,,,86.0,773.0,7.1,776168,666163,687221,500743,571771,808975,624424,681624,606192,53.45,,,,,,,,58,1,Forkball,1,3,1,3,3,1,1,3,Standard,Standard,340.0,-0.008,-0.04,,,,,0.04,,-2,-2,0.189,0.189,23,28,24,29,1,3,2.0,1.0,5.0,1.0,3.79,0.06,-0.06,46.4,,,,,
FF,2025-09-26,100.1,-2.19,6.24,"Sasaki, Roki",668227,808963,double,hit_into_play,,,,,1.0,Randy Arozarena doubles (32) on a sharp line drive to left fielder Michael Conforto.,R,R,R,SEA,LAD,X,7.0,line_drive,0,1,2025,-0.93,1.41,-0.4870839573863194,3.045155403454008,,,,2,7,Bot,76.47,68.26,,,,,6.990014075147464,-145.4608434888949,-6.818560982805045,-14.880018959254349,35.89671513250209,-10.676837430200628,3.37,1.61,379.0,109.6,17.0,101.1,2356.0,7.0,776168,666163,687221,500743,571771,808975,624424,681624,606192,53.49,0.543,0.8443571428571428,1.25,1.0,1.0,1.0,6.0,57,2,4-Seam Fastball,1,3,1,3,3,1,1,3,Standard,Standard,225.0,0.037,0.622,,,,1.528,-0.622,109.6,-2,-2,0.152,0.152,23,30,24,30,1,3,2.0,1.0,5.0,1.0,0.88,0.93,0.93,42.5,,,,,
FF,2025-09-26,99.8,-2.24,6.24,"Sasaki, Roki",668227,808963,,called_strike,,,,,4.0,,R,R,R,SEA,LAD,S,,,0,0,2025,-0.85,1.38,-0.3776794613221866,3.2601267908992098,,,,2,7,Bot,,,,,,,7.215786473185517,-145.07408851613783,-6.128059631314875,-13.797665663008306,35.39704095933654,-11.377796749109878,3.97494641719109,1.92084416815458,,,,100.8,2296.0,7.0,776168,666163,687221,500743,571771,808975,624424,681624,606192,53.52,,,,,,,,57,1,4-Seam Fastball,1,3,1,3,3,1,1,3,Standard,Standard,223.0,-0.002,-0.043,,,,,0.043,,-2,-2,0.154,0.154,23,30,24,30,1,3,2.0,1.0,5.0,1.0,0.92,0.85,0.85,41.2,,,,,
FF,2025-09-26,99.7,-2.28,6.14,"Sasaki, Roki",702284,808963,strikeout,swinging_strike,,,,,8.0,Cole Young strikes out swinging.,R,L,R,SEA,LAD,S,2.0,,1,2,2025,-0.97,1.37,0.1481436931128649,1.868563301754449,,,,1,7,Bot,,,,,,,9.06691997572307,-144.61046038059513,-9.618218862154649,-15.788426697579997,36.18365861064832,-10.714160632347824,3.24,1.61,,,,100.4,2339.0,7.0,776168,666163,687221,500743,571771,808975,624424,681624,606192,53.47,,0.0,0.0,1.0,0.0,0.0,,56,4,4-Seam Fastball,1,3,1,3,3,1,1,3,Infield shade,Standard,223.0,-0.019,-0.18,74.9,6.8,1.403917908,,0.18,,-2,-2,0.173,0.173,23,21,24,22,1,2,2.0,1.0,5.0,2.0,0.95,0.97,-0.97,41.5,1.6627093683839582,6.432732233970862,38.3102920519462,31.945558786134534,16.969955776443364
FF,2025-09-26,98.5,-2.22,6.19,"Sasaki, Roki",702284,808963,,foul,,,,,13.0,,R,L,R,SEA,LAD,S,,,1,1,2025,-0.97,1.09,-0.8345802676836735,1.8776111653266057,,,,1,7,Bot,,,,,,,6.09033013206236,-143.08254403255745,-8.824480781485898,-14.750775920929849,35.69080600166481,-15.24980667770765,3.24,1.61,229.0,76.9,35.0,99.1,2163.0,6.9,776168,666163,687221,500743,571771,808975,624424,681624,606192,53.59,,,,,,,,56,3,4-Seam Fastball,1,3,1,3,3,1,1,3,Infield shade,Standard,225.0,-0.007,-0.064,74.1,7.3,,,0.064,88.0,-2,-2,0.18,0.18,23,21,24,22,1,2,2.0,1.0,5.0,2.0,1.28,0.97,-0.97,44.3,0.0147599848893709,13.620877272732578,27.149123958919017,44.455620252432,16.73404713672424
FO,2025-09-26,86.7,-2.1,6.2,"Sasaki, Roki",702284,808963,,ball,,,,,13.0,,R,L,R,SEA,LAD,B,,,0,1,2025,-0.12,-0.72,-0.4850651304511472,1.3106761417050303,,,,1,7,Bot,,,,,,,4.16377306959489,-126.12046646726056,-3.998722006716611,-2.227567405232313,28.0921445820154,-39.12936892401788,3.29261349746738,1.50000771944607,,,,87.6,592.0,7.1,776168,666163,687221,500743,571771,808975,624424,681624,606192,53.44,,,,,,,,56,2,Forkball,1,3,1,3,3,1,1,3,Infield shade,Standard,329.0,0.003,0.029,,,,,-0.029,,-2,-2,0.177,0.177,23,21,24,22,1,2,2.0,1.0,5.0,2.0,3.78,0.12,-0.12,45.9,,,,,
FF,2025-09-26,98.4,-2.25,6.16,"Sasaki, Roki",702284,808963,,called_strike,,,,,8.0,,R,L,R,SEA,LAD,S,,,0,0,2025,-0.96,1.31,-0.2389744832643814,1.8561539241206213,,,,1,7,Bot,,,,,,,7.787385426647124,-142.79068052834063,-9.265746803581592,-15.04651707227013,35.84016029392134,-12.23909437532622,3.37403322111363,1.64886326470209,,,,99.0,2267.0,7.0,776168,666163,687221,500743,571771,808975,624424,681624,606192,53.51,,,,,,,,56,1,4-Seam Fastball,1,3,1,3,3,1,1,3,Infield shade,Standard,230.0,-0.004,-0.039,,,,,0.039,,-2,-2,0.181,0.181,23,21,24,22,1,2,2.0,1.0,5.0,2.0,1.08,0.96,-0.96,43.6,,,,,
FO,2025-09-26,86.5,-2.16,6.23,"Sasaki, Roki",641487,808963,field_out,hit_into_play,,,,,11.0,"J.P. Crawford grounds out, third baseman Enrique Hernández to first baseman Dalton Rushing.",R,L,R,SEA,LAD,X,5.0,ground_ball,0,2,2025,-0.88,-0.18,-1.444654257390929,2.450389232543366,,,,0,7,Bot,103.86,162.73,,,,,3.575602560687493,-125.75380979147675,-2.333872849816955,-10.095891663240211,29.823120406904906,-33.786972409248705,3.2,1.52,13.0,79.8,-9.0,87.1,635.0,7.1,776168,666163,687221,500743,571771,808975,624424,681624,606192,53.39,0.084,0.08,0.0,1.0,0.0,0.0,2.0,55,3,Forkball,1,3,1,3,3,1,1,3,Infield shade,Standard,317.0,-0.024,-0.165,59.8,6.7,,0.105,0.165,88.0,-2,-2,0.205,0.205,23,30,24,30,1,2,2.0,1.0,5.0,2.0,3.28,0.88,-0.88,46.6,-3.842178699746688,23.869009744194152,22.594564889258077,53.91720092610191,21.36068753053356
FO,2025-09-26,87.2,-2.16,6.25,"Sasaki, Roki",641487,808963,,swinging_strike,,,,,14.0,,R,L,R,SEA,LAD,S,,,0,1,2025,-0.87,-0.54,0.3677950537046539,0.1972571935543485,,,,0,7,Bot,,,,,,,7.991908331287429,-126.6169824031959,-7.311718250762302,-11.085995431788415,27.457179498010976,-36.570648836511445,3.2,1.52,,,,88.1,512.0,7.1,776168,666163,687221,500743,571771,808975,624424,681624,606192,53.37,,,,,,,,55,2,Forkball,1,3,1,3,3,1,1,3,Infield shade,Standard,300.0,-0.01,-0.055,74.8,9.1,9.924211356,,0.055,,-2,-2,0.215,0.215,23,30,24,30,1,2,2.0,1.0,5.0,2.0,3.57,0.87,-0.87,47.1,33.41811308706217,-28.83926608531764,42.08981182052043,33.49483199387757,54.88295941269669
FF,2025-09-26,98.3,-2.23,6.08,"Sasaki, Roki",641487,808963,,foul,,,,,4.0,,R,L,R,SEA,LAD,S,,,0,0,2025,-0.78,1.34,-0.4194808844373358,2.1612750951829782,,,,0,7,Bot,,,,,,,6.790187200997686,-142.70170318322937,-8.299908179669497,-12.219161969885736,34.78356458596738,-12.141203424085154,3.2,1.52,234.0,74.2,32.0,99.3,2113.0,7.1,776168,666163,687221,500743,571771,808975,624424,681624,606192,53.38,,,,,,,,55,1,4-Seam Fastball,1,3,1,3,3,1,1,3,Infield shade,Standard,225.0,-0.006,-0.039,70.4,7.6,,,0.039,88.0,-2,-2,0.221,0.221,23,30,24,30,1,2,2.0,1.0,5.0,2.0,1.04,0.78,-0.78,44.4,0.0364438885654504,8.572102206537386,37.35931226122987,42.20165431667194,28.353269837191377
FF,2025-09-24,99.5,-2.02,6.18,"Sasaki, Roki",545121,808963,strikeout,foul_tip,,,,,7.0,Ildemaro Vargas strikes out on a foul tip.,R,L,R,AZ,LAD,S,2.0,,3,2,2025,-0.92,1.21,-0.4456387974566103,1.7046875060197042,,,,2,7,Bot,,,,,,,6.54796512040942,-144.55860864380784,-9.85416117344681,-14.350039787988509,32.54336149206338,-13.087400694616129,3.36,1.57,,,,100.9,2171.0,7.1,776193,666163,518692,500743,571970,605141,681624,669242,606192,53.42,,0.0,0.0,1.0,0.0,0.0,,54,6,4-Seam Fastball,1,3,1,3,3,1,1,3,Strategic,Standard,224.0,-0.019,-0.328,65.7,7.5,,,0.328,,-2,-2,0.157,0.157,23,33,24,34,1,2,138.0,1.0,2.0,1.0,1.09,0.92,-0.92,42.7,-3.8673029485321457,0.8606283116238221,31.16691512094453,36.656763718180265,15.486917994101368
FO,2025-09-24,88.6,-2.1,6.23,"Sasaki, Roki",545121,808963,,ball,,,,,11.0,,R,L,R,AZ,LAD,B,,,2,2,2025,-0.68,0.31,-2.1790595937878425,2.5176917646939456,,,,2,7,Bot,,,,,,,1.248120515416688,-129.0253007319682,-3.73282014030939,-7.845678092235658,25.88884017155218,-28.121421278293727,3.34563492541323,1.64652770073783,,,,90.4,872.0,7.3,776193,666163,518692,500743,571970,605141,681624,669242,606192,53.25,,,,,,,,54,5,Forkball,1,3,1,3,3,1,1,3,Strategic,Standard,284.0,0.005,0.104,,,,,-0.104,,-2,-2,0.152,0.152,23,33,24,34,1,2,138.0,1.0,2.0,1.0,2.58,0.68,-0.68,44.9,,,,,
FO,2025-09-24,86.1,-1.88,6.24,"Sasaki, Roki",545121,808963,,swinging_strike,,,,,7.0,,R,L,R,AZ,LAD,S,,,2,1,2025,-0.99,-0.27,-0.3437119461184381,2.0428807186412627,,,,2,7,Bot,,,,,,,5.752270862032062,-125.28462518872873,-3.182539047075898,-11.56348194303248,26.62756322955777,-34.502570199031055,3.36,1.57,,,,87.3,547.0,7.2,776193,666163,518692,500743,571970,605141,681624,669242,606192,53.32,,,,,,,,54,4,Forkball,1,3,1,3,3,1,1,3,Standard,Standard,286.0,-0.004,-0.073,66.2,7.9,0.474485868,,0.073,,-2,-2,0.156,0.156,23,33,24,34,1,2,138.0,1.0,2.0,1.0,3.35,0.99,-0.99,47.0,13.068949868231352,-25.50972375879281,16.210084006932224,37.44155318641642,39.85919431183719
FO,2025-09-24,86.8,-1.9,6.31,"Sasaki, Roki",545121,808963,,ball,,,,,11.0,,R,L,R,AZ,LAD,B,,,1,1,2025,0.29,-0.43,-0.9798881241342636,3.312602612543021,,,,2,7,Bot,,,,,,,1.6429893644783138,-126.43425615818894,-0.1093237892881795,2.7448271430902893,26.086653094794716,-36.92422398954197,3.35028084371594,1.59705276658338,,,,87.9,606.0,7.0,776193,666163,518692,500743,571970,605141,681624,669242,606192,53.53,,,,,,,,54,3,Forkball,1,3,1,3,3,1,1,3,Standard,Standard,306.0,0.003,0.053,,,,,-0.053,,-2,-2,0.153,0.153,23,33,24,34,1,2,138.0,1.0,2.0,1.0,3.45,-0.29,0.29,49.1,,,,,
FF,2025-09-24,99.4,-2.09,6.14,"Sasaki, Roki",545121,808963,,called_strike,,,,,9.0,,R,L,R,AZ,LAD,S,,,1,0,2025,-0.9,1.15,0.4862247562330188,2.0210649439449195,,,,2,7,Bot,,,,,,,9.29518967849798,-144.2710453963117,-8.690511009006443,-14.73192527082923,31.804551855176182,-14.21869166915157,3.28423779766154,1.61191823115808,,,,100.9,2141.0,7.1,776193,666163,518692,500743,571970,605141,681624,669242,606192,53.39,,,,,,,,54,2,4-Seam Fastball,1,3,1,3,3,1,1,3,Standard,Standard,230.0,-0.003,-0.054,,,,,0.054,,-2,-2,0.156,0.156,23,33,24,34,1,2,138.0,1.0,2.0,1.0,1.16,0.9,-0.9,44.1,,,,,
FF,2025-09-24,99.8,-2.06,6.19,"Sasaki, Roki",545121,808963,,ball,,,,,14.0,,R,L,R,AZ,LAD,B,,,0,0,2025,-0.86,1.1,0.4648328974554683,1.5735125075750291,,,,2,7,Bot,,,,,,,9.104838409180324,-144.77354826172012,-10.036626144333107,-14.210108841447711,31.61085639687376,-14.52580056802972,3.34021527999753,1.85662354779552,,,,101.3,2196.0,7.1,776193,666163,518692,500743,571970,605141,681624,669242,606192,53.38,,,,,,,,54,1,4-Seam Fastball,1,3,1,3,3,1,1,3,Standard,Standard,223.0,0.002,0.037,,,,,-0.037,,-2,-2,0.154,0.154,23,33,24,34,1,2,138.0,1.0,2.0,1.0,1.19,0.86,-0.86,43.8,,,,,
SI,2025-09-24,99.1,-2.11,6.22,"Sasaki, Roki",694374,808963,strikeout,called_strike,,,,,13.0,Tim Tawa called out on strikes.,R,R,R,AZ,LAD,S,2.0,,2,2,2025,-1.24,0.74,-0.9031696265701064,1.807489514400147,,,,1,7,Bot,,,,,,,6.273038620480049,-144.05935473689323,-8.523478868939758,-18.68425670376767,31.532888007818052,-20.05834676269069,3.40239398081029,1.54480907964457,,,,100.8,2112.0,7.1,776193,666163,518692,500743,571970,605141,681624,669242,606192,53.36,,0.0,0.0,1.0,0.0,0.0,,53,5,Sinker,1,3,1,3,3,1,1,3,Standard,Standard,229.0,-0.023,-0.228,,,,,0.228,,-2,-2,0.177,0.177,23,26,24,26,1,2,138.0,1.0,2.0,1.0,1.57,1.24,1.24,43.8,,,,,
FO,2025-09-24,88.0,-1.94,6.18,"Sasaki, Roki",694374,808963,,ball,,,,,14.0,,R,R,R,AZ,LAD,B,,,1,2,2025,-0.97,0.07,0.0896735328905079,-0.3660937114667018,,,,1,7,Bot,,,,,,,7.0642488622764565,-127.65191306901754,-10.037643596902807,-12.109185483456118,26.71362825395272,-29.433187107432182,3.37621298137031,1.56018593865327,,,,89.4,595.0,7.3,776193,666163,518692,500743,571970,605141,681624,669242,606192,53.17,,,,,,,,53,4,Forkball,1,3,1,3,3,1,1,3,Standard,Standard,291.0,0.004,0.048,,,,,-0.048,,-2,-2,0.173,0.173,23,26,24,26,1,2,138.0,1.0,2.0,1.0,2.89,0.97,0.97,44.5,,,,,
SI,2025-09-24,98.3,-2.05,6.19,"Sasaki, Roki",694374,808963,,swinging_strike,,,,,13.0,,R,R,R,AZ,LAD,S,,,1,1,2025,-1.25,0.8,-1.3088618782622052,1.5334660884847675,,,,1,7,Bot,,,,,,,4.963803049045781,-142.80815029285995,-9.087658162513042,-18.23019661669654,32.49804833433652,-19.311047074509123,3.36,1.61,,,,99.4,2029.0,7.0,776193,666163,518692,500743,571970,605141,681624,669242,606192,53.54,,,,,,,,53,3,Sinker,1,3,1,3,3,1,1,3,Standard,Standard,229.0,-0.007,-0.064,76.3,7.0,2.47260726,,0.064,,-2,-2,0.18,0.18,23,26,24,26,1,2,138.0,1.0,2.0,1.0,1.56,1.25,1.25,44.5,8.262018219280066,-7.53291118085478,40.974961858016265,19.21926090162807,30.681770528202676
FO,2025-09-24,86.3,-2.04,6.24,"Sasaki, Roki",694374,808963,,ball,,,,,11.0,,R,R,R,AZ,LAD,B,,,0,1,2025,-0.57,-0.17,-1.625244886094971,2.5800831610841515,,,,1,7,Bot,,,,,,,2.177795765531372,-125.67477165392349,-2.1628802596518244,-6.43776783783458,25.6218388743812,-33.77670624128627,3.35162725752775,1.53558965709685,,,,87.6,594.0,7.1,776193,666163,518692,500743,571970,605141,681624,669242,606192,53.4,,,,,,,,53,2,Forkball,1,3,1,3,3,1,1,3,Standard,Standard,291.0,0.003,0.029,,,,,-0.029,,-2,-2,0.177,0.177,23,26,24,26,1,2,138.0,1.0,2.0,1.0,3.23,0.57,0.57,49.2,,,,,
FF,2025-09-24,99.0,-2.03,6.17,"Sasaki, Roki",694374,808963,,called_strike,,,,,8.0,,R,R,R,AZ,LAD,S,,,0,0,2025,-0.77,1.14,0.2131995014171317,1.6816993403074387,,,,1,7,Bot,,,,,,,8.026249659157152,-143.76217699422574,-9.60791482799078,-12.553293604653012,32.71296654666092,-14.230207100182223,3.29549385091991,1.50654763555847,,,,100.4,2091.0,7.1,776193,666163,518692,500743,571970,605141,681624,669242,606192,53.38,,,,,,,,53,1,4-Seam Fastball,1,3,1,3,3,1,1,3,Standard,Standard,220.0,-0.004,-0.039,,,,,0.039,,-2,-2,0.181,0.181,23,26,24,26,1,2,138.0,1.0,2.0,1.0,1.19,0.77,0.77,43.5,,,,,
FO,2025-09-24,87.3,-2.03,6.13,"Sasaki, Roki",543510,808963,field_out,hit_into_play,,,,,4.0,"James McCann grounds out, third baseman Max Muncy to first baseman Freddie Freeman.",R,R,R,AZ,LAD,X,5.0,ground_ball,0,1,2025,0.05,-0.07,-0.3542377051220101,2.291167575491113,,,,0,7,Bot,78.94,154.86,,,,,4.002644026330215,-127.13263815523185,-2.9739952513895096,-0.3262114911521069,27.04134047666644,-32.51262740151208,3.47,1.54,7.0,98.1,-20.0,88.7,782.0,7.2,776193,666163,518692,500743,571970,605141,681624,669242,606192,53.29,0.11,0.1,0.0,1.0,0.0,0.0,2.0,52,2,Forkball,1,3,1,3,3,1,1,3,Standard,Standard,307.0,-0.034,-0.22,75.2,7.0,,0.148,0.22,98.1,-2,-2,0.215,0.215,23,35,24,35,1,2,138.0,1.0,2.0,2.0,3.06,-0.05,-0.05,45.7,7.592254490180033,-7.001394535151246,32.668003156551435,31.76912257777556,41.97895932001677
FF,2025-09-24,99.1,-2.12,6.16,"Sasaki, Roki",543510,808963,,called_strike,,,,,9.0,,R,R,R,AZ,LAD,S,,,0,0,2025,-0.8,1.17,0.5032604448950886,1.4447768855266254,,,,0,7,Bot,,,,,,,9.151232447148962,-143.72483215137277,-10.253838000285612,-13.288725353089296,35.11159056817472,-13.701611932623573,3.5092969123707,1.44993664479593,,,,100.1,2097.0,7.2,776193,666163,518692,500743,571970,605141,681624,669242,606192,53.33,,,,,,,,52,1,4-Seam Fastball,1,3,1,3,3,1,1,3,Standard,Standard,224.0,-0.006,-0.039,,,,,0.039,,-2,-2,0.221,0.221,23,35,24,35,1,2,138.0,1.0,2.0,2.0,1.18,0.8,0.8,44.3,,,,,
FF,2025-05-09,96.5,-2.31,6.06,"Sasaki, Roki",606466,808963,walk,ball,,,,,11.0,Ketel Marte walks.,R,L,R,AZ,LAD,B,,,3,2,2025,-0.84,1.08,-1.8487743048011869,3.0153762742671835,,,,0,5,Bot,,,,,,,3.197606106809907,-140.54324461783082,-5.087922384544746,-11.886502283211607,31.66021031721037,-16.901685577116066,3.70848922371361,1.74217607977978,,,,98.1,2109.0,7.1,777988,669257,518692,500743,571771,605141,621035,681546,681624,53.36,,0.691497,0.7,1.0,0.0,0.0,,48,7,4-Seam Fastball,4,8,4,8,8,4,4,8,Infield shade,Standard,221.0,0.03,0.356,,,,,-0.356,,-4,-4,0.127,0.127,23,31,24,32,3,2,6.0,1.0,138.0,1.0,1.36,0.84,-0.84,42.1,,,,,
FO,2025-05-09,84.1,-2.38,6.17,"Sasaki, Roki",606466,808963,,ball,,,,,11.0,,R,L,R,AZ,LAD,B,,,2,2,2025,0.11,-0.5,-2.3188924759214165,3.442839210939686,,,,0,5,Bot,,,,,,,-0.0773069694503101,-122.5582470508332,1.0732394420333795,1.0782088412053372,23.9004507304724,-37.68169529320891,3.68352467991756,1.73133733255289,,,,85.7,465.0,7.2,777988,669257,518692,500743,571771,605141,621035,681546,681624,53.32,,,,,,,,48,6,Forkball,4,8,4,8,8,4,4,8,Infield shade,Standard,325.0,0.008,0.112,,,,,-0.112,,-4,-4,0.119,0.119,23,31,24,32,3,2,6.0,1.0,138.0,1.0,3.71,-0.11,0.11,43.1,,,,,
FO,2025-05-09,86.3,-2.37,6.15,"Sasaki, Roki",606466,808963,,foul,,,,,9.0,,R,L,R,AZ,LAD,S,,,2,2,2025,0.37,0.11,0.7216452996904509,2.004803633266867,,,,0,5,Bot,,,,,,,6.721118937571794,-125.4359838007932,-3.840762636924379,2.4213646970164016,27.425317556624517,-30.42984258691999,3.62,1.74,266.0,80.5,28.0,87.5,403.0,7.3,777988,669257,518692,500743,571771,605141,621035,681546,681624,53.23,,,,,,,,48,5,Forkball,4,8,4,8,8,4,4,8,Infield shade,Standard,307.0,0.0,0.0,75.2,8.7,,,0.0,88.0,-4,-4,0.119,0.119,23,31,24,32,3,2,6.0,1.0,138.0,1.0,2.98,-0.37,0.37,48.3,20.04869364898595,-25.15561252907188,34.18163488398462,24.09496864307657,43.97212452628224
ST,2025-05-09,83.1,-2.43,6.16,"Sasaki, Roki",606466,808963,,ball,,,,,4.0,,R,L,R,AZ,LAD,B,,,1,2,2025,0.8,0.33,-0.7286470066522239,2.562955878624648,,,,0,5,Bot,,,,,,,2.3859602766364056,-121.0577416960025,-2.453495395453555,7.351040387166109,23.821606026301637,-28.67804754208852,3.49605756273493,1.65746228169968,,,,84.5,1868.0,7.1,777988,669257,518692,500743,571771,605141,621035,681546,681624,53.36,,,,,,,,48,4,Sweeper,4,8,4,8,8,4,4,8,Infield shade,Standard,42.0,0.003,0.043,,,,,-0.043,,-4,-4,0.116,0.116,23,31,24,32,3,2,6.0,1.0,138.0,1.0,2.97,-0.8,0.8,46.6,,,,,
FO,2025-05-09,86.2,-2.4,6.14,"Sasaki, Roki",606466,808963,,ball,,,,,11.0,,R,L,R,AZ,LAD,B,,,0,2,2025,-0.24,-0.27,-0.9729207701816276,2.885066247109444,,,,0,5,Bot,,,,,,,3.948535551758378,-125.55072816587356,-0.9490170007053704,-3.391746382921762,26.167723888129853,-35.07579130369409,3.60941011290731,1.68464331665172,,,,87.6,456.0,7.2,777988,669257,518692,500743,571771,605141,621035,681546,681624,53.33,,,,,,,,48,3,Forkball,4,8,4,8,8,4,4,8,Infield shade,Standard,311.0,0.002,0.024,,,,,-0.024,,-4,-4,0.114,0.114,23,31,24,32,3,2,6.0,1.0,138.0,1.0,3.34,0.24,-0.24,43.2,,,,,
FO,2025-05-09,86.6,-2.38,6.09,"Sasaki, Roki",606466,808963,,swinging_strike,,,,,14.0,,R,L,R,AZ,LAD,S,,,0,1,2025,-0.2,-0.01,0.9725210568466862,0.5061013818375728,,,,0,5,Bot,,,,,,,8.57088790551663,-125.74458723182154,-7.192713816356783,-3.902610609010059,26.47964779610069,-30.871371570291757,3.62,1.74,,,,88.0,452.0,7.4,777988,669257,518692,500743,571771,605141,621035,681546,681624,53.14,,,,,,,,48,2,Forkball,4,8,4,8,8,4,4,8,Infield shade,Standard,271.0,-0.005,-0.055,76.7,9.0,7.65629262,,0.055,,-4,-4,0.119,0.119,23,31,24,32,3,2,6.0,1.0,138.0,1.0,3.07,0.2,-0.2,46.5,26.96192689542169,-41.54279597952888,45.34813081380096,21.488843402768964,59.53124337176163
FO,2025-05-09,84.0,-2.3,6.09,"Sasaki, Roki",606466,808963,,called_strike,,,,,4.0,,R,L,R,AZ,LAD,S,,,0,0,2025,-0.31,-0.22,-0.6605288399124833,2.344203190869179,,,,0,5,Bot,,,,,,,4.495395946328904,-122.23210894262378,-1.8174797344698552,-4.062127064592153,25.901541404146677,-34.19680956249693,3.61697985339347,1.67021842035496,,,,85.2,382.0,7.3,777988,669257,518692,500743,571771,605141,621035,681546,681624,53.25,,,,,,,,48,1,Forkball,4,8,4,8,8,4,4,8,Standard,Standard,293.0,-0.003,-0.039,,,,,0.039,,-4,-4,0.122,0.122,23,31,24,32,3,2,6.0,1.0,138.0,1.0,3.47,0.31,-0.31,45.6,,,,,
FO,2025-05-09,85.1,-2.25,6.07,"Sasaki, Roki",682998,808963,field_out,hit_into_play,,,,,7.0,Corbin Carroll flies out to center fielder James Outman.,R,L,R,AZ,LAD,X,8.0,fly_ball,2,2,2025,-0.05,0.37,-0.6247276957270854,1.9581420578750637,,677950.0,672695.0,2,4,Bot,124.01,49.36,,,,,3.992082699813204,-123.80000414537048,-4.077472719505922,-1.4026641329180527,27.254437567034422,-27.76616976373713,3.23,1.54,380.0,100.3,34.0,86.4,604.0,7.3,777988,669257,518692,500743,571771,605141,621035,681546,681624,53.16,0.369,0.7360384615384614,0.0,1.0,0.0,0.0,5.0,44,6,Forkball,4,8,4,8,8,4,4,8,Standard,Standard,328.0,-0.031,-0.203,71.9,7.7,,1.441,0.203,100.3,-4,-4,0.135,0.135,23,24,24,25,3,2,6.0,1.0,138.0,1.0,2.81,0.05,-0.05,46.8,9.243995446963016,-2.614141997430403,27.571805911919487,44.740915613940864,38.050572338295325
FO,2025-05-09,85.5,-2.25,6.06,"Sasaki, Roki",682998,808963,,foul,,,,,7.0,,R,L,R,AZ,LAD,S,,,1,2,2025,0.41,-0.17,-0.4947284932933785,1.9181130077552224,,677950.0,672695.0,2,4,Bot,,,,,,,3.3704467354694434,-124.42329393843768,-3.128924187881874,3.5092597738268068,27.17234797940066,-33.430678827386565,3.23,1.54,,,,86.7,453.0,7.2,777988,669257,518692,500743,571771,605141,621035,681546,681624,53.26,,,,,,,,44,4,Forkball,4,8,4,8,8,4,4,8,Standard,Standard,332.0,0.0,0.0,74.7,7.7,,,0.0,,-4,-4,0.129,0.129,23,24,24,25,3,2,6.0,1.0,138.0,1.0,3.31,-0.41,0.41,45.4,14.656766903794212,2.0282643706657764,26.076794962420003,43.17505063655239,39.47950243288891
FO,2025-05-09,83.9,-2.27,6.09,"Sasaki, Roki",682998,808963,,called_strike,,,,,4.0,,R,L,R,AZ,LAD,S,,,1,1,2025,0.43,0.07,-0.4690165606842528,2.5874395804015,,677950.0,672695.0,2,4,Bot,,,,,,,3.385221266454704,-122.15553391697895,-1.7916497697124407,3.5029730125289555,26.173474308865867,-31.35060913130117,3.21714466584342,1.56948210851841,,,,85.0,423.0,7.2,777988,669257,518692,500743,571771,605141,621035,681546,681624,53.32,,,,,,,,44,3,Forkball,4,8,4,8,8,4,4,8,Infield shade,Standard,333.0,-0.009,-0.063,,,,,0.063,,-4,-4,0.138,0.138,23,24,24,25,3,2,6.0,1.0,138.0,1.0,3.19,-0.43,0.43,43.7,,,,,
FO,2025-05-09,85.0,-2.27,6.02,"Sasaki, Roki",682998,808963,,blocked_ball,,,,,13.0,,R,L,R,AZ,LAD,B,,,0,1,2025,-0.68,-0.26,-0.3198577007344646,0.3746117266557127,,677950.0,672695.0,2,4,Bot,,,,,,,6.046316469157243,-123.52031931189924,-6.473296988705821,-8.23272350160643,25.201108735828875,-33.65420778812057,3.29014872201924,1.64258396598186,,,,86.4,455.0,7.3,777988,669257,518692,500743,571771,605141,621035,681546,681624,53.2,,,,,,,,44,2,Forkball,4,8,4,8,8,4,4,8,Infield shade,Standard,291.0,0.003,0.018,,,,,-0.018,,-4,-4,0.135,0.135,23,24,24,25,3,2,6.0,1.0,138.0,1.0,3.43,0.68,-0.68,44.6,,,,,
FO,2025-05-09,83.5,-2.15,6.14,"Sasaki, Roki",682998,808963,,called_strike,,,,,4.0,,R,L,R,AZ,LAD,S,,,0,0,2025,-0.21,-0.67,-0.739397506284994,2.2058835044852767,,677950.0,672695.0,2,4,Bot,,,,,,,3.727230142740332,-121.52937706672172,-1.2536311157037008,-2.8694840303324374,25.769211486693283,-38.74307903749147,3.2417667670076,1.59388114978283,,,,84.5,431.0,7.1,777988,669257,518692,500743,571771,605141,621035,681546,681624,53.38,,,,,,,,44,1,Forkball,4,8,4,8,8,4,4,8,Standard,Standard,311.0,-0.005,-0.047,,,,,0.047,,-4,-4,0.14,0.14,23,24,24,25,3,2,6.0,1.0,138.0,1.0,3.96,0.21,-0.21,44.8,,,,,
FF,2025-05-09,94.6,-2.41,6.03,"Sasaki, Roki",672695,808963,walk,ball,,,,,11.0,Geraldo Perdomo walks. Alek Thomas to 2nd.,R,L,R,AZ,LAD,B,,,3,2,2025,-0.95,1.16,-1.150348885378121,3.4224067527119937,,,677950.0,2,4,Bot,,,,,,,5.487125670640235,-137.73938982733998,-3.7770333190609673,-13.295187304776812,29.134631520323538,-16.755127218667084,3.52504432663393,1.68840065181303,,,,96.0,2015.0,7.0,777988,669257,518692,500743,571771,605141,621035,681546,681624,53.53,,0.691497,0.7,1.0,0.0,0.0,,43,6,4-Seam Fastball,4,8,4,8,8,4,4,8,Infield shade,Standard,226.0,0.016,0.24,,,,,-0.24,,-4,-4,0.124,0.124,23,25,24,26,2,1,6.0,1.0,138.0,1.0,1.37,0.95,-0.95,39.7,,,,,
FF,2025-05-09,95.8,-2.35,6.0,"Sasaki, Roki",672695,808963,,blocked_ball,,,,,14.0,,R,L,R,AZ,LAD,B,,,2,2,2025,-1.13,1.05,0.0891234622791714,0.5641735440780886,,,677950.0,2,4,Bot,,,,,,,9.138540906603914,-138.88918351153117,-11.24907604003976,-16.671810044958075,30.48467019061987,-16.229360529421744,3.45839921332171,1.5941739471762,,,,97.2,2205.0,7.2,777988,669257,518692,500743,571771,605141,621035,681546,681624,53.29,,,,,,,,43,5,4-Seam Fastball,4,8,4,8,8,4,4,8,Infield shade,Standard,231.0,0.006,0.079,,,,,-0.079,,-4,-4,0.118,0.118,23,25,24,26,2,1,6.0,1.0,138.0,1.0,1.45,1.13,-1.13,40.8,,,,,
FO,2025-05-09,84.7,-2.18,6.04,"Sasaki, Roki",672695,808963,,blocked_ball,,,,,14.0,,R,L,R,AZ,LAD,B,,,1,2,2025,0.32,0.01,0.6489157226479645,0.2386205776923855,,,677950.0,2,4,Bot,,,,,,,6.081331851104968,-123.13135952866966,-7.292742644752231,1.9981964697584225,25.70810859182859,-30.784423322096576,3.42851579115008,1.64688401120144,,,,86.1,471.0,7.4,777988,669257,518692,500743,571771,605141,621035,681546,681624,53.13,,,,,,,,43,4,Forkball,4,8,4,8,8,4,4,8,Infield shade,Standard,317.0,0.002,0.033,,,,,-0.033,,-4,-4,0.116,0.116,23,25,24,26,2,1,6.0,1.0,138.0,1.0,3.19,-0.32,0.32,44.6,,,,,
FO,2025-05-09,83.0,-2.2,6.08,"Sasaki, Roki",672695,808963,,foul_tip,,,,,8.0,,R,L,R,AZ,LAD,S,,,1,1,2025,0.54,-0.21,-0.1699290194500869,2.073861027043136,,,677950.0,2,4,Bot,,,,,,,3.639307733854299,-120.76465804955748,-2.234927657163178,4.50348969383361,25.761784034697147,-34.01686698251666,3.47,1.62,,,,84.0,466.0,7.2,777988,669257,518692,500743,571771,605141,621035,681546,681624,53.34,,,,,,,,43,3,Forkball,4,8,4,8,8,4,4,8,Infield shade,Standard,342.0,-0.004,-0.073,35.5,5.0,,,0.073,,-4,-4,0.12,0.12,23,25,24,26,2,1,6.0,1.0,138.0,1.0,3.55,-0.54,0.54,45.5,-14.784867336726618,47.49649631816384,36.60997196474205,35.87612417413436,-2.6146501030556526
FF,2025-05-09,94.9,-2.38,6.08,"Sasaki, Roki",672695,808963,,foul,,,,,1.0,,R,L,R,AZ,LAD,S,,,1,0,2025,-0.97,1.16,-0.6674102101456137,3.352870282123821,,,677950.0,2,4,Bot,,,,,,,6.723444115896713,-138.08067158778653,-4.140497585921664,-13.829968620784593,28.699906618938176,-16.581188629119804,3.47,1.62,252.0,75.6,47.0,96.4,2108.0,7.0,777988,669257,518692,500743,571771,605141,621035,681546,681624,53.51,,,,,,,,43,2,4-Seam Fastball,4,8,4,8,8,4,4,8,Infield shade,Standard,225.0,-0.003,-0.05,64.3,6.1,,,0.05,88.0,-4,-4,0.123,0.123,23,25,24,26,2,1,6.0,1.0,138.0,1.0,1.36,0.97,-0.97,40.0,2.9480899160850136,10.568659231587551,26.383503044785115,42.74297429951595,16.842528046061485
ST,2025-05-09,81.3,-2.4,6.08,"Sasaki, Roki",672695,808963,,ball,,,,,13.0,,R,L,R,AZ,LAD,B,,,0,0,2025,1.07,-0.5,-0.4463617973040212,1.2623793552039082,,,677950.0,2,4,Bot,,,,,,,2.3451879713391257,-118.42408077331412,-3.244287360245396,9.62528401523136,23.424663851944143,-36.489580700272725,3.45973107089567,1.67671373688265,,,,82.4,1901.0,7.0,777988,669257,518692,500743,571771,605141,621035,681546,681624,53.46,,,,,,,,43,1,Sweeper,4,8,4,8,8,4,4,8,Infield shade,Standard,44.0,0.002,0.035,,,,,-0.035,,-4,-4,0.121,0.121,23,25,24,26,2,1,6.0,1.0,138.0,1.0,3.96,-1.07,1.07,43.5,,,,,
FO,2025-05-09,85.7,-2.3,6.1,"Sasaki, Roki",677950,808963,hit_by_pitch,hit_by_pitch,,,,,14.0,Alek Thomas hit by pitch.,R,L,R,AZ,LAD,B,,,0,1,2025,0.34,-0.08,1.9558858590817143,-0.167359364096125,,,,2,4,Bot,,,,,,,9.513001431849966,-124.24540498249064,-8.395811581315218,1.388258705025489,28.07706638555943,-31.216151745870786,3.27791611702725,1.44796908808976,,,,86.6,480.0,7.4,777988,669257,518692,500743,571771,605141,621035,681546,681624,53.12,,0.722289,0.7,1.0,0.0,0.0,,42,2,Forkball,4,8,4,8,8,4,4,8,Standard,Standard,301.0,0.011,0.37,,,,,-0.37,,-4,-4,0.11,0.11,23,25,24,25,2,1,6.0,1.0,138.0,1.0,3.24,-0.34,0.34,44.5,,,,,
FO,2025-05-09,85.6,-2.23,6.1,"Sasaki, Roki",677950,808963,,swinging_strike,,,,,8.0,,R,L,R,AZ,LAD,S,,,0,0,2025,-0.06,-0.32,0.1413259143350534,1.3316850333371475,,,,2,4,Bot,,,,,,,5.818635399381017,-124.42240573573966,-4.321422788683217,-1.9294825916893417,27.07320746014449,-34.71193203101206,3.28,1.45,,,,86.6,371.0,7.2,777988,669257,518692,500743,571771,605141,621035,681546,681624,53.3,,,,,,,,42,1,Forkball,4,8,4,8,8,4,4,8,Standard,Standard,310.0,-0.001,-0.043,60.4,8.0,1.007228064,,0.043,,-4,-4,0.111,0.111,23,25,24,25,2,1,6.0,1.0,138.0,1.0,3.46,0.06,-0.06,44.6,13.670130680485958,-26.21888475114616,26.50927311156257,36.06470294481938,46.76688371376825
FF,2025-05-09,97.5,-2.23,6.16,"Sasaki, Roki",666971,808963,field_out,hit_into_play,,,,,5.0,"Lourdes Gurriel Jr. grounds out, first baseman Freddie Freeman to pitcher Roki Sasaki. Eugenio Suárez scores.",R,R,R,AZ,LAD,X,3.0,ground_ball,0,0,2025,-1.0,1.21,0.0823569740416944,2.4919547714135715,553993.0,,,1,4,Bot,157.92,166.29,,,,,8.649632245880321,-141.52579622541114,-7.187676122975038,-15.387923597712229,33.34178481020674,-14.43098486236212,3.7,1.76,7.0,100.7,-17.0,98.9,2205.0,7.3,777988,669257,518692,500743,571771,605141,621035,681546,681624,53.23,0.16,0.147,0.0,1.0,0.0,0.0,2.0,41,1,4-Seam Fastball,3,8,3,8,8,4,4,8,Standard,Standard,222.0,-0.003,-0.29,,,,0.181,0.29,100.7,-5,-5,0.114,0.114,23,31,24,32,2,1,6.0,1.0,138.0,2.0,1.21,1.0,1.0,44.1,,,,,
ST,2025-05-09,83.2,-2.24,6.07,"Sasaki, Roki",672515,808963,field_out,hit_into_play,,,,,14.0,"Gabriel Moreno grounds out, shortstop Mookie Betts to first baseman Freddie Freeman. Eugenio Suárez to 3rd.",R,R,R,AZ,LAD,X,6.0,ground_ball,1,2,2025,1.11,-0.28,1.0463490921020946,1.0397961953165864,,553993.0,,0,4,Bot,116.92,161.23,,,,,5.453066543455225,-121.05803684862704,-4.579340003276833,9.780540580400828,24.094210812068216,-34.23722718860097,3.36,1.52,2.0,82.7,-32.0,84.4,1838.0,7.1,777988,669257,518692,500743,571771,605141,621035,681546,681624,53.36,0.043,0.043,0.0,1.0,0.0,0.0,2.0,40,7,Sweeper,3,8,3,8,8,3,3,8,Standard,Strategic,38.0,-0.008,-0.128,57.8,7.2,,0.043,0.128,88.0,-5,-5,0.122,0.122,23,25,24,25,2,1,6.0,1.0,138.0,1.0,3.58,-1.11,-1.11,47.5,-0.2808043357332429,12.599986341475356,39.77093609436264,48.32066370400268,26.530981013050575
FO,2025-05-09,82.8,-2.17,6.08,"Sasaki, Roki",672515,808963,,foul,,,,,13.0,,R,R,R,AZ,LAD,S,,,1,2,2025,-0.36,-0.67,-1.2228785132332731,2.1934897248767937,,553993.0,,0,4,Bot,,,,,,,2.937606444206817,-120.59446405474633,-1.0918771500118054,-4.115408937209279,23.63828253956391,-38.704037256246174,3.36,1.52,4.0,8.5,42.0,84.3,472.0,7.3,777988,669257,518692,500743,571771,605141,621035,681546,681624,53.24,,,,,,,,40,6,Forkball,3,8,3,8,8,3,3,8,Standard,Strategic,319.0,0.0,0.0,67.3,5.9,,,0.0,88.0,-5,-5,0.122,0.122,23,25,24,25,2,1,6.0,1.0,138.0,1.0,3.99,0.36,0.36,46.8,1.6694422734593644,0.7166251261568002,38.41156878740191,21.33388994303572,29.00534099842568
FF,2025-05-09,96.3,-2.19,6.07,"Sasaki, Roki",672515,808963,,foul,,,,,12.0,,R,R,R,AZ,LAD,S,,,1,2,2025,-0.73,1.41,0.2445714313116817,3.7217675205899927,,553993.0,,0,4,Bot,,,,,,,8.21723014855349,-140.10906047728906,-3.921941862655829,-11.384289454430643,30.548010865207097,-12.859882066235151,3.36,1.52,257.0,92.1,17.0,97.6,2023.0,7.0,777988,669257,518692,500743,571771,605141,621035,681546,681624,53.53,,,,,,,,40,5,4-Seam Fastball,3,8,3,8,8,3,3,8,Standard,Strategic,219.0,0.0,0.0,58.7,5.4,,,0.0,92.1,-5,-5,0.122,0.122,23,25,24,25,2,1,6.0,1.0,138.0,1.0,1.04,0.73,0.73,44.2,1.5016535680712475,35.21630954123997,20.93194161798888,39.03684637285209,17.529167388221367
FO,2025-05-09,84.3,-2.18,6.1,"Sasaki, Roki",672515,808963,,foul,,,,,11.0,,R,R,R,AZ,LAD,S,,,1,2,2025,0.0,-0.16,-0.9077392380179228,3.218252353084809,,553993.0,,0,4,Bot,,,,,,,3.0276041710729995,-122.7387879602587,0.0288751408853766,-0.6483668761188687,25.43409151070469,-34.01938388488078,3.36,1.52,114.0,69.3,11.0,85.7,410.0,7.3,777988,669257,518692,500743,571771,605141,621035,681546,681624,53.23,,,,,,,,40,4,Forkball,3,8,3,8,8,3,3,8,Standard,Strategic,319.0,0.0,0.0,49.4,4.5,,,0.0,88.0,-5,-5,0.122,0.122,23,25,24,25,2,1,6.0,1.0,138.0,1.0,3.38,0.0,0.0,46.5,-12.303630935900394,30.00322285989703,38.13050968912387,24.806242983522232,16.670677859299616
FO,2025-05-09,85.1,-2.22,6.05,"Sasaki, Roki",672515,808963,,swinging_strike_blocked,,,,,13.0,,R,R,R,AZ,LAD,S,,,1,1,2025,-0.25,-0.19,-0.4274651425665234,0.7299450709479811,,553993.0,,0,4,Bot,,,,,,,4.789361697948898,-123.6849821183874,-5.807814389045138,-3.577334310983215,26.81522206662345,-33.10314151788922,3.36,1.52,,,,86.3,456.0,7.3,777988,669257,518692,500743,571771,605141,621035,681546,681624,53.17,,,,,,,,40,3,Forkball,3,8,3,8,8,3,3,8,Standard,Strategic,310.0,-0.008,-0.08,76.2,7.6,2.64543468,,0.08,,-5,-5,0.13,0.13,23,25,24,25,2,1,6.0,1.0,138.0,1.0,3.37,0.25,0.25,45.6,19.004587884099283,-7.905716787177078,45.47145851808101,30.84708096312061,42.27824992856483
FO,2025-05-09,83.8,-2.08,6.11,"Sasaki, Roki",672515,808963,,called_strike,,,,,9.0,,R,R,R,AZ,LAD,S,,,1,0,2025,0.5,-0.46,0.462363558440943,1.503837619294976,,553993.0,,0,4,Bot,,,,,,,4.9554922174083424,-121.7747287702404,-3.222606403608717,3.8034262531920255,28.02574210262349,-36.19392191168684,3.36338031606509,1.56235465766606,,,,84.6,404.0,7.3,777988,669257,518692,500743,571771,605141,621035,681546,681624,53.23,,,,,,,,40,2,Forkball,3,8,3,8,8,3,3,8,Standard,Strategic,317.0,-0.004,-0.049,,,,,0.049,,-5,-5,0.134,0.134,23,25,24,25,2,1,6.0,1.0,138.0,1.0,3.76,-0.5,-0.5,45.7,,,,,
FO,2025-05-09,84.1,-2.2,6.11,"Sasaki, Roki",672515,808963,,ball,,,,,11.0,,R,R,R,AZ,LAD,B,,,0,0,2025,-0.27,0.1,-1.5909150874306204,2.7608973890332207,,553993.0,,0,4,Bot,,,,,,,1.9745448568144777,-122.40093107130502,-1.52904644404755,-3.1241681675805344,26.060669754258893,-31.08398895700693,3.34174737342001,1.54315599468592,,,,85.2,445.0,7.1,777988,669257,518692,500743,571771,605141,621035,681546,681624,53.36,,,,,,,,40,1,Forkball,3,8,3,8,8,3,3,8,Standard,Strategic,296.0,0.003,0.032,,,,,-0.032,,-5,-5,0.131,0.131,23,25,24,25,2,1,6.0,1.0,138.0,1.0,3.14,0.27,0.27,47.4,,,,,
FO,2025-05-09,85.5,-2.16,6.12,"Sasaki, Roki",553993,808963,double,hit_into_play,,,,,6.0,Eugenio Suárez doubles (7) on a line drive to left fielder Chris Taylor.,R,R,R,AZ,LAD,X,7.0,line_drive,0,1,2025,-0.4,-0.29,0.6285857087573441,2.2767753710385485,,,,0,4,Bot,26.0,111.84,,,,,7.531294964334328,-124.33247747018012,-2.170890483762516,-5.7089521126639164,26.48106138719217,-34.89177681166763,3.52,1.65,265.0,90.6,21.0,87.0,426.0,7.4,777988,669257,518692,500743,571771,605141,621035,681546,681624,53.1,0.251,0.269,1.25,1.0,1.0,1.0,3.0,39,2,Forkball,3,8,3,8,8,3,3,8,Strategic,Standard,301.0,0.04,0.756,69.4,8.4,,0.389,-0.756,90.6,-5,-5,0.091,0.091,23,33,24,34,2,1,6.0,1.0,138.0,1.0,3.42,0.4,0.4,47.1,23.498040045421504,-21.079633339918143,35.63460895142826,37.02634298494695,44.46804237567515
FF,2025-05-09,97.2,-2.3,6.1,"Sasaki, Roki",553993,808963,,called_strike,,,,,9.0,,R,R,R,AZ,LAD,S,,,0,0,2025,-0.91,1.29,0.3000466927765672,1.623041463048109,,,,0,4,Bot,,,,,,,9.184373711753274,-141.08190262149762,-9.58379438232996,-14.089456980619715,29.61110527708146,-12.970598634033326,3.52039381597264,1.54344618953664,,,,98.9,2112.0,7.2,777988,669257,518692,500743,571771,605141,621035,681546,681624,53.29,,,,,,,,39,1,4-Seam Fastball,3,8,3,8,8,3,3,8,Strategic,Standard,229.0,-0.002,-0.039,,,,,0.039,,-5,-5,0.093,0.093,23,33,24,34,2,1,6.0,1.0,138.0,1.0,1.12,0.91,0.91,40.6,,,,,
FF,2025-05-09,96.0,-2.43,6.16,"Sasaki, Roki",647304,808963,field_out,hit_into_play,,,,,6.0,"Josh Naylor grounds out, second baseman Miguel Rojas to first baseman Freddie Freeman.",R,L,R,AZ,LAD,X,4.0,ground_ball,0,0,2025,-0.78,1.04,0.4132630329426974,2.4705993027804354,,,,2,3,Bot,148.81,156.67,,,,,9.4135762762165,-139.45098003386298,-6.603491913982484,-12.23072728177122,30.99142131571684,-17.324847698224083,3.11,1.51,6.0,87.4,-20.0,97.3,1970.0,7.1,777988,669257,518692,500743,571771,605141,621035,681546,681624,53.39,0.044,0.043,0.0,1.0,0.0,0.0,2.0,35,1,4-Seam Fastball,3,8,3,8,8,3,3,8,Infield shade,Standard,226.0,-0.006,-0.26,71.7,6.3,,0.044,0.26,88.0,-5,-5,0.085,0.085,23,28,24,28,2,1,6.0,1.0,138.0,1.0,1.44,0.78,-0.78,43.9,-0.7130925608095072,8.443263689440322,33.16404108154938,30.432344660506818,15.141978978739324
FF,2025-05-09,95.1,-2.34,6.13,"Sasaki, Roki",656976,808963,field_out,hit_into_play,,,,,5.0,Pavin Smith flies out to left fielder Chris Taylor.,R,L,R,AZ,LAD,X,7.0,fly_ball,0,0,2025,-0.76,1.27,0.2519224308758576,2.339267621454824,,,,1,3,Bot,83.53,131.92,,,,,8.578141535610389,-138.14656441266123,-7.226229971169917,-11.53243687683836,29.012255052403567,-14.409575064114255,3.51,1.69,200.0,75.6,56.0,96.3,2075.0,7.0,777988,669257,518692,500743,571771,605141,621035,681546,681624,53.53,0.051,0.046,0.0,1.0,0.0,0.0,3.0,34,1,4-Seam Fastball,3,8,3,8,8,3,3,8,Infield shade,Standard,219.0,-0.01,-0.254,71.0,7.4,,0.057,0.254,88.0,-5,-5,0.095,0.095,23,29,24,29,2,1,6.0,1.0,138.0,1.0,1.24,0.76,-0.76,41.4,13.795970988612352,5.473779869722603,36.62376380659165,35.20491857070717,24.873082679253883
FO,2025-05-09,84.5,-2.21,6.22,"Sasaki, Roki",606466,808963,field_out,hit_into_play,,,,,6.0,Ketel Marte flies out to right fielder Andy Pages.,R,L,R,AZ,LAD,X,9.0,fly_ball,0,2,2025,0.19,-0.01,0.360567132012834,2.9892811194934743,,,,0,3,Bot,173.06,113.47,,,,,5.68329685084084,-122.8915045716511,-1.0736484242965687,0.6754488942547588,26.908514502215613,-32.26610251728317,3.62,1.74,244.0,81.1,47.0,85.3,452.0,7.1,777988,669257,518692,500743,571771,605141,621035,681546,681624,53.4,0.015,0.014,0.0,1.0,0.0,0.0,3.0,33,4,Forkball,3,8,3,8,8,3,3,8,Infield shade,Standard,330.0,-0.009,-0.165,73.2,7.5,,0.015,0.165,88.0,-5,-5,0.104,0.104,23,31,24,32,2,1,6.0,1.0,138.0,1.0,3.23,-0.19,0.19,45.9,11.637826414649451,-6.683121131384862,30.665120922535053,27.256121692662717,38.53658048352533
FO,2025-05-09,85.1,-2.27,6.15,"Sasaki, Roki",606466,808963,,foul,,,,,14.0,,R,L,R,AZ,LAD,S,,,0,2,2025,-0.37,-0.39,0.0560937143821462,1.4377103710557204,,,,0,3,Bot,,,,,,,6.3106349453836765,-123.66010982858356,-3.921251542420744,-5.181518302972337,26.85716706504108,-35.51946159464315,3.62,1.74,2.0,74.6,-38.0,86.1,457.0,7.2,777988,669257,518692,500743,571771,605141,621035,681546,681624,53.31,,,,,,,,33,3,Forkball,3,8,3,8,8,3,3,8,Infield shade,Standard,311.0,0.0,0.0,75.6,8.2,,,0.0,88.0,-5,-5,0.104,0.104,23,31,24,32,2,1,6.0,1.0,138.0,1.0,3.57,0.37,-0.37,43.9,17.632172302600967,-13.609993654658131,35.73905105265613,32.148253509934854,46.311850264868696
FO,2025-05-09,83.9,-2.21,6.18,"Sasaki, Roki",606466,808963,,called_strike,,,,,9.0,,R,L,R,AZ,LAD,S,,,0,1,2025,-0.14,0.37,0.4646287721085543,2.334012890014646,,,,0,3,Bot,,,,,,,6.526896367263401,-121.90712731726023,-3.1320344262472384,-2.7909956294694496,27.206389810002648,-28.09271357228725,3.63375552100873,1.80992283259029,,,,84.5,684.0,7.0,777988,669257,518692,500743,571771,605141,621035,681546,681624,53.46,,,,,,,,33,2,Forkball,3,8,3,8,8,3,3,8,Infield shade,Standard,325.0,-0.004,-0.055,,,,,0.055,,-5,-5,0.108,0.108,23,31,24,32,2,1,6.0,1.0,138.0,1.0,2.92,0.14,-0.14,52.6,,,,,
FF,2025-05-09,93.6,-2.33,6.14,"Sasaki, Roki",606466,808963,,called_strike,,,,,9.0,,R,L,R,AZ,LAD,S,,,0,0,2025,-0.8,1.16,0.7074583557939664,2.104614649423093,,,,0,3,Bot,,,,,,,9.719419184772711,-135.92414459342393,-7.335585216285889,-11.963123662916722,29.02279771677821,-16.285529035400927,3.55965004585345,1.57090120619016,,,,94.9,1970.0,7.1,777988,669257,518692,500743,571771,605141,621035,681546,681624,53.38,,,,,,,,33,1,4-Seam Fastball,3,8,3,8,8,3,3,8,Standard,Standard,226.0,-0.002,-0.039,,,,,0.039,,-5,-5,0.11,0.11,23,31,24,32,2,1,6.0,1.0,138.0,1.0,1.44,0.8,-0.8,41.9,,,,,
FO,2025-05-09,81.0,-2.12,6.12,"Sasaki, Roki",682998,808963,field_out,hit_into_play,,,,,7.0,Corbin Carroll flies out to right fielder Andy Pages.,R,L,R,AZ,LAD,X,9.0,fly_ball,1,0,2025,0.2,-0.34,-0.3142110721716554,1.7429127494657708,,,677950.0,2,2,Bot,165.18,58.35,,,,,3.713721786828847,-117.8828923494436,-2.486891679610063,1.1099539450840554,23.54854076499601,-35.06557464838999,3.23,1.54,360.0,96.8,39.0,82.2,391.0,7.2,777988,669257,518692,500743,571771,605141,621035,681546,681624,53.3,0.058,0.098,0.0,1.0,0.0,0.0,3.0,21,2,Forkball,3,3,3,3,3,3,3,3,Standard,Standard,350.0,-0.026,-0.305,75.9,7.7,,0.202,0.305,96.8,0,0,0.526,0.526,23,24,24,25,2,1,6.0,1.0,138.0,1.0,3.83,-0.2,0.2,46.8,15.110181355266215,-7.2415999631685395,30.63797076192814,41.90962698648673,45.888202990136826
FO,2025-05-09,80.9,-2.19,6.13,"Sasaki, Roki",682998,808963,,ball,,,,,11.0,,R,L,R,AZ,LAD,B,,,0,0,2025,-0.14,0.13,-1.5606329560818937,3.354249494709121,,,677950.0,2,2,Bot,,,,,,,1.6827096436606044,-117.83088950615902,0.1995201591743269,-1.5712871115426847,21.76094488654428,-31.24989799210997,3.23710933059725,1.60078588888783,,,,82.1,346.0,7.0,777988,669257,518692,500743,571771,605141,621035,681546,681624,53.53,,,,,,,,21,1,Forkball,3,3,3,3,3,3,3,3,Standard,Standard,311.0,0.002,0.035,,,,,-0.035,,0,0,0.524,0.524,23,24,24,25,2,1,6.0,1.0,138.0,1.0,3.34,0.14,-0.14,44.6,,,,,
FF,2025-05-09,93.3,-2.28,6.06,"Sasaki, Roki",672695,808963,field_out,hit_into_play,,,,,8.0,Geraldo Perdomo lines out sharply to right fielder Andy Pages.,R,L,R,AZ,LAD,X,9.0,line_drive,0,0,2025,-0.82,1.19,-0.1477302084366155,2.0206130049459743,,,677950.0,1,2,Bot,197.83,76.57,,,,,7.395458013644747,-135.4883852087687,-7.32250448678577,-11.657014471269797,29.640878549785377,-16.099546603115073,3.47,1.62,349.0,102.7,20.0,94.6,2044.0,7.1,777988,669257,518692,500743,571771,605141,621035,681546,681624,53.37,0.394,0.6096470588235294,0.0,1.0,0.0,0.0,5.0,20,1,4-Seam Fastball,3,3,3,3,3,3,3,3,Infield shade,Standard,227.0,-0.03,-0.256,70.9,7.2,,1.096,0.256,102.7,0,0,0.554,0.554,23,25,24,26,1,0,6.0,1.0,138.0,1.0,1.44,0.82,-0.82,42.1,11.463803863268769,-8.865210781889614,35.9105899186444,35.82905624609864,28.92678193465914
FF,2025-05-09,94.1,-2.39,6.13,"Sasaki, Roki",677950,808963,single,hit_into_play,,,,,2.0,Alek Thomas singles on a ground ball to right fielder Andy Pages.,R,L,R,AZ,LAD,X,9.0,ground_ball,1,0,2025,-0.85,1.18,-0.2417952747754528,3.0010089643049787,,,,1,2,Bot,175.64,115.67,,,,,7.54109011713404,-136.72958501199247,-5.038375410236632,-12.32619060289218,31.117635536731918,-16.494217017432597,3.28,1.45,19.0,87.8,-9.0,95.0,2111.0,7.0,777988,669257,518692,500743,571771,605141,621035,681546,681624,53.54,0.17,0.154,0.9,1.0,1.0,0.0,2.0,19,2,4-Seam Fastball,3,3,3,3,3,3,3,3,Standard,Standard,225.0,0.023,0.375,77.1,7.4,,0.173,-0.375,88.0,0,0,0.531,0.531,23,25,24,25,1,0,6.0,1.0,138.0,1.0,1.41,0.85,-0.85,39.8,5.43495853871894,-16.070169721431974,27.304583171787527,39.51262090886623,38.48878937671682
ST,2025-05-09,81.9,-2.37,6.19,"Sasaki, Roki",677950,808963,,ball,,,,,11.0,,R,L,R,AZ,LAD,B,,,0,0,2025,0.82,-0.67,-1.3425119135710033,2.5546186602023324,,,,1,2,Bot,,,,,,,0.7301195046841616,-119.2703294011781,-0.2996630238221027,7.641188113454154,24.97244942371339,-38.729047962785415,3.21469793612628,1.48665317992402,,,,82.5,1731.0,6.9,777988,669257,518692,500743,571771,605141,621035,681546,681624,53.64,,,,,,,,19,1,Sweeper,3,3,3,3,3,3,3,3,Standard,Standard,22.0,0.003,0.039,,,,,-0.039,,0,0,0.528,0.528,23,25,24,25,1,0,6.0,1.0,138.0,1.0,4.09,-0.82,0.82,44.8,,,,,
FF,2025-05-09,92.9,-2.35,6.13,"Sasaki, Roki",666971,808963,field_out,hit_into_play,,,,,9.0,"Lourdes Gurriel Jr. grounds out, third baseman Enrique Hernández to first baseman Freddie Freeman.",R,R,R,AZ,LAD,X,5.0,ground_ball,2,0,2025,-0.84,1.21,0.2841752664712771,1.8966152231178384,,,,0,2,Bot,105.28,171.86,,,,,8.70377233065083,-134.93102917157103,-7.81403991136046,-12.13880055540855,29.200818316052978,-15.796539396166423,3.7,1.76,3.0,66.3,-30.0,94.2,2067.0,7.1,777988,669257,518692,500743,571771,605141,621035,681546,681624,53.35,0.045,0.044,0.0,1.0,0.0,0.0,2.0,18,3,4-Seam Fastball,3,3,3,3,3,3,3,3,Standard,Standard,223.0,-0.034,-0.378,73.6,7.9,,0.045,0.378,88.0,0,0,0.562,0.562,23,31,24,32,1,0,6.0,1.0,138.0,2.0,1.44,0.84,0.84,41.9,18.96954050310288,-7.754086593635223,35.57114987527069,37.33543331014883,33.62817290991274
FF,2025-05-09,94.9,-2.25,6.2,"Sasaki, Roki",666971,808963,,ball,,,,,14.0,,R,R,R,AZ,LAD,B,,,1,0,2025,-1.02,1.0,0.8131355751255411,1.2293684913939693,,,,0,2,Bot,,,,,,,10.403681655447487,-137.44660529098766,-9.627608203840008,-15.252609437831456,31.71661040846158,-17.428274753275737,3.75204459415632,1.83993916385949,,,,95.7,1914.0,7.1,777988,669257,518692,500743,571771,605141,621035,681546,681624,53.39,,,,,,,,18,2,4-Seam Fastball,3,3,3,3,3,3,3,3,Standard,Standard,231.0,0.007,0.077,,,,,-0.077,,0,0,0.555,0.555,23,31,24,32,1,0,6.0,1.0,138.0,2.0,1.57,1.02,1.02,41.8,,,,,
FF,2025-05-09,94.4,-2.25,6.13,"Sasaki, Roki",666971,808963,,ball,,,,,14.0,,R,R,R,AZ,LAD,B,,,0,0,2025,-1.02,1.06,0.690223741997438,1.37822476435787,,,,0,2,Bot,,,,,,,10.035935340401508,-136.91822335891243,-9.119566009527334,-15.02164718895468,30.642709791938188,-16.881798188626476,3.70887454659087,1.79623739057318,,,,95.4,1957.0,7.1,777988,669257,518692,500743,571771,605141,621035,681546,681624,53.45,,,,,,,,18,1,4-Seam Fastball,3,3,3,3,3,3,3,3,Standard,Standard,225.0,0.004,0.041,,,,,-0.041,,0,0,0.551,0.551,23,31,24,32,1,0,6.0,1.0,138.0,2.0,1.52,1.02,1.02,42.3,,,,,
FO,2025-05-09,83.9,-2.24,6.19,"Sasaki, Roki",672515,808963,field_out,hit_into_play,,,,,8.0,Gabriel Moreno flies out to right fielder Andy Pages.,R,R,R,AZ,LAD,X,9.0,fly_ball,0,1,2025,0.23,0.38,-0.0472463211932085,2.078202987034788,,,,2,1,Bot,182.08,77.29,,,,,4.692532505073937,-122.08917194068007,-3.8568381256615143,1.233575962043277,26.29467885460726,-27.75834073121804,3.36,1.52,330.0,96.1,35.0,84.9,459.0,7.1,777988,669257,518692,500743,571771,605141,621035,681546,681624,53.35,0.165,0.311,0.0,1.0,0.0,0.0,3.0,11,2,Forkball,3,1,3,1,1,3,3,1,Standard,Strategic,333.0,-0.006,-0.217,73.0,6.8,,0.608,0.217,96.1,2,2,0.704,0.704,23,25,24,25,1,0,6.0,1.0,138.0,1.0,2.88,-0.23,-0.23,43.6,13.26197561745643,-2.956823790240356,36.92346990878486,33.11257707448341,40.719593918075645
ST,2025-05-09,81.9,-2.32,6.19,"Sasaki, Roki",672515,808963,,called_strike,,,,,9.0,,R,R,R,AZ,LAD,S,,,0,0,2025,0.92,-0.17,0.3089142838422964,1.7697982601634212,,,,2,1,Bot,,,,,,,4.227155285132763,-119.17565527995484,-3.075103260330612,7.855231125703694,24.89313744410452,-33.333926555003806,3.2610503368005,1.51302817822571,,,,83.0,1890.0,7.2,777988,669257,518692,500743,571771,605141,621035,681546,681624,53.27,,,,,,,,11,1,Sweeper,3,1,3,1,1,3,3,1,Standard,Strategic,32.0,-0.001,-0.043,,,,,0.043,,2,2,0.705,0.705,23,25,24,25,1,0,6.0,1.0,138.0,1.0,3.59,-0.92,-0.92,42.4,,,,,
FF,2025-05-09,94.2,-2.03,6.16,"Sasaki, Roki",553993,808963,home_run,hit_into_play,,,,,6.0,Eugenio Suárez homers (11) on a fly ball to right center field. Josh Naylor scores.,R,R,R,AZ,LAD,X,,fly_ball,0,1,2025,-0.51,1.22,0.6755962107724233,2.738330392488627,,647304.0,,2,1,Bot,188.67,39.3,,,,,8.26864789729895,-136.80302254046282,-5.96033003651001,-8.257707352360505,30.42400152665901,-15.659129504043785,3.52,1.65,423.0,108.0,31.0,95.4,1825.0,7.1,777988,669257,518692,500743,571771,605141,621035,681546,681624,53.39,0.919,1.8544375,2.0,1.0,0.0,3.0,6.0,10,2,4-Seam Fastball,1,1,1,1,1,3,3,1,Standard,Standard,220.0,0.177,1.644,74.2,7.5,,3.668,-1.644,108.0,0,0,0.528,0.528,23,33,24,34,1,0,6.0,1.0,138.0,1.0,1.36,0.51,0.51,46.1,15.070490532315333,7.296033092082613,36.47970795672936,37.286173466810425,26.632828501023827
ST,2025-05-09,80.4,-2.23,6.18,"Sasaki, Roki",553993,808963,,called_strike,,,,,6.0,,R,R,R,AZ,LAD,S,,,0,0,2025,0.8,-0.03,0.6253289593943383,2.7250356651143406,,647304.0,,2,1,Bot,,,,,,,4.859931189485628,-116.92265483736166,-0.8401522802801902,6.292674561131025,24.28144482283576,-32.51393358153635,3.53954212842581,1.65093025484163,,,,81.0,1830.0,7.0,777988,669257,518692,500743,571771,605141,621035,681546,681624,53.54,,,,,,,,10,1,Sweeper,1,1,1,1,1,1,1,1,Standard,Standard,49.0,-0.005,-0.04,,,,,0.04,,0,0,0.533,0.533,23,33,24,34,1,0,6.0,1.0,138.0,1.0,3.59,-0.8,-0.8,43.3,,,,,
FF,2025-05-09,92.8,-2.3,6.1,"Sasaki, Roki",647304,808963,double,hit_into_play,,,,,5.0,Josh Naylor doubles (10) on a sharp fly ball to right fielder Andy Pages.,R,L,R,AZ,LAD,X,9.0,fly_ball,0,0,2025,-0.84,1.22,-0.1161162661755912,2.021151583789908,,,,2,1,Bot,176.24,47.87,,,,,7.505563792598174,-134.80147463634023,-7.386075834187592,-11.81244476929185,28.853491505114903,-15.86686408033749,3.11,1.51,392.0,100.1,26.0,93.8,2021.0,7.0,777988,669257,518692,500743,571771,605141,621035,681546,681624,53.55,0.444,0.8055454545454543,1.25,1.0,1.0,1.0,6.0,9,1,4-Seam Fastball,1,1,1,1,1,1,1,1,Infield shade,Standard,227.0,0.023,0.579,78.3,7.5,,1.549,-0.579,100.1,0,0,0.51,0.51,23,28,24,28,1,0,6.0,1.0,138.0,1.0,1.43,0.84,-0.84,42.4,14.018945705688347,-7.495350079918299,34.34694924151824,37.389053257353,29.297387657934443
FF,2025-05-09,94.3,-2.29,6.1,"Sasaki, Roki",656976,808963,field_out,hit_into_play,,,,,8.0,Pavin Smith flies out to left fielder Chris Taylor.,R,L,R,AZ,LAD,X,7.0,fly_ball,2,0,2025,-0.92,1.31,0.1058860324511117,1.926453845817857,,,,1,1,Bot,50.02,125.01,,,,,8.393315458927374,-136.79710839388386,-8.093515994011614,-13.483367581182671,31.804929851203102,-14.081640337599996,3.51,1.69,262.0,85.4,47.0,95.2,2192.0,7.1,777988,669257,518692,500743,571771,605141,621035,681546,681624,53.42,0.008,0.007,0.0,1.0,0.0,0.0,3.0,8,3,4-Seam Fastball,1,1,1,1,1,1,1,1,Infield shade,Standard,225.0,-0.023,-0.364,74.4,7.2,,0.008,0.364,88.0,0,0,0.533,0.533,23,29,24,29,1,0,6.0,1.0,138.0,1.0,1.28,0.92,-0.92,38.9,7.092448193831771,9.610742613809569,39.07396955295775,35.96342771895046,24.482159238629645
ST,2025-05-09,81.6,-2.35,6.15,"Sasaki, Roki",656976,808963,,ball,,,,,14.0,,R,L,R,AZ,LAD,B,,,1,0,2025,0.73,-0.09,0.2498337626142728,1.3575541856524538,,,,1,1,Bot,,,,,,,4.479655635093087,-118.67262457254904,-3.9831852219795087,5.8799986713489725,24.68517221256519,-32.40443140966526,3.49517486956432,1.69056475917123,,,,82.0,1947.0,6.8,777988,669257,518692,500743,571771,605141,621035,681546,681624,53.69,,,,,,,,8,2,Sweeper,1,1,1,1,1,1,1,1,Infield shade,Standard,42.0,0.004,0.071,,,,,-0.071,,0,0,0.529,0.529,23,29,24,29,1,0,6.0,1.0,138.0,1.0,3.54,-0.73,0.73,44.2,,,,,
ST,2025-05-09,81.4,-2.33,6.19,"Sasaki, Roki",656976,808963,,ball,,,,,14.0,,R,L,R,AZ,LAD,B,,,0,0,2025,1.05,-0.55,0.2525415701699216,-0.1196493494734918,,,,1,1,Bot,,,,,,,3.812993786562183,-118.25509556138594,-6.423778773804656,8.832586108356189,26.663853190201007,-36.08434600426314,3.47516919558556,1.61524718001182,,,,81.7,1670.0,7.0,777988,669257,518692,500743,571771,605141,621035,681546,681624,53.5,,,,,,,,8,1,Sweeper,1,1,1,1,1,1,1,1,Infield shade,Standard,23.0,0.003,0.039,,,,,-0.039,,0,0,0.526,0.526,23,29,24,29,1,0,6.0,1.0,138.0,1.0,4.06,-1.05,1.05,45.0,,,,,
FF,2025-05-09,94.8,-2.37,6.16,"Sasaki, Roki",606466,808963,home_run,hit_into_play,,,,,5.0,Ketel Marte homers (2) on a fly ball to right field.,R,L,R,AZ,LAD,X,,fly_ball,1,2,2025,-0.81,1.29,0.25946161287265,3.02893130659203,,,,1,1,Bot,245.18,71.56,,,,,8.811007532364007,-137.6891740882672,-5.456025884774468,-12.21953796698464,29.92084287529463,-14.743850343734795,3.62,1.74,427.0,113.1,33.0,96.1,2083.0,7.1,777988,669257,518692,500743,571771,605141,621035,681546,681624,53.39,0.981,1.994,2.0,1.0,0.0,3.0,6.0,7,6,4-Seam Fastball,0,1,0,1,1,1,1,1,Infield shade,Standard,225.0,0.107,1.657,76.3,7.7,,3.936,-1.657,113.1,-1,-1,0.419,0.419,23,31,24,32,1,0,6.0,1.0,138.0,1.0,1.25,0.81,-0.81,43.6,24.12650149196295,-16.908013831516364,33.54170729377988,26.429179632142574,41.38910581835046
FO,2025-05-09,82.4,-2.29,6.29,"Sasaki, Roki",606466,808963,,foul,,,,,13.0,,R,L,R,AZ,LAD,S,,,1,2,2025,0.05,-0.52,-1.0564754643044003,2.368678419935987,,,,1,1,Bot,,,,,,,2.7354088616688204,-119.95040037224366,-1.3081415731138588,-0.0792290884323415,25.42136816913692,-37.12916243264955,3.62,1.74,,,,83.3,471.0,7.1,777988,669257,518692,500743,571771,605141,621035,681546,681624,53.43,,,,,,,,7,5,Forkball,0,1,0,1,1,0,0,1,Infield shade,Standard,345.0,0.0,0.0,70.4,7.1,,,0.0,,-1,-1,0.419,0.419,23,31,24,32,1,0,6.0,1.0,138.0,1.0,3.9,-0.05,0.05,46.0,2.308838604210456,19.83006924795023,33.791099147679866,41.96509853999021,27.333640544641096
FO,2025-05-09,84.6,-2.23,6.21,"Sasaki, Roki",606466,808963,,foul,,,,,13.0,,R,L,R,AZ,LAD,S,,,1,2,2025,0.17,-0.06,-0.4135792619414269,1.556023807240456,,,,1,1,Bot,,,,,,,3.960997960577902,-123.08063996567438,-4.350179297689352,0.8063328535642352,27.849567362125867,-32.03949850324204,3.62,1.74,60.0,53.3,9.0,85.5,493.0,7.2,777988,669257,518692,500743,571771,605141,621035,681546,681624,53.3,,,,,,,,7,4,Forkball,0,1,0,1,1,0,0,1,Infield shade,Standard,303.0,0.0,0.0,70.8,7.6,,,0.0,88.0,-1,-1,0.419,0.419,23,31,24,32,1,0,6.0,1.0,138.0,1.0,3.28,-0.17,0.17,45.1,2.5195601517049218,5.909089568396878,37.82219088358461,34.664401016316546,30.627105695964037
FF,2025-05-09,94.9,-2.38,6.15,"Sasaki, Roki",606466,808963,,ball,,,,,11.0,,R,L,R,AZ,LAD,B,,,0,2,2025,-0.81,1.26,-1.0876422583123897,3.5810946240964414,,,,1,1,Bot,,,,,,,5.267327045115433,-138.08270448208555,-3.8854943931406463,-11.530195357238288,31.68214890932753,-15.467212658958047,3.77293898494672,1.87406354778056,,,,96.0,2157.0,7.0,777988,669257,518692,500743,571771,605141,621035,681546,681624,53.51,,,,,,,,7,3,4-Seam Fastball,0,1,0,1,1,0,0,1,Infield shade,Standard,226.0,0.002,0.017,,,,,-0.017,,-1,-1,0.417,0.417,23,31,24,32,1,0,6.0,1.0,138.0,1.0,1.28,0.81,-0.81,40.9,,,,,
FO,2025-05-09,82.8,-2.17,6.28,"Sasaki, Roki",606466,808963,,foul,,,,,9.0,,R,L,R,AZ,LAD,S,,,0,1,2025,0.23,-0.35,0.6251742930850174,2.243168606673911,,,,1,1,Bot,,,,,,,6.03236608117517,-120.38908407799065,-1.9867863199800797,0.9105942595784122,25.55742760417792,-35.348993105907795,3.62,1.74,320.0,91.6,31.0,83.9,407.0,7.3,777988,669257,518692,500743,571771,605141,621035,681546,681624,53.21,,,,,,,,7,2,Forkball,0,1,0,1,1,0,0,1,Infield shade,Standard,297.0,-0.004,-0.052,77.9,7.8,,,0.052,91.6,-1,-1,0.421,0.421,23,31,24,32,1,0,6.0,1.0,138.0,1.0,3.7,-0.23,0.23,47.7,18.519827512543188,-24.732422254422147,30.837622654735046,24.006780686355825,50.58699428267813
FF,2025-05-09,94.6,-2.28,6.18,"Sasaki, Roki",606466,808963,,called_strike,,,,,14.0,,R,L,R,AZ,LAD,S,,,0,0,2025,-0.83,1.04,0.2190942382619544,1.461827025417553,,,,1,1,Bot,,,,,,,8.443563587267029,-137.2428739531739,-9.012857329248638,-12.304780054818275,29.97302457538158,-17.189169610811337,3.58344139226087,1.6616394666693,,,,95.6,2010.0,7.0,777988,669257,518692,500743,571771,605141,621035,681546,681624,53.52,,,,,,,,7,1,4-Seam Fastball,0,1,0,1,1,0,0,1,Infield shade,Standard,225.0,-0.003,-0.039,,,,,0.039,,-1,-1,0.424,0.424,23,31,24,32,1,0,6.0,1.0,138.0,1.0,1.52,0.83,-0.83,40.3,,,,,
FO,2025-05-09,82.4,-2.23,6.2,"Sasaki, Roki",682998,808963,field_out,hit_into_play,,,,,4.0,"Corbin Carroll grounds out, third baseman Enrique Hernández to first baseman Freddie Freeman.",R,L,R,AZ,LAD,X,5.0,ground_ball,0,2,2025,0.17,-0.04,-0.780995156814596,2.5965585071145987,,,,0,1,Bot,107.3,161.23,,,,,3.0098327056177445,-120.00085183542532,-1.5847243725313112,0.9851769436896332,24.34832470779328,-32.41485735498221,3.23,1.54,5.0,89.5,-25.0,83.3,496.0,6.9,777988,669257,518692,500743,571771,605141,621035,681546,681624,53.58,0.055,0.056,0.0,1.0,0.0,0.0,2.0,6,3,Forkball,0,1,0,1,1,0,0,1,Infield shade,Standard,297.0,-0.014,-0.165,69.7,6.8,,0.059,0.165,89.5,-1,-1,0.438,0.438,23,24,24,25,1,0,6.0,1.0,138.0,1.0,3.4,-0.17,0.17,45.9,6.2715195222283695,21.525535763666426,21.976686521870214,45.25159687217128,24.374832413175668
FO,2025-05-09,82.8,-2.17,6.23,"Sasaki, Roki",682998,808963,,foul,,,,,9.0,,R,L,R,AZ,LAD,S,,,0,1,2025,-0.1,0.02,0.5358135969738103,1.533351231881352,,,,0,1,Bot,,,,,,,6.45136353287847,-120.36803402724922,-4.263249251273479,-2.252684845252306,24.84544016859214,-31.313619163130493,3.23,1.54,2.0,,-38.0,83.7,479.0,7.0,777988,669257,518692,500743,571771,605141,621035,681546,681624,53.45,,,,,,,,6,2,Forkball,0,1,0,1,1,0,0,1,Infield shade,Standard,299.0,-0.006,-0.055,79.2,8.4,,,0.055,,-1,-1,0.444,0.444,23,24,24,25,1,0,6.0,1.0,138.0,1.0,3.33,0.1,-0.1,46.6,19.257052827943543,-36.098886899740975,27.667706229516437,32.401180171095525,59.8028203427006
FF,2025-05-09,94.0,-2.32,6.21,"Sasaki, Roki",682998,808963,,called_strike,,,,,4.0,,R,L,R,AZ,LAD,S,,,0,0,2025,-0.87,1.1,-0.7589939620842925,2.1747996016741133,,,,0,1,Bot,,,,,,,6.030213261348741,-136.68644779308158,-7.26422169352278,-12.172066284584634,29.126608419673897,-16.986684509007198,3.11912490237256,1.43641642833249,,,,95.2,1973.0,6.9,777988,669257,518692,500743,571771,605141,621035,681546,681624,53.58,,,,,,,,6,1,4-Seam Fastball,0,1,0,1,1,0,0,1,Standard,Standard,233.0,-0.004,-0.039,,,,,0.039,,-1,-1,0.448,0.448,23,24,24,25,1,0,6.0,1.0,138.0,1.0,1.48,0.87,-0.87,40.9,,,,,
,2025-05-09,95.0,-2.37,6.18,"Sasaki, Roki",682998,808963,,automatic_ball,,,,,,,R,L,R,AZ,LAD,B,,,1,2,2025,-1.12,1.38,,,,677950.0,672695.0,2,4,Bot,,,,,,,9.110842893283426,-137.99025224275442,-6.675541731354434,-16.373242598715525,31.233168314197272,-13.22062772658484,,,,,,96.0,2168.0,7.0,777988,669257,518692,500743,571771,605141,621035,681546,681624,53.47,,,,,,,,44,5,,4,8,4,8,8,4,4,8,,,225.0,0.006,,,,,,,,-4,-4,0.129,0.129,23,24,24,25,3,2,6.0,1.0,138.0,1.0,1.16,1.12,-1.12,,,,,,
FF,2025-05-03,95.7,-2.4,6.23,"Sasaki, Roki",645277,808963,field_out,hit_into_play,,,,,6.0,Ozzie Albies pops out to shortstop Mookie Betts.,R,L,R,ATL,LAD,X,6.0,popup,3,2,2025,-0.83,1.21,0.3519719232297523,2.135750168868812,,,,2,5,Bot,131.74,145.5,,,,,9.283543723761332,-138.91497283281265,-8.032772243286418,-12.834467348436805,29.74068919323538,-14.858973114302374,3.25,1.57,135.0,65.3,63.0,97.2,2052.0,7.2,778076,669257,518692,621035,571970,605141,624424,681624,606192,53.34,0.003,0.002,0.0,1.0,0.0,0.0,3.0,51,7,4-Seam Fastball,3,7,3,7,7,3,3,7,Infield shade,Standard,227.0,-0.008,-0.328,65.3,7.1,,0.003,0.328,88.0,-4,-4,0.09,0.09,23,28,24,28,3,2,7.0,1.0,6.0,1.0,1.28,0.83,-0.83,45.9,10.371552079750106,-10.840839240082811,37.7291439736551,26.124139396829374,37.93186938148558
FF,2025-05-03,95.5,-2.41,6.25,"Sasaki, Roki",645277,808963,,foul,,,,,5.0,,R,L,R,ATL,LAD,S,,,3,2,2025,-0.89,1.12,-0.2386383637113198,2.1586755307066023,,,,2,5,Bot,,,,,,,7.824182478790893,-138.74379545845773,-7.765855561491169,-13.190553816820511,29.73021349142746,-16.163083339001286,3.25,1.57,216.0,74.1,39.0,96.8,2092.0,7.0,778076,669257,518692,621035,571970,605141,624424,681624,606192,53.46,,,,,,,,51,6,4-Seam Fastball,3,7,3,7,7,3,3,7,Infield shade,Standard,225.0,0.0,0.0,63.4,6.5,,,0.0,88.0,-4,-4,0.09,0.09,23,28,24,28,3,2,7.0,1.0,6.0,1.0,1.38,0.89,-0.89,44.2,-4.4689354261752605,4.044333102942684,41.239847185143695,33.55768842679525,21.305399133095623
FF,2025-05-03,96.6,-2.47,6.29,"Sasaki, Roki",645277,808963,,ball,,,,,11.0,,R,L,R,ATL,LAD,B,,,2,2,2025,-0.86,1.15,-1.235820246317262,2.547736555025917,,,,2,5,Bot,,,,,,,5.342755110548339,-140.45162647469036,-7.117315910180726,-12.6613232656539,32.377473621932985,-15.469773215764649,3.43154099740462,1.62976872472981,,,,97.8,2037.0,7.0,778076,669257,518692,621035,571970,605141,624424,681624,606192,53.46,,,,,,,,51,5,4-Seam Fastball,3,7,3,7,7,3,3,7,Infield shade,Standard,222.0,0.002,0.104,,,,,-0.104,,-4,-4,0.088,0.088,23,28,24,28,3,2,7.0,1.0,6.0,1.0,1.3,0.86,-0.86,45.4,,,,,
FO,2025-05-03,85.3,-2.33,6.27,"Sasaki, Roki",645277,808963,,ball,,,,,13.0,,R,L,R,ATL,LAD,B,,,1,2,2025,0.22,-0.12,-0.3308158378625678,0.6186310212542079,,,,2,5,Bot,,,,,,,4.3220423786389714,-124.04424226439464,-6.767900824214372,1.3125641314938408,27.481556576193796,-32.16273187648861,3.44553270677164,1.65995576908124,,,,86.2,445.0,7.1,778076,669257,518692,621035,571970,605141,624424,681624,606192,53.36,,,,,,,,51,4,Forkball,3,7,3,7,7,3,3,7,Infield shade,Standard,330.0,0.001,0.042,,,,,-0.042,,-4,-4,0.087,0.087,23,28,24,28,3,2,7.0,1.0,6.0,1.0,3.29,-0.22,0.22,44.0,,,,,
FF,2025-05-03,95.6,-2.4,6.24,"Sasaki, Roki",645277,808963,,foul_tip,,,,,4.0,,R,L,R,ATL,LAD,S,,,1,1,2025,-0.87,1.27,-0.6173331025158668,2.1480702461270784,,,,2,5,Bot,,,,,,,6.7448712246139895,-138.93607049893967,-8.126279077710869,-12.707810713332462,30.261525673992413,-14.097744390220196,3.25,1.57,,,,97.0,2061.0,7.1,778076,669257,518692,621035,571970,605141,624424,681624,606192,53.43,,,,,,,,51,3,4-Seam Fastball,3,7,3,7,7,3,3,7,Infield shade,Standard,226.0,-0.002,-0.062,65.5,6.9,,,0.062,,-4,-4,0.089,0.089,23,28,24,28,3,2,7.0,1.0,6.0,1.0,1.23,0.87,-0.87,47.8,1.4402427370945672,10.616630952988734,36.90951305373913,38.47963776476382,24.5464822686767
FO,2025-05-03,84.4,-2.29,6.32,"Sasaki, Roki",645277,808963,,ball,,,,,13.0,,R,L,R,ATL,LAD,B,,,0,1,2025,0.23,-0.33,-0.373760419181053,1.2548901345914762,,,,2,5,Bot,,,,,,,4.059132549412863,-122.7103576519096,-4.771395631047862,1.4217792321170315,26.45324122826978,-34.63803730655124,3.45948524623945,1.64113811169843,,,,85.4,466.0,7.2,778076,669257,518692,621035,571970,605141,624424,681624,606192,53.3,,,,,,,,51,2,Forkball,3,7,3,7,7,3,3,7,Infield shade,Standard,328.0,0.001,0.027,,,,,-0.027,,-4,-4,0.088,0.088,23,28,24,28,3,2,7.0,1.0,6.0,1.0,3.55,-0.23,0.23,48.3,,,,,
FO,2025-05-03,85.0,-2.35,6.35,"Sasaki, Roki",645277,808963,,called_strike,,,,,8.0,,R,L,R,ATL,LAD,S,,,0,0,2025,0.46,-0.04,0.0378643878542345,1.941858867141419,,,,2,5,Bot,,,,,,,4.746830789167103,-123.66086833109252,-3.895849262569936,3.63514844555274,27.316548681735974,-31.991903250973024,3.33757394726658,1.55204307304586,,,,85.9,440.0,7.2,778076,669257,518692,621035,571970,605141,624424,681624,606192,53.35,,,,,,,,51,1,Forkball,3,7,3,7,7,3,3,7,Standard,Standard,335.0,-0.001,-0.043,,,,,0.043,,-4,-4,0.089,0.089,23,28,24,28,3,2,7.0,1.0,6.0,1.0,3.23,-0.46,0.46,51.9,,,,,
FF,2025-05-03,95.4,-2.17,6.3,"Sasaki, Roki",669221,808963,field_out,hit_into_play,,,,,11.0,Sean Murphy lines out to third baseman Max Muncy.,R,R,R,ATL,LAD,X,5.0,line_drive,1,2,2025,-0.96,1.18,-0.8828296808101671,3.3774704030556646,,,,1,5,Bot,97.52,162.65,,,,,5.617103351615737,-138.6661204677169,-4.706148549966384,-13.732030976565252,33.369057530602234,-16.120591586728537,3.46,1.62,120.0,65.2,15.0,96.1,2057.0,7.0,778076,669257,518692,621035,571970,605141,624424,681624,606192,53.55,0.273,0.246,0.0,1.0,0.0,0.0,2.0,50,4,4-Seam Fastball,3,7,3,7,7,3,3,7,Infield shade,Standard,227.0,-0.009,-0.18,70.3,6.9,,0.273,0.18,88.0,-4,-4,0.098,0.098,23,30,24,31,3,2,7.0,1.0,6.0,2.0,1.35,0.96,0.96,50.0,8.670484634231368,2.8695510269681184,28.15696439719963,27.888611004758552,26.31018860391674
FF,2025-05-03,95.8,-2.4,6.28,"Sasaki, Roki",669221,808963,,foul,,,,,11.0,,R,R,R,ATL,LAD,S,,,1,1,2025,-0.83,1.3,-0.7726568868103313,3.593307768965551,,,,1,5,Bot,,,,,,,6.247263207162086,-139.2511952548715,-4.417635306590751,-12.188848824195356,33.338889948524574,-14.486561723585478,3.46,1.62,85.0,61.7,79.0,96.7,2025.0,7.0,778076,669257,518692,621035,571970,605141,624424,681624,606192,53.49,,,,,,,,50,3,4-Seam Fastball,3,7,3,7,7,3,3,7,Standard,Standard,221.0,-0.003,-0.064,73.7,7.3,,,0.064,88.0,-4,-4,0.101,0.101,23,30,24,31,3,2,7.0,1.0,6.0,2.0,1.2,0.83,0.83,46.1,11.416134569021532,-6.504043065265948,24.55316080788352,28.915289366382467,29.047203893545134
FO,2025-05-03,83.1,-2.25,6.32,"Sasaki, Roki",669221,808963,,ball,,,,,11.0,,R,R,R,ATL,LAD,B,,,0,1,2025,0.12,-0.66,-1.4579029551025235,2.585528771490213,,,,1,5,Bot,,,,,,,1.597024779690317,-120.96400819121632,-0.7213958318041848,0.8528502724248199,25.898574683154955,-38.72541720041431,3.45999866734319,1.64142623720858,,,,84.2,394.0,7.2,778076,669257,518692,621035,571970,605141,624424,681624,606192,53.27,,,,,,,,50,2,Forkball,3,7,3,7,7,3,3,7,Standard,Standard,330.0,0.001,0.029,,,,,-0.029,,-4,-4,0.1,0.1,23,30,24,31,3,2,7.0,1.0,6.0,2.0,3.99,-0.12,-0.12,49.0,,,,,
FF,2025-05-03,94.6,-2.31,6.36,"Sasaki, Roki",669221,808963,,swinging_strike,,,,,11.0,,R,R,R,ATL,LAD,S,,,0,0,2025,-0.86,1.29,-0.6429502689496318,3.652491748672544,,,,1,5,Bot,,,,,,,6.370765602280089,-137.57611466004087,-4.257794496771657,-12.433775860935208,33.5652146281333,-15.097763044548133,3.46,1.62,,,,95.4,2063.0,7.0,778076,669257,518692,621035,571970,605141,624424,681624,606192,53.51,,,,,,,,50,1,4-Seam Fastball,3,7,3,7,7,3,3,7,Standard,Standard,223.0,-0.002,-0.039,41.8,6.4,0.52871214,,0.039,,-4,-4,0.102,0.102,23,30,24,31,3,2,7.0,1.0,6.0,2.0,1.28,0.86,0.86,47.2,8.902679856074608,14.684877053727597,24.92544644225166,30.553895623338818,19.788031927295936
FF,2025-05-03,94.1,-2.45,6.2,"Sasaki, Roki",621566,808963,field_out,hit_into_play,,,,,3.0,Matt Olson flies out to center fielder Andy Pages.,R,L,R,ATL,LAD,X,8.0,fly_ball,1,0,2025,-0.63,1.3,0.5533403753347562,3.2381632531480498,,,,0,5,Bot,140.62,46.06,,,,,9.320205680756455,-136.7741721243026,-4.957902483969882,-9.944813454256003,28.523863843231403,-14.84514032013912,3.61,1.7,379.0,97.3,28.0,95.5,2053.0,7.0,778076,669257,518692,621035,571970,605141,624424,681624,606192,53.46,0.298,0.5546666666666666,0.0,1.0,0.0,0.0,5.0,49,2,4-Seam Fastball,3,7,3,7,7,3,3,7,Standard,Standard,223.0,-0.024,-0.301,75.0,6.8,,1.071,0.301,97.3,-4,-4,0.126,0.126,23,31,24,31,3,2,7.0,1.0,6.0,1.0,1.26,0.63,-0.63,45.0,10.25779184123265,10.860423714917436,27.76719806431872,31.97435944737784,31.352564588324174
FO,2025-05-03,84.1,-2.22,6.32,"Sasaki, Roki",621566,808963,,ball,,,,,14.0,,R,L,R,ATL,LAD,B,,,0,0,2025,0.5,-0.38,0.1969382407029937,1.3188668425212555,,,,0,5,Bot,,,,,,,4.69890051932124,-122.40324830596626,-4.481472529364475,3.989833452054681,25.879146715173068,-35.20674214681327,3.60999952233785,1.67292336208646,,,,85.3,427.0,7.2,778076,669257,518692,621035,571970,605141,624424,681624,606192,53.28,,,,,,,,49,1,Forkball,3,7,3,7,7,3,3,7,Standard,Standard,304.0,0.004,0.041,,,,,-0.041,,-4,-4,0.122,0.122,23,31,24,31,3,2,7.0,1.0,6.0,1.0,3.62,-0.5,0.5,46.3,,,,,
FO,2025-05-03,82.2,-2.11,6.33,"Sasaki, Roki",542303,808963,field_out,hit_into_play,,,,,5.0,Marcell Ozuna flies out to left fielder Michael Conforto.,R,R,R,ATL,LAD,X,7.0,fly_ball,0,1,2025,0.13,-0.06,0.0285786849518891,2.839507913600767,669397.0,,663586.0,2,4,Bot,50.47,115.97,,,,,4.6743777252495775,-119.70738814465294,-1.2564951535073678,0.3274983632442915,24.007350835698613,-32.682021959968395,3.58,1.77,277.0,94.8,49.0,83.5,579.0,7.2,778076,669257,518692,621035,571970,605141,624424,681624,606192,53.28,0.008,0.008,0.0,1.0,0.0,0.0,3.0,45,2,Forkball,3,7,3,7,7,3,3,7,Infield shade,Standard,1.0,-0.034,-0.237,73.4,7.9,,0.013,0.237,94.8,-4,-4,0.138,0.138,23,34,24,35,3,2,7.0,1.0,6.0,1.0,3.44,-0.13,-0.13,47.7,18.91635069828349,-14.558073653573164,32.190207462137515,34.34271708243848,38.35511941450466
FO,2025-05-03,82.8,-2.02,6.28,"Sasaki, Roki",542303,808963,,swinging_strike,,,,,8.0,,R,R,R,ATL,LAD,S,,,0,0,2025,0.35,-0.49,-0.1843450138903165,1.7494449025374417,669397.0,,663586.0,2,4,Bot,,,,,,,3.5724803156974048,-120.5172968967711,-2.8666468985432942,2.581823611926465,26.457225636813128,-36.479196568216246,3.58,1.77,,,,83.9,451.0,7.3,778076,669257,518692,621035,571970,605141,624424,681624,606192,53.22,,,,,,,,45,1,Forkball,3,7,3,7,7,3,3,7,Standard,Standard,338.0,-0.006,-0.035,73.7,8.8,7.367186388,,0.035,,-4,-4,0.144,0.144,23,34,24,35,3,2,7.0,1.0,6.0,1.0,3.85,-0.35,-0.35,50.0,28.173380832596088,-50.02914413008528,38.88747201402118,32.53612212330924,62.48394694348144
FO,2025-05-03,81.9,-2.16,6.32,"Sasaki, Roki",663586,808963,hit_by_pitch,hit_by_pitch,,,,,11.0,Austin Riley hit by pitch.,R,R,R,ATL,LAD,B,,,0,0,2025,-0.38,-0.2,-2.422022247472878,3.3303801523946737,669397.0,,,2,4,Bot,,,,,,,0.162075664297623,-119.31504713483064,0.261054102601812,-3.6748447202116648,24.76937451899676,-34.3763593110359,3.45,1.57,,,,83.0,476.0,7.1,778076,669257,518692,621035,571970,605141,624424,681624,606192,53.38,,0.722289,0.7,1.0,0.0,0.0,,44,1,Forkball,3,7,3,7,7,3,3,7,Standard,Standard,334.0,0.013,0.114,,,,,-0.114,,-4,-4,0.131,0.131,23,28,24,28,3,2,7.0,1.0,6.0,1.0,3.61,0.38,0.38,48.9,,,,,
FO,2025-05-03,82.5,-2.25,6.4,"Sasaki, Roki",657077,808963,field_out,hit_into_play,,,,,4.0,"Alex Verdugo grounds out, shortstop Mookie Betts to first baseman Freddie Freeman. Nick Allen to 3rd.",R,L,R,ATL,LAD,X,6.0,ground_ball,1,1,2025,0.14,-0.79,-0.60275879020143,2.5861195068016603,,669397.0,,1,4,Bot,115.52,147.02,,,,,3.529985247144729,-120.10264843482004,-0.5690422767627579,0.5931336697070256,25.04135379383833,-39.900439152982095,3.52,1.55,83.0,105.3,2.0,83.6,639.0,7.1,778076,669257,518692,621035,571970,605141,624424,681624,606192,53.37,0.544,0.49,0.0,1.0,0.0,0.0,4.0,43,3,Forkball,3,7,3,7,7,3,3,7,Standard,Standard,3.0,-0.025,-0.246,71.5,6.1,,0.596,0.246,105.3,-4,-4,0.156,0.156,23,29,24,29,3,2,7.0,1.0,6.0,1.0,4.16,-0.14,0.14,47.9,-2.3417366144425635,7.999444311482136,26.79306496308773,38.08652063460488,30.49535165336995
FF,2025-05-03,95.0,-2.31,6.32,"Sasaki, Roki",657077,808963,,called_strike,,,,,7.0,,R,L,R,ATL,LAD,S,,,1,0,2025,-0.86,1.29,-0.4039923584491171,2.12882408916583,,669397.0,,1,4,Bot,,,,,,,7.014008304011676,-137.97793994641975,-8.26964074346894,-12.6050294625029,30.982483971992263,-14.067157702002609,3.69669907612155,1.7021699696112,,,,96.0,2128.0,7.0,778076,669257,518692,621035,571970,605141,624424,681624,606192,53.52,,,,,,,,43,2,4-Seam Fastball,3,7,3,7,7,3,3,7,Standard,Standard,223.0,-0.005,-0.042,,,,,0.042,,-4,-4,0.161,0.161,23,29,24,29,3,2,7.0,1.0,6.0,1.0,1.25,0.86,-0.86,45.8,,,,,
ST,2025-05-03,81.5,-2.28,6.27,"Sasaki, Roki",657077,808963,,blocked_ball,,,,,14.0,,R,L,R,ATL,LAD,B,,,0,0,2025,1.21,-0.37,1.0302755311315934,0.3536839110594774,,669397.0,,1,4,Bot,,,,,,,5.181709666752492,-118.54624295212568,-5.992811265192685,10.277837454522098,24.741302208028245,-34.63808502761501,3.705590102448,1.71594717744761,,,,82.5,1908.0,7.2,778076,669257,518692,621035,571970,605141,624424,681624,606192,53.33,,,,,,,,43,1,Sweeper,3,7,3,7,7,3,3,7,Standard,Standard,36.0,0.003,0.028,,,,,-0.028,,-4,-4,0.158,0.158,23,29,24,29,3,2,7.0,1.0,6.0,1.0,3.83,-1.21,1.21,44.8,,,,,
FO,2025-05-03,83.0,-2.25,6.24,"Sasaki, Roki",669397,808963,double,hit_into_play,,,,,4.0,Nick Allen doubles (4) on a line drive to left fielder Michael Conforto. Eli White scores.,R,R,R,ATL,LAD,X,7.0,line_drive,1,2,2025,0.32,0.07,-0.4128537237706964,2.569187667760033,,,642201.0,1,4,Bot,42.39,103.04,,,,,3.646812955908377,-120.81969058796396,-2.01019689908358,2.3389194620976683,25.839634759596905,-31.315788439468037,3.13,1.44,246.0,83.9,20.0,84.1,486.0,7.2,778076,669257,518692,621035,571970,605141,624424,681624,606192,53.31,0.739,0.723,1.25,1.0,1.0,1.0,4.0,42,4,Forkball,2,7,2,7,7,3,3,7,Standard,Standard,336.0,0.069,0.868,62.8,6.1,,0.905,-0.868,88.0,-5,-5,0.089,0.089,23,26,24,27,2,1,7.0,1.0,6.0,1.0,3.26,-0.32,-0.32,47.3,18.27078809958439,-12.640508220135136,21.57578787704067,29.551944712358942,41.54622180800356
FO,2025-05-03,83.4,-2.09,6.29,"Sasaki, Roki",669397,808963,,foul,,,,,9.0,,R,R,R,ATL,LAD,S,,,1,1,2025,0.54,-0.3,0.4736263340575468,1.528182286737882,,,642201.0,1,4,Bot,,,,,,,4.922354251776544,-121.29478039752568,-3.866408387125638,4.12706238977752,27.26504207095797,-34.43353170778396,3.13,1.44,144.0,63.6,29.0,84.3,342.0,7.3,778076,669257,518692,621035,571970,605141,624424,681624,606192,53.23,,,,,,,,42,3,Forkball,2,7,2,7,7,2,2,7,Standard,Standard,329.0,-0.005,-0.056,64.1,6.8,,,0.056,88.0,-5,-5,0.094,0.094,23,26,24,27,2,1,7.0,1.0,6.0,1.0,3.62,-0.54,-0.54,55.6,8.616987885466433,-2.005349015844873,34.175643740171,39.70128272242175,38.880342564605336
FF,2025-05-03,94.3,-2.18,6.21,"Sasaki, Roki",669397,808963,,called_strike,,,,,6.0,,R,R,R,ATL,LAD,S,,,1,0,2025,-0.8,1.27,0.7936333371665731,2.186883789839043,,,642201.0,1,4,Bot,,,,,,,9.611609345622623,-136.76712824632727,-7.624554856767544,-12.157739934825695,31.000187872663066,-14.65725011377935,3.18942799213248,1.52691393033738,,,,95.2,2024.0,7.0,778076,669257,518692,621035,571970,605141,624424,681624,606192,53.47,,,,,,,,42,2,4-Seam Fastball,2,7,2,7,7,2,2,7,Standard,Standard,219.0,-0.004,-0.056,,,,,0.056,,-5,-5,0.098,0.098,23,26,24,27,2,1,7.0,1.0,6.0,1.0,1.32,0.8,0.8,44.5,,,,,
ST,2025-05-03,80.1,-2.22,6.32,"Sasaki, Roki",669397,808963,,ball,,,,,11.0,,R,R,R,ATL,LAD,B,,,0,0,2025,1.13,-0.05,-0.2693038761810368,3.806171080063234,,,642201.0,1,4,Bot,,,,,,,2.1862433668676533,-116.57691572685997,1.2953366769145036,9.86874558350967,22.969007623909324,-33.0776677280536,3.16178860596053,1.43485545480408,,,,80.9,1930.0,6.9,778076,669257,518692,621035,571970,605141,624424,681624,606192,53.55,,,,,,,,42,1,Sweeper,2,7,2,7,7,2,2,7,Standard,Standard,50.0,0.003,0.035,,,,,-0.035,,-5,-5,0.095,0.095,23,26,24,27,2,1,7.0,1.0,6.0,1.0,3.61,-1.13,-1.13,51.1,,,,,
FF,2025-05-03,95.1,-2.25,6.18,"Sasaki, Roki",642201,808963,single,hit_into_play,,,,,8.0,Eli White singles on a line drive to right fielder Teoscar Hernández.,R,R,R,ATL,LAD,X,9.0,line_drive,3,1,2025,-0.95,1.33,0.2371540244146427,2.0295640571880598,,,,1,4,Bot,169.25,105.45,,,,,8.736634799318814,-138.03634707147123,-8.297406399328056,-14.023960110595173,30.168276750850087,-13.425892346779944,3.64,1.72,156.0,105.6,7.0,96.2,2159.0,7.0,778076,669257,518692,621035,571970,605141,624424,681624,606192,53.49,0.673,0.61,0.9,1.0,1.0,0.0,4.0,41,5,4-Seam Fastball,2,7,2,7,7,2,2,7,Standard,Standard,222.0,0.01,0.249,71.8,6.9,,0.732,-0.249,105.6,-5,-5,0.085,0.085,23,31,24,31,2,1,7.0,1.0,6.0,1.0,1.2,0.95,0.95,43.9,4.467861623800354,18.407213270075825,38.58690778513618,42.75025316507069,22.343872055912108
FF,2025-05-03,94.9,-2.28,6.23,"Sasaki, Roki",642201,808963,,ball,,,,,14.0,,R,R,R,ATL,LAD,B,,,2,1,2025,-0.94,1.15,1.2886700473722787,1.6798197706773956,,,,1,4,Bot,,,,,,,11.590046676840956,-137.4606012513917,-8.891409227994071,-14.476818893876995,29.94578098295501,-15.666932805516112,3.64000146357487,1.64150802134137,,,,96.0,2101.0,7.1,778076,669257,518692,621035,571970,605141,624424,681624,606192,53.36,,,,,,,,41,4,4-Seam Fastball,2,7,2,7,7,2,2,7,Standard,Standard,226.0,0.005,0.121,,,,,-0.121,,-5,-5,0.08,0.08,23,31,24,31,2,1,7.0,1.0,6.0,1.0,1.4,0.94,0.94,44.4,,,,,
FF,2025-05-03,93.8,-2.35,6.2,"Sasaki, Roki",642201,808963,,swinging_strike,,,,,2.0,,R,R,R,ATL,LAD,S,,,2,0,2025,-0.66,1.39,-0.1693552283939225,3.3096515276402165,,,,1,4,Bot,,,,,,,7.208004737262978,-136.39435850009392,-4.912171579471688,-9.841064532986866,28.966103861132243,-13.8463906666281,3.64,1.72,,,,95.1,2055.0,7.0,778076,669257,518692,621035,571970,605141,624424,681624,606192,53.47,,,,,,,,41,3,4-Seam Fastball,2,7,2,7,7,2,2,7,Standard,Standard,225.0,-0.003,-0.066,74.2,6.8,0.369141372,,0.066,,-5,-5,0.083,0.083,23,31,24,31,2,1,7.0,1.0,6.0,1.0,1.19,0.66,0.66,43.0,9.552911903308535,8.523746409360303,30.58402291734397,36.75511151427217,23.98617699333139
FF,2025-05-03,94.7,-2.35,6.2,"Sasaki, Roki",642201,808963,,ball,,,,,9.0,,R,R,R,ATL,LAD,B,,,1,0,2025,-1.06,1.09,0.7426778525750741,1.7566247948168052,,,,1,4,Bot,,,,,,,10.570879816319724,-137.37171201341485,-8.480248681424397,-15.655470757446372,29.022527323540224,-16.598114066322275,3.59205656236421,1.71497974643793,,,,96.0,2030.0,7.1,778076,669257,518692,621035,571970,605141,624424,681624,606192,53.38,,,,,,,,41,2,4-Seam Fastball,2,7,2,7,7,2,2,7,Standard,Standard,225.0,0.003,0.071,,,,,-0.071,,-5,-5,0.08,0.08,23,31,24,31,2,1,7.0,1.0,6.0,1.0,1.46,1.06,1.06,42.5,,,,,
FF,2025-05-03,94.8,-2.32,6.31,"Sasaki, Roki",642201,808963,,ball,,,,,9.0,,R,R,R,ATL,LAD,B,,,0,0,2025,-1.02,1.12,0.5676111027985462,1.6189134707493749,,,,1,4,Bot,,,,,,,9.947700451476615,-137.4429874758473,-9.190335257110505,-15.094786892651245,29.449941420506565,-16.062644248987073,3.56624809042373,1.69889845429334,,,,96.1,1988.0,7.2,778076,669257,518692,621035,571970,605141,624424,681624,606192,53.35,,,,,,,,41,1,4-Seam Fastball,2,7,2,7,7,2,2,7,Standard,Standard,225.0,0.002,0.039,,,,,-0.039,,-5,-5,0.078,0.078,23,31,24,31,2,1,7.0,1.0,6.0,1.0,1.43,1.02,1.02,42.5,,,,,
FF,2025-05-03,94.1,-2.25,6.27,"Sasaki, Roki",671739,808963,field_out,hit_into_play,,,,,6.0,Michael Harris II flies out to left fielder Michael Conforto.,R,L,R,ATL,LAD,X,7.0,fly_ball,0,0,2025,-0.96,1.04,0.3645749269616066,2.668738241154574,,,,0,4,Bot,40.57,111.69,,,,,9.0225658838615,-136.67308916920078,-5.995896439267018,-13.978316547390165,29.19194895684906,-18.031828147405427,3.45,1.54,301.0,90.5,43.0,95.3,2024.0,7.0,778076,669257,518692,621035,571970,605141,624424,681624,606192,53.47,0.005,0.005,0.0,1.0,0.0,0.0,3.0,40,1,4-Seam Fastball,2,7,2,7,7,2,2,7,Infield shade,Standard,228.0,-0.015,-0.259,68.4,7.1,,0.007,0.259,90.5,-5,-5,0.093,0.093,23,24,24,24,2,1,7.0,1.0,6.0,1.0,1.54,0.96,-0.96,45.3,3.406793808210899,9.45427284740946,32.721369704766715,34.36733079210234,27.576834715734822
FF,2025-05-03,93.0,-2.14,6.2,"Sasaki, Roki",645277,808963,home_run,hit_into_play,,,,,2.0,Ozzie Albies homers (5) on a fly ball to right field.,R,L,R,ATL,LAD,X,,fly_ball,2,0,2025,-0.9,1.12,-0.0643313978463063,2.850045720184835,,,,0,4,Bot,229.05,90.48,,,,,7.382486701891881,-135.23179007787033,-5.3686438797269584,-12.593620169637305,27.09947745567717,-17.443835075816843,3.25,1.57,368.0,106.3,25.0,94.4,1970.0,6.9,778076,669257,518692,621035,571970,605141,624424,681624,606192,53.56,0.794,1.5645781250000006,2.0,1.0,0.0,3.0,6.0,39,3,4-Seam Fastball,1,7,1,7,7,2,2,7,Infield shade,Standard,228.0,0.029,0.996,75.2,7.5,,3.064,-0.996,106.3,-6,-6,0.064,0.064,23,28,24,28,2,1,7.0,1.0,6.0,1.0,1.5,0.9,-0.9,43.9,22.30453453064746,-13.254877814664017,31.719172044474785,32.9162018632458,43.04178616041344
FF,2025-05-03,93.1,-2.45,6.23,"Sasaki, Roki",645277,808963,,ball,,,,,1.0,,R,L,R,ATL,LAD,B,,,1,0,2025,-0.85,1.17,-0.5839990070575204,3.280692457531469,,,,0,4,Bot,,,,,,,6.771494899761345,-135.4052646209803,-4.440249659847417,-11.984769245294649,29.4011634019587,-16.953498054044168,3.2237195909726,1.65528709142717,,,,94.4,1961.0,7.1,778076,669257,518692,621035,571970,605141,624424,681624,606192,53.45,,,,,,,,39,2,4-Seam Fastball,1,7,1,7,7,1,1,7,Infield shade,Standard,223.0,0.004,0.077,,,,,-0.077,,-6,-6,0.06,0.06,23,28,24,28,2,1,7.0,1.0,6.0,1.0,1.46,0.85,-0.85,45.0,,,,,
FF,2025-05-03,93.5,-2.31,6.2,"Sasaki, Roki",645277,808963,,ball,,,,,14.0,,R,L,R,ATL,LAD,B,,,0,0,2025,-1.05,1.24,1.072612298841953,1.7748243683093308,,,,0,4,Bot,,,,,,,11.128710059709396,-135.6145695190313,-8.463769411218715,-15.279543964984686,28.407936311534414,-15.137045872366208,3.39939345285907,1.60522456120866,,,,94.5,2016.0,7.0,778076,669257,518692,621035,571970,605141,624424,681624,606192,53.54,,,,,,,,39,1,4-Seam Fastball,1,7,1,7,7,1,1,7,Standard,Standard,233.0,0.002,0.041,,,,,-0.041,,-6,-6,0.058,0.058,23,28,24,28,2,1,7.0,1.0,6.0,1.0,1.38,1.05,-1.05,44.5,,,,,
FF,2025-05-03,94.2,-2.24,6.3,"Sasaki, Roki",669221,808963,force_out,hit_into_play,,,,,5.0,"Sean Murphy grounds into a force out, third baseman Max Muncy to second baseman Chris Taylor. Matt Olson out at 2nd.",R,R,R,ATL,LAD,X,5.0,ground_ball,2,1,2025,-0.7,1.1,0.1406350733323254,2.7134683972607463,,,621566.0,2,3,Bot,98.79,162.73,,,,,7.83920666341149,-136.95736535655672,-6.143515778620298,-10.460624349266183,28.759720470827407,-17.17779844402298,3.46,1.62,6.0,87.5,-24.0,95.7,2029.0,7.1,778076,669257,518692,621035,571970,605141,624424,681624,606192,53.41,0.05,0.049,0.0,1.0,0.0,0.0,2.0,30,4,4-Seam Fastball,1,3,1,3,3,1,1,3,Standard,Standard,219.0,-0.028,-0.309,72.9,7.7,,0.05,0.309,88.0,-2,-2,0.299,0.299,23,30,24,31,2,1,7.0,1.0,6.0,2.0,1.47,0.7,0.7,44.5,11.527185080558596,-0.7475173071825213,27.74813661846893,39.79306343442248,28.19647001364062
FO,2025-05-03,82.2,-2.11,6.29,"Sasaki, Roki",669221,808963,,ball,,,,,11.0,,R,R,R,ATL,LAD,B,,,1,1,2025,-0.07,-0.54,-1.558226471687498,2.6618326396847465,,,621566.0,2,3,Bot,,,,,,,1.4094019405300018,-119.64010296647504,-0.5502474116730638,-0.9817518089761696,25.79419146470027,-37.43762717649714,3.38968886486085,1.53702024783942,,,,83.0,371.0,7.1,778076,669257,518692,621035,571970,605141,624424,681624,606192,53.41,,,,,,,,30,3,Forkball,1,3,1,3,3,1,1,3,Standard,Standard,334.0,0.003,0.054,,,,,-0.054,,-2,-2,0.296,0.296,23,30,24,31,2,1,7.0,1.0,6.0,2.0,3.94,0.07,0.07,48.2,,,,,
FF,2025-05-03,93.9,-2.23,6.29,"Sasaki, Roki",669221,808963,,foul,,,,,3.0,,R,R,R,ATL,LAD,S,,,1,0,2025,-0.59,1.45,0.5097767416236034,3.2232038384242263,,,621566.0,2,3,Bot,,,,,,,8.509775062093762,-136.56854226668344,-5.518399407802309,-9.13124793062611,28.07952637160307,-12.94760288891812,3.46,1.62,,,,95.4,2143.0,7.0,778076,669257,518692,621035,571970,605141,624424,681624,606192,53.49,,,,,,,,30,2,4-Seam Fastball,1,3,1,3,3,1,1,3,Standard,Standard,221.0,-0.003,-0.05,75.8,8.3,,,0.05,,-2,-2,0.299,0.299,23,30,24,31,2,1,7.0,1.0,6.0,2.0,1.12,0.59,0.59,44.6,20.309496863272617,-18.51271638253412,22.55200433970769,44.54714043264347,32.55540368598574
ST,2025-05-03,80.3,-2.26,6.34,"Sasaki, Roki",669221,808963,,ball,,,,,11.0,,R,R,R,ATL,LAD,B,,,0,0,2025,0.92,-0.35,-1.1581902879103312,2.693210770279614,,,621566.0,2,3,Bot,,,,,,,0.6912565055115518,-116.9434711889544,-0.7338790599511177,8.355612433617479,21.654771534675,-35.434630887319386,3.38012035728458,1.57105773448684,,,,81.7,1906.0,7.1,778076,669257,518692,621035,571970,605141,624424,681624,606192,53.37,,,,,,,,30,1,Sweeper,1,3,1,3,3,1,1,3,Standard,Standard,46.0,0.002,0.035,,,,,-0.035,,-2,-2,0.297,0.297,23,30,24,31,2,1,7.0,1.0,6.0,2.0,3.87,-0.92,-0.92,49.5,,,,,
FF,2025-05-03,96.5,-2.33,6.26,"Sasaki, Roki",621566,808963,walk,ball,,,,,14.0,Matt Olson walks.,R,L,R,ATL,LAD,B,,,3,2,2025,-0.87,1.07,0.9864652980880562,1.4503192730443757,,,,2,3,Bot,,,,,,,10.947490240910184,-139.8639572321618,-9.733980214418676,-13.867896730626736,31.67445301025014,-16.044958303847952,3.76695422791865,1.8215749112146,,,,97.6,2136.0,7.2,778076,669257,518692,621035,571970,605141,624424,681624,606192,53.35,,0.691497,0.7,1.0,0.0,0.0,,29,8,4-Seam Fastball,1,3,1,3,3,1,1,3,Infield shade,Standard,226.0,0.013,0.259,,,,,-0.259,,-2,-2,0.284,0.284,23,31,24,31,2,1,7.0,1.0,6.0,1.0,1.4,0.87,-0.87,43.9,,,,,
FF,2025-05-03,95.6,-2.4,6.3,"Sasaki, Roki",621566,808963,,ball,,,,,11.0,,R,L,R,ATL,LAD,B,,,2,2,2025,-0.8,1.07,-0.3854504054669967,4.513335326085453,,,,2,3,Bot,,,,,,,7.211797821853679,-139.09557167978258,-1.4800377985639477,-12.080383475449256,32.26851640230938,-18.229291597210192,3.68986783624746,1.7769796141709,,,,96.5,2039.0,6.9,778076,669257,518692,621035,571970,605141,624424,681624,606192,53.63,,,,,,,,29,7,4-Seam Fastball,1,3,1,3,3,1,1,3,Infield shade,Standard,229.0,0.004,0.104,,,,,-0.104,,-2,-2,0.28,0.28,23,31,24,31,2,1,7.0,1.0,6.0,1.0,1.43,0.8,-0.8,43.4,,,,,
FO,2025-05-03,84.6,-2.27,6.32,"Sasaki, Roki",621566,808963,,foul,,,,,4.0,,R,L,R,ATL,LAD,S,,,2,2,2025,0.36,-0.32,-0.4206315720760131,2.494569333882108,,,,2,3,Bot,,,,,,,3.644164884560504,-123.17380187087724,-1.8949154425229056,2.891000976270624,26.27818182028329,-35.24103400894299,3.61,1.7,256.0,83.3,37.0,85.5,505.0,7.0,778076,669257,518692,621035,571970,605141,624424,681624,606192,53.52,,,,,,,,29,6,Forkball,1,3,1,3,3,1,1,3,Infield shade,Standard,4.0,0.0,0.0,68.4,6.6,,,0.0,88.0,-2,-2,0.28,0.28,23,31,24,31,2,1,7.0,1.0,6.0,1.0,3.52,-0.36,0.36,46.1,-8.130428633390412,28.369073684196355,32.44809528408285,43.3686693617263,21.05801313472451
FO,2025-05-03,84.5,-2.22,6.36,"Sasaki, Roki",621566,808963,,foul,,,,,13.0,,R,L,R,ATL,LAD,S,,,2,2,2025,-0.05,-0.89,-0.8490456327461854,1.8798438030476188,,,,2,3,Bot,,,,,,,3.3416186973577577,-122.95390019084876,-2.264984254211395,-1.1642167813716746,26.052722750941093,-40.91677937037552,3.61,1.7,,,,85.6,448.0,7.2,778076,669257,518692,621035,571970,605141,624424,681624,606192,53.33,,,,,,,,29,5,Forkball,1,3,1,3,3,1,1,3,Infield shade,Standard,330.0,0.0,0.0,67.5,7.2,,,0.0,,-2,-2,0.28,0.28,23,31,24,31,2,1,7.0,1.0,6.0,1.0,4.1,0.05,-0.05,47.3,1.3341975903908134,25.13164329248888,26.648658400586296,49.20718450748698,18.976234298816927
FF,2025-05-03,95.9,-2.37,6.38,"Sasaki, Roki",621566,808963,,ball,,,,,11.0,,R,L,R,ATL,LAD,B,,,1,2,2025,-0.75,1.16,-1.0798890623700652,5.422615857190764,,,,2,3,Bot,,,,,,,5.170279088505773,-139.59012078573537,0.4517856694341745,-10.99736603258839,31.65454255793606,-17.310786121714553,3.61000098418654,1.82624117620424,,,,96.9,1988.0,6.9,778076,669257,518692,621035,571970,605141,624424,681624,606192,53.63,,,,,,,,29,4,4-Seam Fastball,1,3,1,3,3,1,1,3,Infield shade,Standard,224.0,0.001,0.042,,,,,-0.042,,-2,-2,0.279,0.279,23,31,24,31,2,1,7.0,1.0,6.0,1.0,1.32,0.75,-0.75,47.1,,,,,
FF,2025-05-03,95.2,-2.3,6.29,"Sasaki, Roki",621566,808963,,foul,,,,,5.0,,R,L,R,ATL,LAD,S,,,1,1,2025,-0.63,1.43,0.2654640228298697,2.878315231072869,,,,2,3,Bot,,,,,,,8.254010920656258,-138.30904170766428,-6.571456099971972,-9.96719146003845,30.70629427377829,-12.523647055877428,3.61,1.7,236.0,80.0,46.0,96.2,2098.0,6.9,778076,669257,518692,621035,571970,605141,624424,681624,606192,53.57,,,,,,,,29,3,4-Seam Fastball,1,3,1,3,3,1,1,3,Infield shade,Standard,226.0,-0.002,-0.062,69.0,6.5,,,0.062,88.0,-2,-2,0.281,0.281,23,31,24,31,2,1,7.0,1.0,6.0,1.0,1.09,0.63,-0.63,45.5,-6.266513323407732,16.711375470715332,33.570883924294385,36.12443847132687,21.21630309016228
FO,2025-05-03,86.0,-2.26,6.35,"Sasaki, Roki",621566,808963,,ball,,,,,13.0,,R,L,R,ATL,LAD,B,,,0,1,2025,-0.71,-0.04,-0.6153940454269045,0.679405088784041,,,,2,3,Bot,,,,,,,5.432199590139389,-124.97306378570376,-7.201252899139555,-8.586755725112889,25.3596386869484,-31.281418507438016,3.73699965947195,1.79112445590422,,,,87.4,385.0,7.3,778076,669257,518692,621035,571970,605141,624424,681624,606192,53.25,,,,,,,,29,2,Forkball,1,3,1,3,3,1,1,3,Infield shade,Standard,304.0,0.001,0.027,,,,,-0.027,,-2,-2,0.28,0.28,23,31,24,31,2,1,7.0,1.0,6.0,1.0,3.13,0.71,-0.71,48.5,,,,,
ST,2025-05-03,82.0,-2.34,6.32,"Sasaki, Roki",621566,808963,,called_strike,,,,,8.0,,R,L,R,ATL,LAD,S,,,0,0,2025,1.09,0.1,0.2472470911233252,1.7263516135504338,,,,2,3,Bot,,,,,,,3.776614166068805,-119.37345958752194,-4.084309730796356,9.75091685068272,22.842691089104022,-30.62080294453344,3.60999902649449,1.79489716040015,,,,83.3,2006.0,7.1,778076,669257,518692,621035,571970,605141,624424,681624,606192,53.4,,,,,,,,29,1,Sweeper,1,3,1,3,3,1,1,3,Strategic,Standard,55.0,-0.002,-0.043,,,,,0.043,,-2,-2,0.282,0.282,23,31,24,31,2,1,7.0,1.0,6.0,1.0,3.28,-1.09,1.09,47.7,,,,,
FO,2025-05-03,84.2,-2.11,6.34,"Sasaki, Roki",542303,808963,strikeout,called_strike,,,,,8.0,Marcell Ozuna called out on strikes.,R,R,R,ATL,LAD,S,2.0,,2,2,2025,0.54,-0.13,-0.0910355821643073,2.039081601195876,,,,1,3,Bot,,,,,,,3.681916708754752,-122.57243497458244,-3.349870458117995,4.62189985345382,26.017695418664395,-32.96313599558954,3.58000124276931,1.8690356322248,,,,85.3,496.0,7.2,778076,669257,518692,621035,571970,605141,624424,681624,606192,53.33,,0.0,0.0,1.0,0.0,0.0,,28,5,Forkball,1,3,1,3,3,1,1,3,Standard,Standard,351.0,-0.016,-0.228,,,,,0.228,,-2,-2,0.298,0.298,23,34,24,35,2,1,7.0,1.0,6.0,1.0,3.36,-0.54,-0.54,46.0,,,,,
FO,2025-05-03,84.7,-2.22,6.41,"Sasaki, Roki",542303,808963,,ball,,,,,13.0,,R,R,R,ATL,LAD,B,,,1,2,2025,-0.26,-0.63,-2.353515873394515,2.4054207957701323,,,,1,3,Bot,,,,,,,0.2085786596027163,-123.34411585853832,-1.7237010951358114,-2.6796324782517997,26.297543877918766,-38.39531660730206,3.58000145210184,1.89090748451321,,,,85.8,472.0,7.1,778076,669257,518692,621035,571970,605141,624424,681624,606192,53.36,,,,,,,,28,4,Forkball,1,3,1,3,3,1,1,3,Standard,Standard,334.0,0.003,0.048,,,,,-0.048,,-2,-2,0.295,0.295,23,34,24,35,2,1,7.0,1.0,6.0,1.0,3.82,0.26,0.26,52.3,,,,,
FF,2025-05-03,95.0,-2.25,6.29,"Sasaki, Roki",542303,808963,,foul,,,,,2.0,,R,R,R,ATL,LAD,S,,,1,1,2025,-0.6,1.43,-0.2542267625057365,3.623181598395088,,,,1,3,Bot,,,,,,,6.665459394794222,-138.2240100760814,-4.569817418841791,-9.153278310921891,31.610066109606,-13.045756172141576,3.58,1.77,111.0,86.9,72.0,96.2,2109.0,7.0,778076,669257,518692,621035,571970,605141,624424,681624,606192,53.47,,,,,,,,28,3,4-Seam Fastball,1,3,1,3,3,1,1,3,Infield shade,Standard,219.0,-0.005,-0.064,69.1,6.3,,,0.064,88.0,-2,-2,0.3,0.3,23,34,24,35,2,1,7.0,1.0,6.0,1.0,1.1,0.6,0.6,46.6,11.067461643641796,8.414950515312118,24.234782466076755,32.563431504524374,28.97232591338153
FO,2025-05-03,84.8,-2.17,6.36,"Sasaki, Roki",542303,808963,,ball,,,,,1.0,,R,R,R,ATL,LAD,B,,,0,1,2025,-0.13,-0.29,-0.8244285183254193,3.1381888147655634,,,,1,3,Bot,,,,,,,3.454216910322219,-123.49708417246828,-0.5564388062301202,-2.054991210097545,26.540413091428466,-35.25669112732994,3.57185678444328,1.79473139355087,,,,85.9,468.0,7.2,778076,669257,518692,621035,571970,605141,624424,681624,606192,53.35,,,,,,,,28,2,Forkball,1,3,1,3,3,1,1,3,Standard,Standard,342.0,0.002,0.029,,,,,-0.029,,-2,-2,0.298,0.298,23,34,24,35,2,1,7.0,1.0,6.0,1.0,3.48,0.13,0.13,47.4,,,,,
ST,2025-05-03,82.4,-2.31,6.3,"Sasaki, Roki",542303,808963,,called_strike,,,,,1.0,,R,R,R,ATL,LAD,S,,,0,0,2025,1.21,-0.13,-0.3570038798046719,3.304549351961926,,,,1,3,Bot,,,,,,,2.119208277730368,-120.08955254338332,-0.0680405262434646,11.354550974375432,22.599599378750423,-33.5874528903413,3.57999847430889,1.88994815011262,,,,83.7,1804.0,7.0,778076,669257,518692,621035,571970,605141,624424,681624,606192,53.52,,,,,,,,28,1,Sweeper,1,3,1,3,3,1,1,3,Standard,Standard,53.0,-0.003,-0.039,,,,,0.039,,-2,-2,0.301,0.301,23,34,24,35,2,1,7.0,1.0,6.0,1.0,3.46,-1.21,-1.21,46.5,,,,,
FF,2025-05-03,95.2,-2.19,6.31,"Sasaki, Roki",663586,808963,strikeout,swinging_strike,,,,,11.0,Austin Riley strikes out swinging.,R,R,R,ATL,LAD,S,2.0,,0,2,2025,-0.74,1.24,-0.4147726064567314,3.8079624199463336,,,,0,3,Bot,,,,,,,6.405687054295107,-138.46270681307752,-3.740666385276713,-10.959674516412038,31.190842503226445,-15.593740072271691,3.45,1.57,,,,96.3,2000.0,7.0,778076,669257,518692,621035,571970,605141,624424,681624,606192,53.52,,0.0,0.0,1.0,0.0,0.0,,27,4,4-Seam Fastball,1,3,1,3,3,1,1,3,Standard,Standard,224.0,-0.016,-0.165,55.9,4.6,2.74088316,,0.165,,-2,-2,0.317,0.317,23,28,24,28,2,1,7.0,1.0,6.0,1.0,1.28,0.74,0.74,44.4,-16.463403764671206,56.72038335750838,36.482091963819215,32.46725506906615,8.985491447029556
FO,2025-05-03,85.3,-2.11,6.31,"Sasaki, Roki",663586,808963,,foul,,,,,13.0,,R,R,R,ATL,LAD,S,,,0,2,2025,-0.39,-0.41,-0.2413610388325003,1.3323950052864015,,,,0,3,Bot,,,,,,,5.272520412479294,-124.0036405934868,-4.570861159937861,-5.150060922599807,26.97326851870328,-35.56803679943403,3.45,1.57,4.0,72.9,-24.0,86.3,399.0,7.2,778076,669257,518692,621035,571970,605141,624424,681624,606192,53.29,,,,,,,,27,3,Forkball,1,3,1,3,3,1,1,3,Infield shade,Standard,293.0,0.0,0.0,81.3,8.2,,,0.0,88.0,-2,-2,0.317,0.317,23,28,24,28,2,1,7.0,1.0,6.0,1.0,3.57,0.39,0.39,47.1,14.524675351582406,-12.67563195912874,35.48001790463563,33.82827681855464,45.38398440517898
FO,2025-05-03,84.0,-2.21,6.3,"Sasaki, Roki",663586,808963,,foul,,,,,4.0,,R,R,R,ATL,LAD,S,,,0,1,2025,-0.28,-0.48,-0.6159798771942232,2.7169155825977795,,,,0,3,Bot,,,,,,,4.327062134540514,-122.20730218747374,-0.9038920544940792,-3.693234746677016,25.55398095549344,-36.97416168286188,3.45,1.57,150.0,67.8,20.0,85.1,390.0,7.2,778076,669257,518692,621035,571970,605141,624424,681624,606192,53.32,,,,,,,,27,2,Forkball,1,3,1,3,3,1,1,3,Standard,Standard,314.0,-0.007,-0.055,57.5,5.5,,,0.055,88.0,-2,-2,0.324,0.324,23,28,24,28,2,1,7.0,1.0,6.0,1.0,3.73,0.28,0.28,45.9,-17.471123059875694,40.918860492622215,38.56560073913475,30.209583298122787,15.682762845999028
FF,2025-05-03,94.8,-2.22,6.32,"Sasaki, Roki",663586,808963,,called_strike,,,,,6.0,,R,R,R,ATL,LAD,S,,,0,0,2025,-0.87,1.4,0.5281465287044991,2.4998187657790285,,,,0,3,Bot,,,,,,,9.247392529592537,-137.6934852213781,-7.584461598828935,-13.00725059660105,27.501352338905495,-12.802618866123412,3.45000073037775,1.58049148827504,,,,96.4,2087.0,7.1,778076,669257,518692,621035,571970,605141,624424,681624,606192,53.4,,,,,,,,27,1,4-Seam Fastball,1,3,1,3,3,1,1,3,Standard,Standard,225.0,-0.004,-0.039,,,,,0.039,,-2,-2,0.328,0.328,23,28,24,28,2,1,7.0,1.0,6.0,1.0,1.12,0.87,0.87,46.3,,,,,
FF,2025-05-03,94.5,-2.19,6.37,"Sasaki, Roki",657077,808963,field_out,hit_into_play,,,,,3.0,Alex Verdugo lines out to shortstop Mookie Betts.,R,L,R,ATL,LAD,X,6.0,line_drive,2,1,2025,-0.72,1.2,0.5608115124006819,3.284998834032673,642201.0,,,2,2,Bot,122.92,133.54,,,,,8.878129337686234,-137.33181910256403,-5.0702111293875545,-11.015856366184437,30.15967041837009,-16.039754599808653,3.52,1.55,169.0,57.1,33.0,95.6,2043.0,7.0,778076,669257,518692,621035,571970,605141,624424,681624,606192,53.53,0.334,0.301,0.0,1.0,0.0,0.0,1.0,19,4,4-Seam Fastball,1,1,1,1,1,1,1,1,Standard,Standard,223.0,-0.041,-0.279,56.4,5.2,,0.334,0.279,88.0,0,0,0.541,0.541,23,29,24,29,2,1,7.0,1.0,6.0,1.0,1.36,0.72,-0.72,42.9,-2.551719555395033,4.04386290563244,29.942172543756893,22.332259482272462,25.433589939068423
FO,2025-05-03,82.0,-2.33,6.38,"Sasaki, Roki",657077,808963,,ball,,,,,13.0,,R,L,R,ATL,LAD,B,,,1,1,2025,0.35,-0.58,-1.8107932716010515,2.188202262891486,642201.0,,,2,2,Bot,,,,,,,0.515525205941902,-119.46788239643996,-1.7695940739302656,3.181860813919088,25.22344446595313,-37.54189248540619,3.54726762616139,1.71379099656793,,,,83.0,789.0,7.1,778076,669257,518692,621035,571970,605141,624424,681624,606192,53.39,,,,,,,,19,3,Forkball,1,1,1,1,1,1,1,1,Standard,Standard,17.0,0.003,0.018,,,,,-0.018,,0,0,0.538,0.538,23,29,24,29,2,1,7.0,1.0,6.0,1.0,3.99,-0.35,0.35,46.4,,,,,
FF,2025-05-03,94.0,-2.25,6.33,"Sasaki, Roki",657077,808963,,ball,,,,,11.0,,R,L,R,ATL,LAD,B,,,0,1,2025,-0.69,1.26,-1.966636880439215,3.1438849635695103,642201.0,,,2,2,Bot,,,,,,,2.304607699691533,-136.83055428548585,-5.385393849060938,-9.215562234001428,31.64942385528478,-15.32584092053399,3.69774669833494,1.80754457056761,,,,94.9,2050.0,6.9,778076,669257,518692,621035,571970,605141,624424,681624,606192,53.58,,,,,,,,19,2,4-Seam Fastball,1,1,1,1,1,1,1,1,Standard,Standard,224.0,0.004,0.029,,,,,-0.029,,0,0,0.534,0.534,23,29,24,29,2,1,7.0,1.0,6.0,1.0,1.32,0.69,-0.69,42.0,,,,,
FF,2025-05-03,93.7,-2.3,6.34,"Sasaki, Roki",657077,808963,,called_strike,,,,,1.0,,R,L,R,ATL,LAD,S,,,0,0,2025,-0.73,1.1,-0.4889640756280796,3.2905031952192623,642201.0,,,2,2,Bot,,,,,,,6.36599955959088,-136.194539990723,-4.59118856220543,-10.47750334527923,31.81009122487322,-17.64585054757853,3.59229012501196,1.76798060848984,,,,94.7,2076.0,7.1,778076,669257,518692,621035,571970,605141,624424,681624,606192,53.44,,,,,,,,19,1,4-Seam Fastball,1,1,1,1,1,1,1,1,Standard,Standard,225.0,-0.006,-0.044,,,,,0.044,,0,0,0.54,0.54,23,29,24,29,2,1,7.0,1.0,6.0,1.0,1.51,0.73,-0.73,43.2,,,,,
FO,2025-05-03,82.9,-2.27,6.34,"Sasaki, Roki",669397,808963,field_out,hit_into_play,,,,,4.0,"Nick Allen grounds out, third baseman Max Muncy to first baseman Freddie Freeman.",R,R,R,ATL,LAD,X,5.0,ground_ball,2,1,2025,0.15,-0.03,-0.3488410332349088,2.5806934931422543,642201.0,,,1,2,Bot,110.45,171.35,,,,,4.1649075194865945,-120.68608021370343,-2.066361558374699,0.6385751297824377,23.72885000656826,-32.32073819409269,3.13,1.44,38.0,99.7,-2.0,84.3,553.0,7.2,778076,669257,518692,621035,571970,605141,624424,681624,606192,53.29,0.374,0.343,0.0,1.0,0.0,0.0,2.0,18,4,Forkball,1,1,1,1,1,1,1,1,Strategic,Standard,4.0,-0.064,-0.297,67.1,6.4,,0.433,0.297,99.7,0,0,0.604,0.604,23,26,24,27,1,0,7.0,1.0,6.0,1.0,3.35,-0.15,-0.15,45.3,9.794427123701771,-16.316067260013316,25.266209281544924,31.20960105088235,38.73031275118453
FF,2025-05-03,93.5,-2.3,6.21,"Sasaki, Roki",669397,808963,,foul,,,,,5.0,,R,R,R,ATL,LAD,S,,,2,0,2025,-0.71,1.35,-0.2432277236853557,2.405458101954796,642201.0,,,1,2,Bot,,,,,,,6.981579196445086,-135.88314966423602,-7.117728954259914,-10.337060219111487,28.73556995693662,-14.100869178916868,3.13,1.44,196.0,70.1,36.0,94.8,2013.0,7.1,778076,669257,518692,621035,571970,605141,624424,681624,606192,53.44,,,,,,,,18,3,4-Seam Fastball,1,1,1,1,1,1,1,1,Strategic,Standard,229.0,-0.004,-0.055,65.3,5.9,,,0.055,88.0,0,0,0.608,0.608,23,26,24,27,1,0,7.0,1.0,6.0,1.0,1.26,0.71,0.71,43.7,-3.0662581099456183,10.836636693863976,34.70788795298915,32.86923520571632,24.50851975097804
FF,2025-05-03,94.3,-2.15,6.33,"Sasaki, Roki",669397,808963,,ball,,,,,14.0,,R,R,R,ATL,LAD,B,,,1,0,2025,-0.76,1.38,1.3165455960143773,2.279038292930695,642201.0,,,1,2,Bot,,,,,,,10.839888319147164,-136.6614385029359,-7.931940249167848,-11.940471148980436,31.13410989378181,-13.26856380248868,3.13000052536146,1.55058796595407,,,,95.3,2203.0,7.1,778076,669257,518692,621035,571970,605141,624424,681624,606192,53.36,,,,,,,,18,2,4-Seam Fastball,1,1,1,1,1,1,1,1,Strategic,Standard,225.0,0.004,0.037,,,,,-0.037,,0,0,0.604,0.604,23,26,24,27,1,0,7.0,1.0,6.0,1.0,1.22,0.76,0.76,43.5,,,,,
FO,2025-05-03,81.6,-2.17,6.44,"Sasaki, Roki",669397,808963,,ball,,,,,11.0,,R,R,R,ATL,LAD,B,,,0,0,2025,0.29,-0.25,-1.5176532535245395,3.396189759820249,642201.0,,,1,2,Bot,,,,,,,0.9220190511040012,-118.90730355628868,0.2587068792746241,2.535268405595168,23.817021817233705,-34.81999815914604,3.13000008982905,1.34480130291578,,,,82.7,499.0,7.0,778076,669257,518692,621035,571970,605141,624424,681624,606192,53.47,,,,,,,,18,1,Forkball,1,1,1,1,1,1,1,1,Strategic,Standard,359.0,0.002,0.026,,,,,-0.026,,0,0,0.602,0.602,23,26,24,27,1,0,7.0,1.0,6.0,1.0,3.68,-0.29,-0.29,47.2,,,,,
ST,2025-05-03,83.0,-2.22,6.35,"Sasaki, Roki",642201,808963,triple,hit_into_play,,,,,14.0,Eli White triples (2) on a line drive to right fielder Teoscar Hernández. Ozzie Albies scores.,R,R,R,ATL,LAD,X,9.0,line_drive,2,2,2025,1.42,-0.06,0.9565788699046018,2.2452360614714237,,645277.0,,1,2,Bot,216.91,113.56,,,,,4.548620432500487,-120.77611729603385,-2.771060290647236,12.79455583502094,25.91089948469528,-32.36753985597663,3.64,1.72,165.0,85.1,11.0,83.8,2096.0,7.1,778076,669257,518692,621035,571970,605141,624424,681624,606192,53.44,0.57,0.514,1.6,1.0,1.0,2.0,4.0,17,5,Sweeper,0,1,0,1,1,1,1,1,Standard,Standard,58.0,0.144,1.091,59.1,6.8,,0.624,-1.091,88.0,-1,-1,0.458,0.458,23,31,24,31,1,0,7.0,1.0,6.0,1.0,3.39,-1.42,-1.42,45.9,7.058107220719938,23.51955814591192,29.64561863771513,51.35456294817391,20.63624216518015
FF,2025-05-03,95.2,-2.21,6.27,"Sasaki, Roki",642201,808963,,called_strike,,,,,9.0,,R,R,R,ATL,LAD,S,,,2,1,2025,-0.83,1.36,0.3973342127357209,1.74981239208915,,645277.0,,1,2,Bot,,,,,,,8.804991753312372,-138.13774618917478,-9.39526992601397,-12.494878404754084,29.067477890556408,-12.809237202759824,3.63999828537418,1.75874912168738,,,,96.6,2167.0,7.1,778076,669257,518692,621035,571970,605141,624424,681624,606192,53.38,,,,,,,,17,4,4-Seam Fastball,0,1,0,1,1,0,0,1,Infield shade,Standard,225.0,-0.009,-0.065,,,,,0.065,,-1,-1,0.467,0.467,23,31,24,31,1,0,7.0,1.0,6.0,1.0,1.16,0.83,0.83,43.8,,,,,
FO,2025-05-03,82.7,-2.1,6.34,"Sasaki, Roki",642201,808963,,ball,,,,,11.0,,R,R,R,ATL,LAD,B,,,1,1,2025,0.57,-0.39,-1.416637682320986,3.020704197137401,,645277.0,,1,2,Bot,,,,,,,0.4664772009094387,-120.4360650753554,-0.268260765828227,5.405761832495014,24.604680759439265,-36.15214543600006,3.63999860974736,1.73295478360209,,,,83.9,397.0,7.2,778076,669257,518692,621035,571970,605141,624424,681624,606192,53.34,,,,,,,,17,3,Forkball,0,1,0,1,1,0,0,1,Infield shade,Standard,333.0,0.005,0.03,,,,,-0.03,,-1,-1,0.462,0.462,23,31,24,31,1,0,7.0,1.0,6.0,1.0,3.73,-0.57,-0.57,46.0,,,,,
FF,2025-05-03,95.3,-2.13,6.29,"Sasaki, Roki",642201,808963,,swinging_strike,,,,,5.0,,R,R,R,ATL,LAD,S,,,1,0,2025,-0.82,1.24,0.1446193242168958,2.827337820590844,,645277.0,,1,2,Bot,,,,,,,7.925887814022312,-138.46013039083843,-6.3110781876745525,-12.268041928967572,30.942297107790424,-14.945415120839796,3.64,1.72,,,,96.5,2151.0,7.1,778076,669257,518692,621035,571970,605141,624424,681624,606192,53.44,,,,,,,,17,2,4-Seam Fastball,0,1,0,1,1,0,0,1,Infield shade,Standard,227.0,-0.005,-0.042,72.6,6.4,0.389230632,,0.042,,-1,-1,0.467,0.467,23,31,24,31,1,0,7.0,1.0,6.0,1.0,1.28,0.82,0.82,44.0,-1.3031302356920649,28.822136835780817,33.58816308909205,40.3858329505421,16.333334092581637
ST,2025-05-03,81.3,-2.3,6.35,"Sasaki, Roki",642201,808963,,ball,,,,,11.0,,R,R,R,ATL,LAD,B,,,0,0,2025,1.24,-0.28,-0.9355183377159696,2.9778514297879166,,645277.0,,1,2,Bot,,,,,,,0.6686203413891397,-118.38372594952328,-0.3604332456599012,11.50711035207705,24.004628349228863,-34.9702492824651,3.49995487783897,1.65538115086525,,,,82.2,1881.0,7.0,778076,669257,518692,621035,571970,605141,624424,681624,606192,53.51,,,,,,,,17,1,Sweeper,0,1,0,1,1,0,0,1,Standard,Standard,54.0,0.003,0.028,,,,,-0.028,,-1,-1,0.464,0.464,23,31,24,31,1,0,7.0,1.0,6.0,1.0,3.74,-1.24,-1.24,47.0,,,,,
FF,2025-05-03,95.3,-2.31,6.26,"Sasaki, Roki",671739,808963,field_out,hit_into_play,,,,,13.0,Michael Harris II lines out to third baseman Max Muncy.,R,L,R,ATL,LAD,X,5.0,line_drive,3,1,2025,-1.12,1.1,-1.3182844907898794,2.089414874069292,,645277.0,,0,2,Bot,109.43,172.37,,,,,5.21043305240816,-138.53531187624029,-7.878001537632169,-15.612371872755018,30.167043401913784,-16.478610330761164,3.45,1.54,104.0,75.1,8.0,96.7,2120.0,7.1,778076,669257,518692,621035,571970,605141,624424,681624,606192,53.44,0.316,0.289,0.0,1.0,0.0,0.0,2.0,16,5,4-Seam Fastball,0,1,0,1,1,0,0,1,Standard,Standard,229.0,-0.06,-0.432,71.7,8.0,,0.359,0.432,88.0,-1,-1,0.524,0.524,23,24,24,24,1,0,7.0,1.0,6.0,1.0,1.41,1.12,-1.12,43.9,7.83971844287138,23.08198676982845,24.42819298751084,52.73517607770316,16.122877155636836
ST,2025-05-03,81.0,-2.22,6.27,"Sasaki, Roki",671739,808963,,ball,,,,,14.0,,R,L,R,ATL,LAD,B,,,2,1,2025,0.76,-0.15,0.5168025318302917,0.7562553190452199,,,645277.0,0,2,Bot,,,,,,,4.707171268418058,-117.88710825763188,-5.443692018356787,6.197139170039788,22.931839097178266,-32.71832037428872,3.44999899438319,1.58310961224146,,,,82.0,1955.0,7.0,778076,669257,518692,621035,571970,605141,624424,681624,606192,53.48,,,,,,,,16,4,Sweeper,0,1,0,1,1,0,0,1,Infield shade,Standard,36.0,0.034,0.116,,,,,-0.116,,-1,-1,0.49,0.49,23,24,24,24,1,0,7.0,1.0,6.0,1.0,3.63,-0.76,0.76,47.6,,,,,
FF,2025-05-03,94.3,-2.35,6.24,"Sasaki, Roki",671739,808963,,ball,,,,,11.0,,R,L,R,ATL,LAD,B,,,1,1,2025,-0.83,1.13,-1.5545315950199985,2.711776087469591,,,645277.0,0,2,Bot,,,,,,,3.955844247735225,-137.21844320312485,-6.079061788268123,-11.334087016658694,29.39556219957096,-16.706040798621455,3.55893721439917,1.72587372215337,,,,95.5,2042.0,6.9,778076,669257,518692,621035,571970,605141,624424,681624,606192,53.56,,,,,,,,16,3,4-Seam Fastball,0,1,0,1,1,0,0,1,Standard,Standard,224.0,0.008,0.044,,,,,-0.044,,-1,-1,0.482,0.482,23,24,24,24,1,0,7.0,1.0,6.0,1.0,1.42,0.83,-0.83,40.9,,,,,
FF,2025-05-03,93.5,-2.22,6.36,"Sasaki, Roki",671739,808963,,ball,,,,,12.0,,R,L,R,ATL,LAD,B,,,0,1,2025,-0.7,1.11,0.0351695078082123,4.544622409115542,,,645277.0,0,2,Bot,,,,,,,7.433333983031664,-135.931383029174,-1.3541657117555066,-10.389031807387065,30.59813529453135,-18.392945581863817,3.57912144638248,1.71715490738463,,,,94.3,2003.0,6.9,778076,669257,518692,621035,571970,605141,624424,681624,606192,53.64,,,,,,,,16,2,4-Seam Fastball,0,1,0,1,1,0,0,1,Standard,Standard,224.0,0.004,0.034,,,,,-0.034,,-1,-1,0.478,0.478,23,24,24,24,1,0,7.0,1.0,6.0,1.0,1.51,0.7,-0.7,43.8,,,,,
FF,2025-05-03,93.1,-2.35,6.28,"Sasaki, Roki",671739,808963,,called_strike,,,,,5.0,,R,L,R,ATL,LAD,S,,,0,0,2025,-0.42,1.28,0.0403323694453124,2.8051363945374064,,,645277.0,0,2,Bot,,,,,,,7.129164247986738,-135.27418115722082,-6.000231696535852,-6.6857382281070405,30.09831215999472,-15.304029144686096,3.53815927323401,1.61123461619852,,,,94.1,1984.0,7.0,778076,669257,518692,621035,571970,605141,624424,681624,606192,53.49,,,,,,,,16,1,4-Seam Fastball,0,1,0,1,1,0,0,1,Standard,Standard,225.0,-0.006,-0.043,,,,,0.043,,-1,-1,0.484,0.484,23,24,24,24,1,0,7.0,1.0,6.0,1.0,1.36,0.42,-0.42,41.4,,,,,
ST,2025-05-03,82.0,-2.35,6.33,"Sasaki, Roki",645277,808963,single,hit_into_play,,,,,5.0,Ozzie Albies singles on a line drive to center fielder Andy Pages.,R,L,R,ATL,LAD,X,8.0,line_drive,3,2,2025,1.13,-0.05,0.1924767205506284,2.2716225680554967,,,,0,2,Bot,142.06,104.2,,,,,3.602331377681085,-119.41260809105388,-2.5710334487748963,10.20764328612126,22.075519188311866,-32.40966988958735,3.25,1.57,165.0,91.9,12.0,83.3,1934.0,7.0,778076,669257,518692,621035,571970,605141,624424,681624,606192,53.48,0.856,0.803,0.9,1.0,1.0,0.0,4.0,15,7,Sweeper,0,1,0,1,1,0,0,1,Infield shade,Standard,49.0,0.035,0.353,73.0,6.6,,0.971,-0.353,91.9,-1,-1,0.449,0.449,23,28,24,28,1,0,7.0,1.0,6.0,1.0,3.43,-1.13,1.13,49.1,7.528415632228261,0.039142853370548,37.88797774313746,28.992581252088417,33.028316622969434
FO,2025-05-03,83.5,-2.32,6.38,"Sasaki, Roki",645277,808963,,ball,,,,,13.0,,R,L,R,ATL,LAD,B,,,2,2,2025,-0.16,-0.81,-2.0171740733120296,2.327972050708525,,,,0,2,Bot,,,,,,,1.043397406399433,-121.564618633889,-1.28934296196298,-1.815693209592532,24.56347739030743,-40.17740409270194,3.49037180596731,1.71076042889825,,,,84.6,416.0,7.1,778076,669257,518692,621035,571970,605141,624424,681624,606192,53.43,,,,,,,,15,6,Forkball,0,1,0,1,1,0,0,1,Infield shade,Standard,326.0,0.01,0.112,,,,,-0.112,,-1,-1,0.439,0.439,23,28,24,28,1,0,7.0,1.0,6.0,1.0,4.09,0.16,-0.16,47.2,,,,,
ST,2025-05-03,82.0,-2.45,6.37,"Sasaki, Roki",645277,808963,,foul,,,,,7.0,,R,L,R,ATL,LAD,S,,,2,2,2025,1.05,-0.46,-0.4939180279970332,1.756029803581587,,,,0,2,Bot,,,,,,,2.413145708084585,-119.4093467888828,-2.958644127153243,9.497978229811263,25.29648452322123,-36.11526610195144,3.25,1.57,10.0,13.3,58.0,82.9,1956.0,7.1,778076,669257,518692,621035,571970,605141,624424,681624,606192,53.42,,,,,,,,15,5,Sweeper,0,1,0,1,1,0,0,1,Infield shade,Standard,43.0,0.0,0.0,60.2,6.3,,,0.0,88.0,-1,-1,0.439,0.439,23,28,24,28,1,0,7.0,1.0,6.0,1.0,3.87,-1.05,1.05,46.9,-3.087723794197948,19.96813784289276,37.77568016337339,35.984028696685606,19.210454696794287
FF,2025-05-03,93.2,-2.41,6.33,"Sasaki, Roki",645277,808963,,foul,,,,,6.0,,R,L,R,ATL,LAD,S,,,2,1,2025,-0.78,1.4,0.4610390034096817,2.6452167633485657,,,,0,2,Bot,,,,,,,9.159997375080549,-135.2668601732803,-6.776274692930791,-11.574379197431648,30.88011459958593,-13.700644634931349,3.25,1.57,120.0,92.5,8.0,93.9,2111.0,6.9,778076,669257,518692,621035,571970,605141,624424,681624,606192,53.56,,,,,,,,15,4,4-Seam Fastball,0,1,0,1,1,0,0,1,Infield shade,Standard,226.0,-0.008,-0.073,73.2,7.3,,,0.073,92.5,-1,-1,0.447,0.447,23,28,24,28,1,0,7.0,1.0,6.0,1.0,1.25,0.78,-0.78,42.7,18.76848742946277,-13.834332623593426,34.305373259237825,26.152352757854,42.383856207411554
FO,2025-05-03,84.3,-2.3,6.35,"Sasaki, Roki",645277,808963,,ball,,,,,14.0,,R,L,R,ATL,LAD,B,,,1,1,2025,-0.04,-0.53,0.1114588936589551,0.562359927672301,,,,0,2,Bot,,,,,,,5.764727355946737,-122.53050704850358,-6.036457271941967,-1.6109767026763495,26.33344441261982,-36.34385115206265,3.25000120145783,1.60251694986045,,,,85.2,527.0,7.1,778076,669257,518692,621035,571970,605141,624424,681624,606192,53.39,,,,,,,,15,3,Forkball,0,1,0,1,1,0,0,1,Infield shade,Standard,325.0,0.005,0.055,,,,,-0.055,,-1,-1,0.442,0.442,23,28,24,28,1,0,7.0,1.0,6.0,1.0,3.76,0.04,-0.04,46.8,,,,,
FO,2025-05-03,83.6,-2.27,6.29,"Sasaki, Roki",645277,808963,,ball,,,,,13.0,,R,L,R,ATL,LAD,B,,,0,1,2025,0.03,-0.2,-0.7164403376943798,1.4236912225022134,,,,0,2,Bot,,,,,,,3.591763890953636,-121.60688534481731,-4.399834380558065,-0.4721380290905618,25.27641846551008,-33.50188309568078,3.2500011448964,1.55430932365966,,,,84.7,488.0,7.1,778076,669257,518692,621035,571970,605141,624424,681624,606192,53.36,,,,,,,,15,2,Forkball,0,1,0,1,1,0,0,1,Infield shade,Standard,303.0,0.003,0.031,,,,,-0.031,,-1,-1,0.439,0.439,23,28,24,28,1,0,7.0,1.0,6.0,1.0,3.48,-0.03,0.03,53.0,,,,,
FF,2025-05-03,94.1,-2.36,6.33,"Sasaki, Roki",645277,808963,,called_strike,,,,,5.0,,R,L,R,ATL,LAD,S,,,0,0,2025,-0.75,1.13,-0.0421364149777512,2.631822684942317,,,,0,2,Bot,,,,,,,7.780325032692842,-136.68483807638114,-6.458540896074597,-11.083030904092888,30.61798743657952,-16.740349087778455,3.24999884684485,1.6916664675152,,,,95.3,2076.0,7.1,778076,669257,518692,621035,571970,605141,624424,681624,606192,53.4,,,,,,,,15,1,4-Seam Fastball,0,1,0,1,1,0,0,1,Standard,Standard,228.0,-0.004,-0.039,,,,,0.039,,-1,-1,0.443,0.443,23,28,24,28,1,0,7.0,1.0,6.0,1.0,1.46,0.75,-0.75,44.3,,,,,
FF,2025-05-03,95.6,-2.25,6.33,"Sasaki, Roki",669221,808963,strikeout,called_strike,,,,,6.0,Sean Murphy called out on strikes.,R,R,R,ATL,LAD,S,2.0,,2,2,2025,-0.92,1.16,0.2777951568196345,2.8836039441232484,,663586.0,621566.0,2,1,Bot,,,,,,,8.861396222647704,-138.9288672750877,-6.142027251666588,-13.919186016989611,31.18380932394432,-15.879804925479917,3.45999855139052,1.69253610735485,,,,96.7,2166.0,7.0,778076,669257,518692,621035,571970,605141,624424,681624,606192,53.49,,0.0,0.0,1.0,0.0,0.0,,9,5,4-Seam Fastball,0,0,0,0,0,0,0,0,Standard,Standard,228.0,-0.037,-0.203,,,,,0.203,,0,0,0.537,0.537,23,30,24,31,1,0,7.0,1.0,6.0,2.0,1.34,0.92,0.92,41.5,,,,,
ST,2025-05-03,82.6,-2.25,6.39,"Sasaki, Roki",669221,808963,,ball,,,,,13.0,,R,R,R,ATL,LAD,B,,,1,2,2025,1.23,-0.25,-0.0779025328627205,1.3301007906242366,,663586.0,621566.0,2,1,Bot,,,,,,,2.5809685841173677,-120.34337735545564,-4.59737144212418,11.453752169597696,23.361165690140105,-33.897267558167286,3.45999937786275,1.64009506073248,,,,83.7,1952.0,7.0,778076,669257,518692,621035,571970,605141,624424,681624,606192,53.54,,,,,,,,9,4,Sweeper,0,0,0,0,0,0,0,0,Infield shade,Standard,56.0,0.007,0.012,,,,,-0.012,,0,0,0.53,0.53,23,30,24,31,1,0,7.0,1.0,6.0,2.0,3.58,-1.23,-1.23,46.7,,,,,
FF,2025-05-03,93.5,-2.06,6.32,"Sasaki, Roki",669221,808963,,called_strike,,,,,13.0,,R,R,R,ATL,LAD,S,,,1,1,2025,-0.85,1.23,-0.856407965609852,1.985901627480705,,663586.0,621566.0,2,1,Bot,,,,,,,5.047380796147719,-135.88888700293208,-8.265833287016505,-11.60711247308259,28.577827050857078,-15.262284977422432,3.45187961899337,1.66467607183575,,,,95.0,2117.0,7.1,778076,669257,518692,621035,571970,605141,624424,681624,606192,53.38,,,,,,,,9,3,4-Seam Fastball,0,0,0,0,0,0,0,0,Infield shade,Standard,224.0,-0.011,-0.063,,,,,0.063,,0,0,0.541,0.541,23,30,24,31,1,0,7.0,1.0,6.0,2.0,1.37,0.85,0.85,49.2,,,,,
ST,2025-05-03,81.5,-2.22,6.39,"Sasaki, Roki",669221,808963,,ball,,,,,13.0,,R,R,R,ATL,LAD,B,,,0,1,2025,0.95,-0.22,-0.9109776782166888,2.388391637689025,,663586.0,621566.0,2,1,Bot,,,,,,,1.1387449299109424,-118.71675801369688,-2.000343327517904,8.742697896105978,22.72229097079804,-34.066574956538155,3.40907448137025,1.50664287138084,,,,82.6,1987.0,7.0,778076,669257,518692,621035,571970,605141,624424,681624,606192,53.53,,,,,,,,9,2,Sweeper,0,0,0,0,0,0,0,0,Infield shade,Standard,53.0,0.004,0.018,,,,,-0.018,,0,0,0.537,0.537,23,30,24,31,1,0,7.0,1.0,6.0,2.0,3.64,-0.95,-0.95,44.6,,,,,
FF,2025-05-03,95.1,-2.21,6.32,"Sasaki, Roki",669221,808963,,called_strike,,,,,6.0,,R,R,R,ATL,LAD,S,,,0,0,2025,-0.88,1.32,0.5755697643448556,2.5422664013458784,,663586.0,621566.0,2,1,Bot,,,,,,,9.395928281850534,-138.12247605290588,-7.2878492171707965,-13.38534319158468,30.66272863715733,-13.740755414134062,3.4049043644059,1.67844204496873,,,,96.3,2082.0,7.1,778076,669257,518692,621035,571970,605141,624424,681624,606192,53.44,,,,,,,,9,1,4-Seam Fastball,0,0,0,0,0,0,0,0,Infield shade,Standard,230.0,-0.006,-0.047,,,,,0.047,,0,0,0.543,0.543,23,30,24,31,1,0,7.0,1.0,6.0,2.0,1.21,0.88,0.88,40.8,,,,,
FF,2025-05-03,95.3,-2.43,6.25,"Sasaki, Roki",621566,808963,walk,ball,,,,,11.0,Matt Olson walks. Austin Riley to 2nd.,R,L,R,ATL,LAD,B,,,3,2,2025,-0.84,1.13,-1.1108395884797393,2.8024260730344803,,,663586.0,2,1,Bot,,,,,,,5.437286527850641,-138.6313632730187,-6.036119833614589,-12.078694286904472,31.529840800297016,-16.43841823907388,3.61000130648355,1.72336909949775,,,,96.6,2141.0,7.1,778076,669257,518692,621035,571970,605141,624424,681624,606192,53.43,,0.691497,0.7,1.0,0.0,0.0,,8,6,4-Seam Fastball,0,0,0,0,0,0,0,0,Infield shade,Standard,224.0,0.018,0.24,,,,,-0.24,,0,0,0.525,0.525,23,31,24,31,1,0,7.0,1.0,6.0,1.0,1.38,0.84,-0.84,44.2,,,,,
FF,2025-05-03,95.6,-2.31,6.39,"Sasaki, Roki",621566,808963,,ball,,,,,11.0,,R,L,R,ATL,LAD,B,,,2,2,2025,-0.78,1.08,-1.1708059464600906,3.544586062388631,,,663586.0,2,1,Bot,,,,,,,4.852009000156537,-139.10960040318096,-4.314550037733079,-11.30517823555639,33.43929146962899,-17.42257323343531,3.61000171730456,1.71481327198504,,,,96.5,2101.0,7.0,778076,669257,518692,621035,571970,605141,624424,681624,606192,53.52,,,,,,,,8,5,4-Seam Fastball,0,0,0,0,0,0,0,0,Infield shade,Standard,225.0,0.006,0.079,,,,,-0.079,,0,0,0.519,0.519,23,31,24,31,1,0,7.0,1.0,6.0,1.0,1.43,0.78,-0.78,42.3,,,,,
ST,2025-05-03,80.5,-2.31,6.3,"Sasaki, Roki",621566,808963,,foul,,,,,8.0,,R,L,R,ATL,LAD,S,,,2,1,2025,1.03,-0.05,0.0347747478751512,1.987268381983072,,,663586.0,2,1,Bot,,,,,,,3.2693600839022814,-117.2208905217664,-2.7790000442523466,8.782666277116425,24.31266776553712,-32.281314806174535,3.61,1.7,198.0,84.0,61.0,81.0,1892.0,6.8,778076,669257,518692,621035,571970,605141,624424,681624,606192,53.67,,,,,,,,8,4,Sweeper,0,0,0,0,0,0,0,0,Infield shade,Standard,40.0,-0.005,-0.093,80.5,8.0,,,0.093,88.0,0,0,0.524,0.524,23,31,24,31,1,0,7.0,1.0,6.0,1.0,3.59,-1.03,1.03,45.8,12.270620049875529,-9.82709176305426,37.14935059165016,38.59260602395271,34.632228939921845
FO,2025-05-03,84.8,-2.05,6.32,"Sasaki, Roki",621566,808963,,blocked_ball,,,,,14.0,,R,L,R,ATL,LAD,B,,,1,1,2025,-0.43,-0.1,0.3063046246362455,-0.5935420960848647,,,663586.0,2,1,Bot,,,,,,,6.463085163498628,-122.95802489112752,-9.622061920748752,-5.750153659469761,26.914578149812968,-31.287411907433956,3.61000091735971,1.79353306793492,,,,85.5,487.0,7.1,778076,669257,518692,621035,571970,605141,624424,681624,606192,53.35,,,,,,,,8,3,Forkball,0,0,0,0,0,0,0,0,Infield shade,Standard,318.0,0.003,0.054,,,,,-0.054,,0,0,0.521,0.521,23,31,24,31,1,0,7.0,1.0,6.0,1.0,3.32,0.43,-0.43,45.8,,,,,
FO,2025-05-03,84.1,-2.0,6.34,"Sasaki, Roki",621566,808963,,ball,,,,,13.0,,R,L,R,ATL,LAD,B,,,0,1,2025,0.07,-0.17,-0.6069025892776864,1.0006860098509178,,,663586.0,2,1,Bot,,,,,,,3.1365214409263684,-122.29655017603336,-5.649735717088964,0.0660404525754858,26.330767339316697,-32.86989591559669,3.60999885214362,1.81271747833521,,,,85.0,469.0,7.1,778076,669257,518692,621035,571970,605141,624424,681624,606192,53.41,,,,,,,,8,2,Forkball,0,0,0,0,0,0,0,0,Infield shade,Standard,310.0,0.002,0.027,,,,,-0.027,,0,0,0.519,0.519,23,31,24,31,1,0,7.0,1.0,6.0,1.0,3.42,-0.07,0.07,48.4,,,,,
FF,2025-05-03,94.7,-2.25,6.29,"Sasaki, Roki",621566,808963,,foul,,,,,4.0,,R,L,R,ATL,LAD,S,,,0,0,2025,-0.83,1.27,-0.2943435678829444,2.5269899699905003,,,663586.0,2,1,Bot,,,,,,,7.068698235731705,-137.568576576628,-7.0358693387379,-12.196586577959032,31.59995568516539,-14.63254422151278,3.61,1.7,133.0,77.8,10.0,95.6,2057.0,7.0,778076,669257,518692,621035,571970,605141,624424,681624,606192,53.5,,,,,,,,8,1,4-Seam Fastball,0,0,0,0,0,0,0,0,Infield shade,Standard,224.0,-0.003,-0.042,82.1,7.6,,,0.042,88.0,0,0,0.522,0.522,23,31,24,31,1,0,7.0,1.0,6.0,1.0,1.29,0.83,-0.83,41.1,3.76800159116964,8.463738350793841,32.555098007127064,43.15002399249141,26.285494061325185
FF,2025-05-03,96.4,-2.16,6.34,"Sasaki, Roki",542303,808963,strikeout,called_strike,,,,,2.0,Marcell Ozuna called out on strikes.,R,R,R,ATL,LAD,S,2.0,,2,2,2025,-0.97,1.24,0.0285780595739814,3.4007162861027047,,,663586.0,1,1,Bot,,,,,,,8.146806333727596,-140.13016730627817,-5.10679399511209,-14.66037541473978,32.23436482872588,-14.81567001097114,3.5799995427584,1.80063235377868,,,,97.6,2237.0,7.1,778076,669257,518692,621035,571970,605141,624424,681624,606192,53.44,,0.0,0.0,1.0,0.0,0.0,,7,5,4-Seam Fastball,0,0,0,0,0,0,0,0,Infield shade,Standard,226.0,-0.025,-0.222,,,,,0.222,,0,0,0.547,0.547,23,34,24,35,1,0,7.0,1.0,6.0,1.0,1.22,0.97,0.97,40.9,,,,,
FO,2025-05-03,85.2,-2.0,6.32,"Sasaki, Roki",542303,808963,,blocked_ball,,,,,14.0,,R,R,R,ATL,LAD,B,,,1,2,2025,0.36,-0.09,2.0191997246365854,-0.3545675846811962,,,663586.0,1,1,Bot,,,,,,,8.843931304725285,-123.53890922459348,-9.203813566645389,1.69045228127041,26.84377478125052,-31.22835678644735,3.58000088880237,1.77355867750969,,,,86.0,512.0,7.2,778076,669257,518692,621035,571970,605141,624424,681624,606192,53.32,,,,,,,,7,4,Forkball,0,0,0,0,0,0,0,0,Infield shade,Standard,321.0,0.005,0.044,,,,,-0.044,,0,0,0.542,0.542,23,34,24,35,1,0,7.0,1.0,6.0,1.0,3.28,-0.36,-0.36,45.2,,,,,
ST,2025-05-03,81.7,-2.14,6.32,"Sasaki, Roki",542303,808963,,called_strike,,,,,8.0,,R,R,R,ATL,LAD,S,,,1,1,2025,1.14,-0.28,0.0225735148664146,1.8651283234838705,,,663586.0,1,1,Bot,,,,,,,2.701606787922948,-118.98595577073222,-2.929511758393784,10.237889332361462,23.50712205842238,-34.45779989674845,3.57999865768404,1.70558597572027,,,,82.5,1875.0,6.9,778076,669257,518692,621035,571970,605141,624424,681624,606192,53.65,,,,,,,,7,3,Sweeper,0,0,0,0,0,0,0,0,Infield shade,Standard,49.0,-0.008,-0.056,,,,,0.056,,0,0,0.55,0.55,23,34,24,35,1,0,7.0,1.0,6.0,1.0,3.7,-1.14,-1.14,44.4,,,,,
FF,2025-05-03,96.7,-2.17,6.34,"Sasaki, Roki",542303,808963,,ball,,,,,11.0,,R,R,R,ATL,LAD,B,,,0,1,2025,-0.84,1.38,-0.7025173592729033,4.053436745171529,,,663586.0,1,1,Bot,,,,,,,5.909616546514863,-140.73865694747118,-3.676206659286758,-12.585924184485258,33.50990941378007,-13.290090960201884,3.580001448643,1.7677321628144,,,,97.5,2271.0,6.8,778076,669257,518692,621035,571970,605141,624424,681624,606192,53.68,,,,,,,,7,2,4-Seam Fastball,0,0,0,0,0,0,0,0,Infield shade,Standard,224.0,0.003,0.019,,,,,-0.019,,0,0,0.547,0.547,23,34,24,35,1,0,7.0,1.0,6.0,1.0,1.07,0.84,0.84,40.1,,,,,
FF,2025-05-03,95.6,-2.07,6.35,"Sasaki, Roki",542303,808963,,called_strike,,,,,8.0,,R,R,R,ATL,LAD,S,,,0,0,2025,-0.96,1.17,0.1445707872558636,2.069107006729574,,,663586.0,1,1,Bot,,,,,,,8.087740434960184,-138.86260133030285,-8.380460776520335,-14.217546717562437,31.46734822486881,-15.27955299299869,3.58000015005695,1.78163317182389,,,,96.6,1930.0,7.0,778076,669257,518692,621035,571970,605141,624424,681624,606192,53.52,,,,,,,,7,1,4-Seam Fastball,0,0,0,0,0,0,0,0,Infield shade,Standard,232.0,-0.004,-0.04,,,,,0.04,,0,0,0.551,0.551,23,34,24,35,1,0,7.0,1.0,6.0,1.0,1.33,0.96,0.96,44.8,,,,,
FF,2025-05-03,96.0,-2.25,6.34,"Sasaki, Roki",663586,808963,single,hit_into_play,,,,,7.0,Austin Riley singles on a ground ball to third baseman Max Muncy.,R,R,R,ATL,LAD,X,5.0,ground_ball,0,0,2025,-1.16,1.18,-0.3206263698688474,1.8109047559805795,,,,1,1,Bot,113.49,185.04,,,,,7.830043737587814,-139.37589448148557,-9.158693676325395,-16.892866804807873,30.907185833167716,-14.85921507922382,3.45,1.57,1.0,65.9,-58.0,97.0,2165.0,7.0,778076,669257,518692,621035,571970,605141,624424,681624,606192,53.53,0.28,0.256,0.9,1.0,1.0,0.0,2.0,6,1,4-Seam Fastball,0,0,0,0,0,0,0,0,Infield shade,Standard,226.0,0.025,0.414,75.1,7.1,,0.281,-0.414,88.0,0,0,0.526,0.526,23,28,24,28,1,0,7.0,1.0,6.0,1.0,1.3,1.16,1.16,41.3,-3.362405956751982,19.986215089681178,37.69982579069749,32.18494779179818,20.25158030934844
FF,2025-05-03,95.0,-2.4,6.34,"Sasaki, Roki",657077,808963,field_out,hit_into_play,,,,,4.0,Alex Verdugo flies out to left fielder Michael Conforto.,R,L,R,ATL,LAD,X,7.0,fly_ball,1,1,2025,-0.9,1.29,-0.3347538328981728,2.6660415431621427,,,,0,1,Bot,80.31,89.62,,,,,7.508059538738848,-138.0194997466908,-6.909015720330445,-13.23589759232143,31.52488365501404,-14.32065654234606,3.52,1.55,294.0,94.3,48.0,95.9,2093.0,6.9,778076,669257,518692,621035,571970,605141,624424,681624,606192,53.57,0.008,0.01,0.0,1.0,0.0,0.0,3.0,5,3,4-Seam Fastball,0,0,0,0,0,0,0,0,Infield shade,Standard,228.0,-0.021,-0.251,73.8,6.3,,0.018,0.251,94.3,0,0,0.547,0.547,23,29,24,29,1,0,7.0,1.0,6.0,1.0,1.25,0.9,-0.9,41.4,3.5266880539989542,4.507746512919718,29.58600883243931,35.359216442860806,33.34021690102128
FO,2025-05-03,85.1,-2.21,6.33,"Sasaki, Roki",657077,808963,,ball,,,,,14.0,,R,L,R,ATL,LAD,B,,,0,1,2025,0.08,-0.41,0.7105698319921998,0.2031259212303733,,,,0,1,Bot,,,,,,,6.78545652568473,-123.62214326414713,-7.212302288863784,-0.7501368464739268,27.74965849907158,-34.94420750980184,3.58135783886868,1.73962448639947,,,,85.8,552.0,7.1,778076,669257,518692,621035,571970,605141,624424,681624,606192,53.38,,,,,,,,5,2,Forkball,0,0,0,0,0,0,0,0,Infield shade,Standard,284.0,0.002,0.031,,,,,-0.031,,0,0,0.545,0.545,23,29,24,29,1,0,7.0,1.0,6.0,1.0,3.6,-0.08,0.08,46.5,,,,,
FF,2025-05-03,94.2,-2.37,6.31,"Sasaki, Roki",657077,808963,,called_strike,,,,,1.0,,R,L,R,ATL,LAD,S,,,0,0,2025,-0.79,1.3,-0.5005147347969785,3.0743064873739785,,,,0,1,Bot,,,,,,,6.72079749275376,-136.95632171529653,-5.60509206479735,-11.512995363801634,32.89779161862634,-14.80947202349567,3.65629206024022,1.66052286429277,,,,95.2,2048.0,7.1,778076,669257,518692,621035,571970,605141,624424,681624,606192,53.36,,,,,,,,5,1,4-Seam Fastball,0,0,0,0,0,0,0,0,Infield shade,Standard,227.0,-0.003,-0.039,,,,,0.039,,0,0,0.548,0.548,23,29,24,29,1,0,7.0,1.0,6.0,1.0,1.29,0.79,-0.79,44.3,,,,,
FO,2025-04-26,85.7,-2.46,6.08,"Sasaki, Roki",663647,808963,hit_by_pitch,hit_by_pitch,,,,,13.0,Ke'Bryan Hayes hit by pitch.,R,R,R,LAD,PIT,B,,,2,2,2025,-0.29,-0.67,-3.1176703217248467,2.2715284196204326,,,,2,6,Top,,,,,,,-0.9782110097281308,-124.74720604620632,-1.3229181098925962,-2.813118352574656,27.014013996513487,-39.07667673723171,3.23,1.54,,,,86.6,422.0,7.0,778163,669257,518692,669242,571970,605141,624424,681624,606192,53.46,,0.722289,0.7,1.0,0.0,0.0,,46,6,Forkball,3,3,3,3,3,3,3,3,Strategic,Strategic,305.0,-0.022,0.363,,,,,-0.363,,0,0,0.562,0.438,23,28,24,28,3,2,7.0,1.0,7.0,1.0,3.79,0.29,0.29,45.8,,,,,
FF,2025-04-26,95.4,-2.37,6.06,"Sasaki, Roki",663647,808963,,foul,,,,,5.0,,R,R,R,LAD,PIT,S,,,2,2,2025,-0.52,1.28,0.1662298721663039,2.131221414790041,,,,2,6,Top,,,,,,,7.938778197311938,-138.6053153706332,-7.70854200374323,-8.361479530807742,28.63213404087521,-14.085146366238815,3.23,1.54,234.0,77.8,48.0,97.0,2097.0,7.1,778163,669257,518692,669242,571970,605141,624424,681624,606192,53.39,,,,,,,,46,5,4-Seam Fastball,3,3,3,3,3,3,3,3,Strategic,Strategic,223.0,0.0,0.0,67.9,6.6,,,0.0,88.0,0,0,0.562,0.438,23,28,24,28,3,2,7.0,1.0,7.0,1.0,1.21,0.52,0.52,43.0,-10.20013317296046,18.489130730067465,28.84620418578257,38.561731484215855,22.851617212035315
FF,2025-04-26,95.9,-2.39,6.16,"Sasaki, Roki",663647,808963,,foul,,,,,4.0,,R,R,R,LAD,PIT,S,,,2,1,2025,-0.58,1.17,-0.5984346972116515,2.445926139733989,,,,2,6,Top,,,,,,,6.157080393983655,-139.439250608296,-6.964851107850167,-8.963716594666204,31.352208370888025,-15.527964343921532,3.23,1.54,272.0,84.2,27.0,97.4,2065.0,7.2,778163,669257,518692,669242,571970,605141,624424,681624,606192,53.33,,,,,,,,46,4,4-Seam Fastball,3,3,3,3,3,3,3,3,Strategic,Strategic,220.0,0.005,-0.073,64.6,5.7,,,0.073,88.0,0,0,0.557,0.443,23,28,24,28,3,2,7.0,1.0,7.0,1.0,1.31,0.58,0.58,47.1,-14.850587060521836,10.276020591259478,35.270623158465725,29.48180665765264,22.136248377344437
FF,2025-04-26,94.6,-2.37,6.02,"Sasaki, Roki",663647,808963,,foul,,,,,6.0,,R,R,R,LAD,PIT,S,,,2,0,2025,-0.57,1.23,0.7957145687880396,2.1259880191695064,,,,2,6,Top,,,,,,,9.650218221887654,-137.3780436467692,-7.354324180422936,-9.212523440964294,27.91986040360562,-15.134291522287716,3.23,1.54,9.0,73.1,-12.0,96.2,2102.0,7.1,778163,669257,518692,669242,571970,605141,624424,681624,606192,53.35,,,,,,,,46,3,4-Seam Fastball,3,3,3,3,3,3,3,3,Strategic,Strategic,219.0,0.004,-0.066,65.9,6.4,,,0.066,88.0,0,0,0.553,0.447,23,28,24,28,3,2,7.0,1.0,7.0,1.0,1.31,0.57,0.57,44.6,-4.707409659639289,25.482238597824423,23.93272658675686,46.913913856558736,22.226829393061216
ST,2025-04-26,78.6,-2.32,6.16,"Sasaki, Roki",663647,808963,,ball,,,,,13.0,,R,R,R,LAD,PIT,B,,,1,0,2025,1.22,-0.12,-1.4061080237724892,2.323693801906616,,,,2,6,Top,,,,,,,-0.2893660430865608,-114.55074894821624,-1.296363156459963,10.860124689615782,20.390395849331806,-33.202621163713566,3.30030272176314,1.61963723647423,,,,79.6,1936.0,6.8,778163,669257,518692,669242,571970,605141,624424,681624,606192,53.69,,,,,,,,46,2,Sweeper,3,3,3,3,3,3,3,3,Strategic,Standard,50.0,-0.004,0.065,,,,,-0.065,,0,0,0.557,0.443,23,28,24,28,3,2,7.0,1.0,7.0,1.0,3.79,-1.22,-1.22,48.4,,,,,
FF,2025-04-26,94.9,-2.29,6.07,"Sasaki, Roki",663647,808963,,ball,,,,,14.0,,R,R,R,LAD,PIT,B,,,0,0,2025,-0.65,1.17,1.1237744699121324,1.6477138929587576,,,,2,6,Top,,,,,,,10.565793837234422,-137.712439174423,-8.667132080464656,-10.53245291838315,29.020232768297888,-15.48178494047439,3.26552234405472,1.58479820539403,,,,96.5,2045.0,7.3,778163,669257,518692,669242,571970,605141,624424,681624,606192,53.23,,,,,,,,46,1,4-Seam Fastball,3,3,3,3,3,3,3,3,Strategic,Standard,223.0,-0.002,0.037,,,,,-0.037,,0,0,0.559,0.441,23,28,24,28,3,2,7.0,1.0,7.0,1.0,1.36,0.65,0.65,46.4,,,,,
FO,2025-04-26,86.5,-2.28,6.15,"Sasaki, Roki",663698,808963,strikeout,swinging_strike_blocked,,,,,14.0,Joey Bart strikes out swinging.,R,R,R,LAD,PIT,S,2.0,,2,2,2025,0.27,-0.21,0.4471454805993121,0.5253470476507132,,,,1,6,Top,,,,,,,6.020276659241341,-125.6577510959871,-6.768081685194578,1.5432619935027263,27.97797969109748,-33.108193833676445,3.4,1.54,,,,87.4,392.0,7.2,778163,669257,518692,669242,571970,605141,624424,681624,606192,53.33,,0.0,0.0,1.0,0.0,0.0,,45,5,Forkball,3,3,3,3,3,3,3,3,Standard,Standard,296.0,0.021,-0.228,68.9,8.8,17.291871108,,0.228,,0,0,0.538,0.462,23,28,24,29,3,2,7.0,2.0,7.0,1.0,3.29,-0.27,-0.27,48.5,32.688907156283,-47.32735106578741,38.72320489513827,40.77820926346276,68.38896295510375
ST,2025-04-26,79.9,-2.36,6.15,"Sasaki, Roki",663698,808963,,foul,,,,,7.0,,R,R,R,LAD,PIT,S,,,2,1,2025,0.89,-0.62,-0.7764064402448063,1.600621797133979,,,,1,6,Top,,,,,,,1.8140725856989717,-116.36485260170846,-2.1798228407004605,7.825231267040069,20.983038944172534,-37.66597467334472,3.4,1.54,,,,81.0,2037.0,6.9,778163,669257,518692,669242,571970,605141,624424,681624,606192,53.62,,,,,,,,45,4,Sweeper,3,3,3,3,3,3,3,3,Standard,Standard,56.0,0.008,-0.07,73.2,7.7,,,0.07,,0,0,0.53,0.47,23,28,24,29,3,2,7.0,2.0,7.0,1.0,4.18,-0.89,-0.89,49.1,18.0357095184498,-24.517870347207456,39.17553874595536,27.45067147587684,38.224868564256965
FO,2025-04-26,85.5,-2.31,6.15,"Sasaki, Roki",663698,808963,,ball,,,,,13.0,,R,R,R,LAD,PIT,B,,,1,1,2025,-0.35,0.02,-1.4070777894826538,2.0005084890112337,,,,1,6,Top,,,,,,,2.899838948458986,-124.5388068796719,-3.6361850919311554,-4.244257165839173,23.452305174726945,-31.433554261274736,3.39875748185126,1.55997774672891,,,,87.2,454.0,7.2,778163,669257,518692,669242,571970,605141,624424,681624,606192,53.32,,,,,,,,45,3,Forkball,3,3,3,3,3,3,3,3,Infield shade,Standard,286.0,-0.005,0.055,,,,,-0.055,,0,0,0.535,0.465,23,28,24,29,3,2,7.0,2.0,7.0,1.0,3.07,0.35,0.35,48.1,,,,,
FF,2025-04-26,94.5,-2.34,6.1,"Sasaki, Roki",663698,808963,,called_strike,,,,,6.0,,R,R,R,LAD,PIT,S,,,1,0,2025,-0.5,1.26,0.5282754197533944,2.165639295810414,,,,1,6,Top,,,,,,,8.719657298850846,-137.3935789401782,-7.542645477917068,-8.08808451288367,26.447984617765968,-14.748685420316685,3.27014326381796,1.46388045378941,,,,96.3,2002.0,7.1,778163,669257,518692,669242,571970,605141,624424,681624,606192,53.43,,,,,,,,45,2,4-Seam Fastball,3,3,3,3,3,3,3,3,Infield shade,Standard,224.0,0.005,-0.049,,,,,0.049,,0,0,0.53,0.47,23,28,24,29,3,2,7.0,2.0,7.0,1.0,1.27,0.5,0.5,45.7,,,,,
ST,2025-04-26,80.5,-2.47,6.07,"Sasaki, Roki",663698,808963,,ball,,,,,11.0,,R,R,R,LAD,PIT,B,,,0,0,2025,1.33,-0.1,-1.269615771732049,3.233197253969057,,,,1,6,Top,,,,,,,0.152932651652524,-117.31359790955976,0.4940314285012785,12.338654108618725,19.890639902749736,-33.33710345446963,3.41321536835582,1.57440145609432,,,,81.7,1829.0,6.8,778163,669257,518692,669242,571970,605141,624424,681624,606192,53.71,,,,,,,,45,1,Sweeper,3,3,3,3,3,3,3,3,Infield shade,Standard,52.0,-0.004,0.039,,,,,-0.039,,0,0,0.534,0.466,23,28,24,29,3,2,7.0,2.0,7.0,1.0,3.57,-1.33,-1.33,48.6,,,,,
FF,2025-04-26,96.1,-2.44,6.06,"Sasaki, Roki",665839,808963,field_out,hit_into_play,,,,,7.0,Enmanuel Valdez grounds out to first baseman Freddie Freeman.,R,L,R,LAD,PIT,X,3.0,ground_ball,1,0,2025,-0.99,1.04,-0.700097210206364,1.9335872072651312,,,,0,6,Top,147.38,175.48,,,,,6.931826729333395,-139.7036281291564,-7.833857677815396,-14.51727611767462,29.62480479249968,-16.929591454228927,3.22,1.55,2.0,75.7,-46.0,97.5,2027.0,7.0,778163,669257,518692,669242,571970,605141,624424,681624,606192,53.51,0.135,0.126,0.0,1.0,0.0,0.0,2.0,44,2,4-Seam Fastball,3,3,3,3,3,3,3,3,Infield shade,Standard,228.0,0.039,-0.301,68.1,7.2,,0.135,0.301,88.0,0,0,0.495,0.505,23,26,24,27,3,2,7.0,1.0,7.0,1.0,1.42,0.99,-0.99,43.1,5.661267688868309,6.343134952909821,29.370320175225107,38.4678073099756,20.89550305490677
FF,2025-04-26,94.4,-2.43,6.0,"Sasaki, Roki",665839,808963,,ball,,,,,13.0,,R,L,R,LAD,PIT,B,,,0,0,2025,-0.89,1.23,-0.9563007180167328,1.110515719284324,,,,0,6,Top,,,,,,,5.883223149667118,-137.05317768415978,-9.85362318412418,-12.547832831066517,28.950697126110786,-14.71441000036889,3.2434611388286,1.63827605140053,,,,95.4,2025.0,6.9,778163,669257,518692,669242,571970,605141,624424,681624,606192,53.6,,,,,,,,44,1,4-Seam Fastball,3,3,3,3,3,3,3,3,Infield shade,Standard,226.0,-0.005,0.041,,,,,-0.041,,0,0,0.5,0.5,23,26,24,27,3,2,7.0,1.0,7.0,1.0,1.33,0.89,-0.89,46.2,,,,,
FF,2025-04-26,96.6,-2.23,6.08,"Sasaki, Roki",457705,808963,field_out,hit_into_play,,,,,9.0,"Andrew McCutchen grounds out sharply, second baseman Tommy Edman to first baseman Freddie Freeman.",R,R,R,LAD,PIT,X,4.0,ground_ball,3,2,2025,-0.84,1.25,0.3252352620009336,1.842618589779073,,665833.0,,2,5,Top,143.41,146.93,,,,,8.849687830241846,-140.37345578518995,-8.745390554603798,-12.8844759723707,27.38880056160378,-13.921400084578329,3.43,1.62,4.0,101.8,-22.0,98.6,2211.0,7.2,778163,669257,518692,669242,571970,605141,624424,681624,606192,53.3,0.109,0.102,0.0,1.0,0.0,0.0,2.0,38,6,4-Seam Fastball,2,3,3,2,3,2,3,2,Standard,Standard,228.0,0.039,-0.275,70.8,7.4,,0.131,0.275,101.8,-1,1,0.376,0.624,23,38,24,39,3,2,7.0,1.0,7.0,1.0,1.18,0.84,0.84,43.4,-8.505186369123207,14.626795454108658,40.00570087934351,42.81432896305158,10.202437496678233
FO,2025-04-26,85.4,-2.29,6.16,"Sasaki, Roki",457705,808963,,blocked_ball,,,,,14.0,,R,R,R,LAD,PIT,B,,,2,2,2025,0.47,-0.2,0.5186511971618344,0.6620908893872275,,665833.0,,2,5,Top,,,,,,,5.750260600587189,-124.1912140081572,-6.285780935288998,3.575635085482134,27.10393501503812,-33.07664067615589,3.5311743122898,1.76915490897418,,,,86.5,366.0,7.2,778163,669257,518692,669242,571970,605141,624424,681624,606192,53.29,,,,,,,,38,5,Forkball,2,3,3,2,3,2,3,2,Standard,Standard,319.0,-0.008,0.057,,,,,-0.057,,-1,1,0.384,0.616,23,38,24,39,3,2,7.0,1.0,7.0,1.0,3.35,-0.47,-0.47,46.2,,,,,
FO,2025-04-26,84.8,-2.22,6.12,"Sasaki, Roki",457705,808963,,ball,,,,,14.0,,R,R,R,LAD,PIT,B,,,1,2,2025,0.02,0.34,0.9257165409077488,-0.2044237353354105,,,665833.0,2,5,Top,,,,,,,7.438108326164866,-123.0241390434388,-9.226688489639791,-1.323022880797897,24.4466652075426,-27.004654559788097,3.49859729253805,1.72695713026202,,,,85.9,470.0,7.2,778163,669257,518692,669242,571970,605141,624424,681624,606192,53.31,,,,,,,,38,4,Forkball,2,3,3,2,3,2,3,2,Standard,Standard,336.0,-0.014,0.033,,,,,-0.033,,-1,1,0.398,0.602,23,38,24,39,3,2,7.0,1.0,7.0,1.0,2.85,-0.02,-0.02,48.5,,,,,
FF,2025-04-26,95.8,-2.25,6.08,"Sasaki, Roki",457705,808963,,foul,,,,,5.0,,R,R,R,LAD,PIT,S,,,1,1,2025,-0.68,1.36,0.1651206770401493,2.774411530171661,,,665833.0,2,5,Top,,,,,,,8.023327321812145,-139.23426335420666,-6.317680926542238,-10.503591338078271,28.70024983773839,-13.158063202876791,3.43,1.62,198.0,83.3,61.0,97.6,2080.0,7.2,778163,669257,518692,669242,571970,605141,624424,681624,606192,53.33,,,,,,,,38,3,4-Seam Fastball,2,3,3,2,3,2,3,2,Standard,Standard,220.0,0.006,-0.073,73.7,7.5,,,0.073,88.0,-1,1,0.392,0.608,23,38,24,39,3,2,7.0,1.0,7.0,1.0,1.11,0.68,0.68,47.7,3.2140359503502025,8.356927222491171,33.58729171650872,41.08018070971514,16.819051060904606
ST,2025-04-26,81.6,-2.31,6.11,"Sasaki, Roki",457705,808963,,called_strike,,,,,4.0,,R,R,R,LAD,PIT,S,,,1,0,2025,1.25,-0.13,-0.6500019644931194,2.3962050224982496,,,665833.0,2,5,Top,,,,,,,1.3350831371858,-118.86560766025744,-1.5863427292186234,11.641505295030528,21.67246570239908,-33.2942948126562,3.57001838055082,1.73396216496745,,,,82.6,1885.0,6.8,778163,669257,518692,669242,571970,605141,624424,681624,606192,53.73,,,,,,,,38,2,Sweeper,2,3,3,2,3,2,3,2,Standard,Standard,48.0,0.003,-0.05,,,,,0.05,,-1,1,0.389,0.611,23,38,24,39,3,2,7.0,1.0,7.0,1.0,3.53,-1.25,-1.25,45.8,,,,,
FF,2025-04-26,95.8,-2.18,6.06,"Sasaki, Roki",457705,808963,,ball,,,,,14.0,,R,R,R,LAD,PIT,B,,,0,0,2025,-0.99,1.16,0.981590409893121,1.8348828033822824,,,665833.0,2,5,Top,,,,,,,10.71846659082073,-139.0168953578487,-8.27394474822125,-15.136292310529818,30.04324055957871,-15.36252777355558,3.58463408256309,1.71602820734792,,,,97.2,2141.0,7.1,778163,669257,518692,669242,571970,605141,624424,681624,606192,53.36,,,,,,,,38,1,4-Seam Fastball,2,3,3,2,3,2,3,2,Standard,Standard,228.0,-0.002,0.035,,,,,-0.035,,-1,1,0.391,0.609,23,38,24,39,3,2,7.0,1.0,7.0,1.0,1.33,0.99,0.99,44.1,,,,,
FF,2025-04-26,93.8,-2.34,6.04,"Sasaki, Roki",668804,808963,field_out,hit_into_play,,,,,2.0,Bryan Reynolds flies out sharply to center fielder Andy Pages.,R,L,R,LAD,PIT,X,8.0,fly_ball,3,1,2025,-0.63,1.27,0.1371085177895542,2.842800012805072,,,665833.0,1,5,Top,110.11,52.56,,,,,7.882969868799365,-136.44648411010024,-5.437064284307842,-9.541203974871948,27.76974821416239,-15.32513609774016,3.26,1.54,387.0,105.7,35.0,95.1,2008.0,6.9,778163,669257,518692,669242,571970,605141,624424,681624,606192,53.59,0.679,1.3684761904761904,0.0,1.0,0.0,0.0,6.0,37,5,4-Seam Fastball,2,3,3,2,3,2,3,2,Infield shade,Standard,224.0,0.047,-0.406,71.5,6.1,,2.694,0.406,105.7,-1,1,0.344,0.656,23,30,24,30,3,2,7.0,1.0,7.0,1.0,1.31,0.63,-0.63,42.8,14.083999785913443,4.986534722396051,35.277522436721384,32.61479326319151,26.05248270400317
ST,2025-04-26,81.1,-2.43,6.05,"Sasaki, Roki",668804,808963,,ball,,,,,11.0,,R,L,R,LAD,PIT,B,,,2,1,2025,1.06,-0.05,-1.605805249051933,2.9192641019354717,,,665833.0,1,5,Top,,,,,,,-0.1872900203848949,-118.19733657613718,-0.3696201179368991,10.03498216048948,19.818083097612725,-32.776888337223866,3.06699712928916,1.62383590052327,,,,82.4,1927.0,6.8,778163,669257,518692,669242,571970,605141,624424,681624,606192,53.72,,,,,,,,37,4,Sweeper,2,3,3,2,3,2,3,2,Infield shade,Standard,47.0,-0.012,0.109,,,,,-0.109,,-1,1,0.356,0.644,23,30,24,30,3,2,7.0,1.0,7.0,1.0,3.47,-1.06,1.06,45.7,,,,,
FF,2025-04-26,96.2,-2.37,6.02,"Sasaki, Roki",668804,808963,,called_strike,,,,,8.0,,R,L,R,LAD,PIT,S,,,2,0,2025,-0.63,1.2,0.0649716794466064,1.5839092557216607,,,665833.0,1,5,Top,,,,,,,7.996106144601102,-139.71835512836967,-9.086105554673985,-9.943640135690927,28.635730298982047,-14.558724397556812,3.10024262495101,1.54131313481011,,,,98.0,2141.0,7.2,778163,669257,518692,669242,571970,605141,624424,681624,606192,53.31,,,,,,,,37,3,4-Seam Fastball,2,3,3,2,3,2,3,2,Infield shade,Standard,226.0,0.008,-0.062,,,,,0.062,,-1,1,0.348,0.652,23,30,24,30,3,2,7.0,1.0,7.0,1.0,1.25,0.63,-0.63,45.6,,,,,
ST,2025-04-26,81.5,-2.45,6.04,"Sasaki, Roki",668804,808963,,ball,,,,,13.0,,R,L,R,LAD,PIT,B,,,1,0,2025,1.23,-0.01,-1.183323159123193,2.19839056555395,,,665833.0,1,5,Top,,,,,,,0.470377954724494,-118.734109577619,-2.066780952717003,11.63111573677542,21.834219611385933,-32.0798356886902,3.07782538774001,1.54289547627826,,,,82.5,1915.0,6.8,778163,669257,518692,669242,571970,605141,624424,681624,606192,53.67,,,,,,,,37,2,Sweeper,2,3,3,2,3,2,3,2,Infield shade,Standard,58.0,-0.008,0.068,,,,,-0.068,,-1,1,0.356,0.644,23,30,24,30,3,2,7.0,1.0,7.0,1.0,3.42,-1.23,1.23,43.7,,,,,
FF,2025-04-26,95.6,-2.43,6.06,"Sasaki, Roki",668804,808963,,ball,,,,,13.0,,R,L,R,LAD,PIT,B,,,0,0,2025,-0.83,1.03,-0.956981574867534,1.6759372755457889,,,665833.0,1,5,Top,,,,,,,5.834650337088164,-139.03047894451566,-8.396687053350279,-11.999232671645483,29.033915070030723,-17.1762481837524,3.1121536579377,1.66893164727257,,,,97.2,2137.0,7.1,778163,669257,518692,669242,571970,605141,624424,681624,606192,53.41,,,,,,,,37,1,4-Seam Fastball,2,3,3,2,3,2,3,2,Infield shade,Standard,227.0,-0.004,0.035,,,,,-0.035,,-1,1,0.36,0.64,23,30,24,30,3,2,7.0,1.0,7.0,1.0,1.45,0.83,-0.83,42.3,,,,,
FO,2025-04-26,87.1,-2.32,6.16,"Sasaki, Roki",665833,808963,single,hit_into_play,,,,,7.0,Oneil Cruz singles on a sharp ground ball to right fielder Teoscar Hernández. Adam Frazier scores. Tommy Pham scores.,R,L,R,LAD,PIT,X,9.0,ground_ball,1,1,2025,-0.02,-0.41,-0.6082388727778072,1.86653372307399,624428.0,502054.0,,1,5,Top,146.99,122.39,,,,,4.227364839738486,-126.87554876177748,-3.350769768584497,-1.1267561893149909,26.13787199028473,-36.1072417529652,3.78,1.71,55.0,110.9,1.0,88.3,529.0,7.0,778163,669257,518692,669242,571970,605141,624424,681624,606192,53.5,0.582,0.539,0.9,1.0,1.0,0.0,4.0,36,3,Forkball,2,1,1,2,3,2,3,2,Standard,Standard,288.0,-0.159,0.522,78.4,7.5,,0.636,-0.522,110.9,1,-1,0.519,0.481,23,26,24,27,3,2,7.0,1.0,7.0,1.0,3.41,0.02,-0.02,45.7,2.72125721272968,7.248027366644344,39.74746524059004,40.01810587354882,26.42185600064444
FF,2025-04-26,97.4,-2.26,6.09,"Sasaki, Roki",665833,808963,,ball,,,,,13.0,,R,L,R,LAD,PIT,B,,,0,1,2025,-0.98,1.3,-0.8519777137757114,0.7921813506890142,624428.0,502054.0,,1,5,Top,,,,,,,6.108075936634166,-141.36693999550727,-11.845638591856364,-14.576062536451106,30.647312541037035,-12.255244905347416,3.89686288514909,1.90641789601691,,,,98.7,2231.0,7.1,778163,669257,518692,669242,571970,605141,624424,681624,606192,53.44,,,,,,,,36,2,4-Seam Fastball,2,1,1,2,1,2,1,2,Standard,Standard,220.0,-0.011,0.015,,,,,-0.015,,1,-1,0.53,0.47,23,26,24,27,3,2,7.0,1.0,7.0,1.0,1.11,0.98,-0.98,43.2,,,,,
FO,2025-04-26,86.2,-2.24,6.2,"Sasaki, Roki",665833,808963,,foul,,,,,7.0,,R,L,R,LAD,PIT,S,,,0,0,2025,0.14,-0.28,-0.4822643666329318,1.9976472432187808,624428.0,502054.0,,1,5,Top,,,,,,,3.9477754754396894,-125.4269012289911,-3.1367941780441964,0.615673136937614,27.91292400902592,-34.68529547102959,3.78,1.71,8.0,86.6,-16.0,87.2,434.0,7.1,778163,669257,518692,669242,571970,605141,624424,681624,606192,53.36,,,,,,,,36,1,Forkball,2,1,1,2,1,2,1,2,Standard,Standard,323.0,0.017,-0.051,84.6,8.6,,,0.051,88.0,1,-1,0.513,0.487,23,26,24,27,3,2,7.0,1.0,7.0,1.0,3.38,-0.14,0.14,45.2,20.86215905019125,-20.84248456537488,32.624408948219674,38.64981708313009,45.463112656518256
FO,2025-04-26,86.2,-2.14,6.19,"Sasaki, Roki",643396,808963,strikeout,swinging_strike_blocked,,,,,14.0,Isiah Kiner-Falefa strikes out swinging.,R,R,R,LAD,PIT,S,2.0,,2,2,2025,0.3,-0.46,0.5824857604993351,0.5488873290048315,624428.0,502054.0,,0,5,Top,,,,,,,5.950873208794763,-125.32069685658593,-6.318680142192104,2.061300049699096,24.43335811129968,-36.02261738946773,3.27,1.48,,,,87.6,664.0,7.2,778163,669257,518692,669242,571970,605141,624424,681624,606192,53.33,,0.0,0.0,1.0,0.0,0.0,,35,6,Forkball,2,1,1,2,1,2,1,2,Standard,Standard,351.0,0.062,-0.268,51.1,7.9,1.337975604,,0.268,,1,-1,0.451,0.549,23,30,24,30,2,1,7.0,1.0,7.0,1.0,3.53,-0.3,-0.3,47.5,19.65730138224155,-17.009604410033504,38.06747274874367,41.813343591730245,39.013755490063616
FF,2025-04-26,97.1,-2.22,6.1,"Sasaki, Roki",643396,808963,,foul,,,,,2.0,,R,R,R,LAD,PIT,S,,,2,2,2025,-1.08,1.32,0.0358019985769508,3.0153703052974565,624428.0,502054.0,,0,5,Top,,,,,,,8.639679978289587,-141.23131456461672,-5.890803942459739,-16.34961948088881,27.521862024438512,-13.311278276247268,3.27,1.48,271.0,83.9,30.0,99.1,2207.0,7.1,778163,669257,518692,669242,571970,605141,624424,681624,606192,53.39,,,,,,,,35,5,4-Seam Fastball,2,1,1,2,1,2,1,2,Standard,Standard,227.0,0.0,0.0,59.7,5.4,,,0.0,88.0,1,-1,0.451,0.549,23,30,24,30,2,1,7.0,1.0,7.0,1.0,1.07,1.08,1.08,44.7,-11.955036830022756,37.080974987084815,33.304290703991306,36.22500654828577,13.540270981601
FF,2025-04-26,97.7,-2.03,6.11,"Sasaki, Roki",643396,808963,,ball,,,,,14.0,,R,R,R,LAD,PIT,B,,,1,2,2025,-1.01,1.39,1.046319885927894,1.9570778209123865,624428.0,502054.0,,0,5,Top,,,,,,,10.743316815170134,-141.78532124531594,-9.030183969436292,-15.907710833983618,28.44919349681665,-11.533321421603365,3.40088397486934,1.56062813047389,,,,99.4,2301.0,7.1,778163,669257,518692,669242,571970,605141,624424,681624,606192,53.39,,,,,,,,35,4,4-Seam Fastball,2,1,1,2,1,2,1,2,Standard,Standard,221.0,-0.011,0.042,,,,,-0.042,,1,-1,0.462,0.538,23,30,24,30,2,1,7.0,1.0,7.0,1.0,0.99,1.01,1.01,49.1,,,,,
ST,2025-04-26,82.6,-2.29,6.17,"Sasaki, Roki",643396,808963,,foul,,,,,5.0,,R,R,R,LAD,PIT,S,,,1,1,2025,0.88,-0.22,0.1923521824829386,2.192010221637629,624428.0,502054.0,,0,5,Top,,,,,,,3.992606730831465,-120.22893719102426,-2.1022002849525165,7.718708750490302,24.58152850064943,-34.12187797049377,3.27,1.48,244.0,80.1,46.0,83.6,1883.0,7.1,778163,669257,518692,669242,571970,605141,624424,681624,606192,53.41,,,,,,,,35,3,Sweeper,2,1,1,2,1,2,1,2,Standard,Standard,51.0,0.018,-0.066,64.5,6.8,,,0.066,88.0,1,-1,0.444,0.556,23,30,24,30,2,1,7.0,1.0,7.0,1.0,3.58,-0.88,-0.88,46.2,-1.9829076090652975,6.801307932438839,35.41040305842451,39.49124008069053,25.385139303864857
FO,2025-04-26,84.6,-2.21,6.13,"Sasaki, Roki",643396,808963,,foul,,,,,7.0,,R,R,R,LAD,PIT,S,,,1,0,2025,-0.12,-0.33,-0.4076834490850818,1.6134079563043202,624428.0,502054.0,,0,5,Top,,,,,,,4.523330493947367,-123.20384822362948,-3.580893248402303,-2.1209761126208546,24.1418866594217,-35.04858854751874,3.27,1.48,9.0,76.2,-11.0,85.9,440.0,7.0,778163,669257,518692,669242,571970,605141,624424,681624,606192,53.47,,,,,,,,35,2,Forkball,2,1,1,2,1,2,1,2,Standard,Standard,337.0,0.007,-0.059,68.5,7.2,,,0.059,88.0,1,-1,0.437,0.563,23,30,24,30,2,1,7.0,1.0,7.0,1.0,3.51,0.12,0.12,46.5,15.14896216739364,-14.63968302644763,36.37581288293414,30.94209527657283,43.5569354193422
FO,2025-04-26,83.5,-2.18,6.18,"Sasaki, Roki",643396,808963,,ball,,,,,11.0,,R,R,R,LAD,PIT,B,,,0,0,2025,0.02,0.09,-1.5259333043370285,2.9516963039053468,624428.0,502054.0,,0,5,Top,,,,,,,1.489403776471922,-121.60404121815073,-1.1846738848665217,-0.1203347477843739,24.13866447287949,-31.2237832999026,3.30949452363707,1.56628911182337,,,,84.4,458.0,6.9,778163,669257,518692,669242,571970,605141,624424,681624,606192,53.61,,,,,,,,35,1,Forkball,2,1,1,2,1,2,1,2,Standard,Standard,360.0,-0.003,0.022,,,,,-0.022,,1,-1,0.44,0.56,23,30,24,30,2,1,7.0,1.0,7.0,1.0,3.17,-0.02,-0.02,49.3,,,,,
FO,2025-04-26,86.0,-2.15,6.15,"Sasaki, Roki",502054,808963,double,hit_into_play,,,,,8.0,Tommy Pham doubles (4) on a sharp line drive to center fielder Andy Pages. Adam Frazier to 3rd.,R,R,R,LAD,PIT,X,8.0,line_drive,0,2,2025,-0.1,-0.07,-0.0954895463290073,1.717989345064857,,,624428.0,0,5,Top,96.75,20.79,,,,,5.154210418671188,-125.15315475750324,-4.185038664289399,-2.1093407284826737,24.38676349708824,-32.31905520735442,3.51,1.66,368.0,103.2,18.0,87.3,405.0,7.0,778163,669257,518692,669242,571970,605141,624424,681624,606192,53.48,0.43,0.505,1.25,1.0,1.0,1.0,5.0,34,3,Forkball,2,1,1,2,1,2,1,2,Standard,Standard,304.0,-0.165,0.827,70.5,7.4,,0.799,-0.827,103.2,1,-1,0.605,0.395,23,37,24,37,2,1,7.0,1.0,7.0,1.0,3.15,0.1,0.1,46.2,10.483904759142852,-9.41117931749282,29.532596878710518,37.27831595237048,37.66570213226058
ST,2025-04-26,81.7,-2.2,6.12,"Sasaki, Roki",502054,808963,,called_strike,,,,,5.0,,R,R,R,LAD,PIT,S,,,0,1,2025,1.25,-0.57,0.2485830292102457,2.2127482754908385,,,624428.0,0,5,Top,,,,,,,3.1336111099603468,-118.93786560606952,-1.1139656321629805,11.255013454078936,23.407469583480964,-37.59876178583772,3.5074336071894,1.61538496776616,,,,82.6,1813.0,6.9,778163,669257,518692,669242,571970,605141,624424,681624,606192,53.57,,,,,,,,34,2,Sweeper,2,1,1,2,1,2,1,2,Standard,Standard,44.0,0.013,-0.053,,,,,0.053,,1,-1,0.592,0.408,23,37,24,37,2,1,7.0,1.0,7.0,1.0,3.99,-1.25,-1.25,46.6,,,,,
FF,2025-04-26,97.0,-2.37,6.09,"Sasaki, Roki",502054,808963,,foul,,,,,8.0,,R,R,R,LAD,PIT,S,,,0,0,2025,-0.85,1.22,-0.149778022296223,2.2309604895070114,,,624428.0,0,5,Top,,,,,,,7.966186330571661,-140.9833836458925,-7.672883630368357,-13.080463691222764,30.60060966901832,-14.28310271545968,3.51,1.66,186.0,77.1,59.0,98.2,2212.0,7.0,778163,669257,518692,669242,571970,605141,624424,681624,606192,53.55,,,,,,,,34,1,4-Seam Fastball,2,1,1,2,1,2,1,2,Standard,Standard,223.0,0.007,-0.043,68.8,6.8,,,0.043,88.0,1,-1,0.585,0.415,23,37,24,37,2,1,7.0,1.0,7.0,1.0,1.2,0.85,0.85,41.3,-0.4075703990757318,11.48906694761106,28.30783049484747,37.46039162214025,28.20718435286701
FF,2025-04-26,96.5,-2.32,6.07,"Sasaki, Roki",624428,808963,single,hit_into_play,,,,,5.0,Adam Frazier singles on a line drive to right fielder Teoscar Hernández.,R,L,R,LAD,PIT,X,9.0,line_drive,3,2,2025,-0.67,1.39,0.1335342272424566,2.4280849302586542,,,,0,5,Top,199.03,108.49,,,,,8.18761732705413,-140.31103311045658,-7.424809729825405,-10.64760387424776,28.866228460973325,-12.33014738396563,3.1,1.39,287.0,95.9,23.0,98.2,2040.0,7.1,778163,669257,518692,669242,571970,605141,624424,681624,606192,53.43,0.218,0.278,0.9,1.0,1.0,0.0,5.0,33,6,4-Seam Fastball,2,1,1,2,1,2,1,2,Strategic,Standard,224.0,-0.045,0.353,68.7,7.2,,0.443,-0.353,95.9,1,-1,0.63,0.37,23,33,24,34,2,1,7.0,1.0,7.0,1.0,1.05,0.67,-0.67,42.1,16.552928635108504,-4.973584441091957,41.14085942447964,29.37326022356872,25.958444408655996
FO,2025-04-26,86.1,-2.31,6.16,"Sasaki, Roki",624428,808963,,ball,,,,,11.0,,R,L,R,LAD,PIT,B,,,2,2,2025,-0.4,-0.63,-1.4251443324188813,2.814998177276136,,,,0,5,Top,,,,,,,2.9672985844288093,-125.37858368955516,-0.420868606789914,-4.858814877058121,25.931452492866853,-38.915700724834274,3.12427127347441,1.42142173930724,,,,87.3,396.0,7.0,778163,669257,518692,669242,571970,605141,624424,681624,606192,53.46,,,,,,,,33,5,Forkball,2,1,1,2,1,2,1,2,Infield shade,Standard,309.0,-0.013,0.112,,,,,-0.112,,1,-1,0.643,0.357,23,33,24,34,2,1,7.0,1.0,7.0,1.0,3.7,0.4,-0.4,44.1,,,,,
FO,2025-04-26,86.5,-2.27,6.17,"Sasaki, Roki",624428,808963,,ball,,,,,13.0,,R,L,R,LAD,PIT,B,,,1,2,2025,-0.44,-0.56,-1.580751637187459,1.996887519688145,,,,0,5,Top,,,,,,,2.5808824865193025,-126.00657526021185,-2.5845027632329405,-5.184426876855352,27.364527183239453,-37.75308522803918,3.09630803408196,1.41677818228211,,,,87.4,362.0,7.0,778163,669257,518692,669242,571970,605141,624424,681624,606192,53.52,,,,,,,,33,4,Forkball,2,1,1,2,1,2,1,2,Strategic,Standard,304.0,-0.005,0.043,,,,,-0.043,,1,-1,0.648,0.352,23,33,24,34,2,1,7.0,1.0,7.0,1.0,3.61,0.44,-0.44,48.7,,,,,
FF,2025-04-26,96.5,-2.44,6.06,"Sasaki, Roki",624428,808963,,called_strike,,,,,4.0,,R,L,R,LAD,PIT,S,,,1,1,2025,-0.86,1.21,-0.2857787644059404,2.16977259042085,,,,0,5,Top,,,,,,,7.774363718683669,-140.1932755937035,-7.633221830584366,-13.090363632293403,30.310255089546917,-14.646199798554246,3.10020157044439,1.39703319411642,,,,97.8,2153.0,7.0,778163,669257,518692,669242,571970,605141,624424,681624,606192,53.5,,,,,,,,33,3,4-Seam Fastball,2,1,1,2,1,2,1,2,Standard,Standard,223.0,0.008,-0.061,,,,,0.061,,1,-1,0.64,0.36,23,33,24,34,2,1,7.0,1.0,7.0,1.0,1.24,0.86,-0.86,44.6,,,,,
ST,2025-04-26,82.4,-2.4,6.17,"Sasaki, Roki",624428,808963,,ball,,,,,13.0,,R,L,R,LAD,PIT,B,,,0,1,2025,0.82,-0.52,-1.2789509473476173,1.6267059079149724,,,,0,5,Top,,,,,,,0.9550413991286584,-120.12596573716604,-2.8448266727874767,7.788187845029211,22.701313463142537,-36.89242527515212,3.16489618781139,1.4295689140035,,,,83.4,1737.0,6.8,778163,669257,518692,669242,571970,605141,624424,681624,606192,53.73,,,,,,,,33,2,Sweeper,2,1,1,2,1,2,1,2,Standard,Standard,40.0,-0.003,0.031,,,,,-0.031,,1,-1,0.643,0.357,23,33,24,34,2,1,7.0,1.0,7.0,1.0,3.86,-0.82,0.82,51.7,,,,,
FF,2025-04-26,97.0,-2.37,6.1,"Sasaki, Roki",624428,808963,,foul,,,,,5.0,,R,L,R,LAD,PIT,S,,,0,0,2025,-0.92,1.26,-0.1548499903465208,2.553058484711948,,,,0,5,Top,,,,,,,8.144940295973761,-140.96187740001332,-6.958869917442534,-14.00801347665024,29.79487653474096,-13.913867626433843,3.1,1.39,110.0,82.7,7.0,98.7,2083.0,7.2,778163,669257,518692,669242,571970,605141,624424,681624,606192,53.33,,,,,,,,33,1,4-Seam Fastball,2,1,1,2,1,2,1,2,Standard,Standard,222.0,0.005,-0.039,66.7,6.3,,,0.039,88.0,1,-1,0.638,0.362,23,33,24,34,2,1,7.0,1.0,7.0,1.0,1.15,0.92,-0.92,44.6,-2.039972477966084,14.81840551093338,42.85076062350304,31.683836941542225,16.61510409228689
FO,2025-04-26,86.3,-2.16,6.13,"Sasaki, Roki",663647,808963,field_out,hit_into_play,,,,,8.0,"Ke'Bryan Hayes grounds out, third baseman Max Muncy to first baseman Freddie Freeman.",R,R,R,LAD,PIT,X,5.0,ground_ball,0,1,2025,-0.22,-0.13,-0.2240827481390136,1.6347222365983836,,,,2,4,Top,101.38,164.38,,,,,5.140190226963434,-125.61891847199183,-4.241979992431305,-3.3554168083881395,26.422108007669493,-32.87034174028383,3.23,1.54,8.0,98.1,-13.0,87.6,517.0,7.2,778163,669257,518692,669242,571970,605141,624424,681624,606192,53.32,0.171,0.158,0.0,1.0,0.0,0.0,2.0,29,2,Forkball,2,1,1,2,1,2,1,2,Strategic,Strategic,279.0,0.011,-0.217,73.5,7.2,,0.171,0.217,98.1,1,-1,0.674,0.326,23,28,24,28,2,1,7.0,1.0,7.0,1.0,3.2,0.22,0.22,48.7,3.278516401855316,-8.70022529689066,30.44235499203273,33.58775511305955,44.58488970222565
FF,2025-04-26,97.0,-2.25,6.12,"Sasaki, Roki",663647,808963,,called_strike,,,,,9.0,,R,R,R,LAD,PIT,S,,,0,0,2025,-0.86,1.37,0.6383356550482367,1.9619948101727516,,,,2,4,Top,,,,,,,9.804898595018267,-140.7976358258126,-8.818768082523631,-13.554470454882196,30.449980286054803,-12.066783123385898,3.33779928158182,1.5736843974286,,,,98.3,2117.0,7.1,778163,669257,518692,669242,571970,605141,624424,681624,606192,53.42,,,,,,,,29,1,4-Seam Fastball,2,1,1,2,1,2,1,2,Strategic,Strategic,224.0,0.002,-0.043,,,,,0.043,,1,-1,0.672,0.328,23,28,24,28,2,1,7.0,1.0,7.0,1.0,1.05,0.86,0.86,43.9,,,,,
FF,2025-04-26,95.5,-2.4,5.99,"Sasaki, Roki",663698,808963,field_out,hit_into_play,,,,,9.0,"Joey Bart grounds out, shortstop Mookie Betts to first baseman Freddie Freeman.",R,R,R,LAD,PIT,X,6.0,ground_ball,3,1,2025,-0.92,1.21,0.3923542661643333,2.097198522953581,,,,1,4,Top,97.45,136.73,,,,,9.569480696000426,-138.71679208988223,-7.487397387857368,-13.929965582107842,28.68447244515349,-15.086123642694105,3.4,1.54,3.0,99.4,-31.0,97.2,2121.0,7.2,778163,669257,518692,669242,571970,605141,624424,681624,606192,53.3,0.054,0.054,0.0,1.0,0.0,0.0,2.0,28,5,4-Seam Fastball,2,1,1,2,1,2,1,2,Standard,Standard,223.0,0.033,-0.419,75.7,7.3,,0.075,0.419,99.4,1,-1,0.639,0.361,23,28,24,29,2,1,7.0,2.0,7.0,1.0,1.29,0.92,0.92,43.5,2.0230557896715444,6.050235166973527,31.58975850889483,43.8275036727492,30.815096557974325
ST,2025-04-26,80.7,-2.44,6.15,"Sasaki, Roki",663698,808963,,ball,,,,,11.0,,R,R,R,LAD,PIT,B,,,2,1,2025,0.89,-0.43,-2.3498049226236684,2.755674626277611,,,,1,4,Top,,,,,,,-1.53187111485952,-117.56725128190033,-0.0668056929724085,8.581967669047353,22.600792593440094,-36.40288519645554,3.35197516814649,1.53624099909489,,,,81.7,1892.0,6.9,778163,669257,518692,669242,571970,605141,624424,681624,606192,53.6,,,,,,,,28,4,Sweeper,2,1,1,2,1,2,1,2,Standard,Standard,47.0,-0.01,0.121,,,,,-0.121,,1,-1,0.649,0.351,23,28,24,29,2,1,7.0,2.0,7.0,1.0,3.93,-0.89,-0.89,47.3,,,,,
ST,2025-04-26,82.4,-2.42,6.07,"Sasaki, Roki",663698,808963,,ball,,,,,13.0,,R,R,R,LAD,PIT,B,,,1,1,2025,1.23,-0.17,-0.1924388047789189,1.1439588536798104,,,,1,4,Top,,,,,,,2.7231272555548585,-119.9988684910714,-4.41577347852464,11.387396840109991,22.508377214110208,-33.23200206551091,3.33873991879455,1.43800660406364,,,,83.8,1903.0,7.1,778163,669257,518692,669242,571970,605141,624424,681624,606192,53.41,,,,,,,,28,3,Sweeper,2,1,1,2,1,2,1,2,Standard,Standard,39.0,-0.004,0.055,,,,,-0.055,,1,-1,0.653,0.347,23,28,24,29,2,1,7.0,2.0,7.0,1.0,3.52,-1.23,-1.23,45.4,,,,,
ST,2025-04-26,83.2,-2.33,6.14,"Sasaki, Roki",663698,808963,,called_strike,,,,,5.0,,R,R,R,LAD,PIT,S,,,1,0,2025,1.2,0.05,-0.0719570733890105,2.778010033736303,,,,1,4,Top,,,,,,,2.8736777478283884,-121.15681435513112,-1.3588056319110549,11.212763201302796,23.8507083890877,-31.67065161988897,3.39356575306253,1.52519148052342,,,,84.4,1915.0,7.0,778163,669257,518692,669242,571970,605141,624424,681624,606192,53.45,,,,,,,,28,2,Sweeper,2,1,1,2,1,2,1,2,Standard,Standard,39.0,0.004,-0.049,,,,,0.049,,1,-1,0.649,0.351,23,28,24,29,2,1,7.0,2.0,7.0,1.0,3.24,-1.2,-1.2,47.4,,,,,
FF,2025-04-26,97.3,-2.33,6.13,"Sasaki, Roki",663698,808963,,ball,,,,,8.0,,R,R,R,LAD,PIT,B,,,0,0,2025,-1.0,1.17,-0.0636414556414198,1.4890846141920409,,,,1,4,Top,,,,,,,8.491426943395776,-141.25912888775008,-9.738488937308968,-15.272270218853636,29.837014565376965,-14.517531897378216,3.29975566043346,1.51804565541092,,,,98.7,2207.0,7.1,778163,669257,518692,669242,571970,605141,624424,681624,606192,53.45,,,,,,,,28,1,4-Seam Fastball,2,1,1,2,1,2,1,2,Standard,Standard,222.0,-0.003,0.039,,,,,-0.039,,1,-1,0.652,0.348,23,28,24,29,2,1,7.0,2.0,7.0,1.0,1.24,1.0,1.0,47.2,,,,,
FO,2025-04-26,86.6,-2.21,6.12,"Sasaki, Roki",665839,808963,strikeout,swinging_strike,,,,,13.0,Enmanuel Valdez strikes out swinging.,R,L,R,LAD,PIT,S,2.0,,1,2,2025,-0.12,-0.57,-0.9298823565919064,0.9206093404426112,,,,0,4,Top,,,,,,,3.365532608867407,-126.0791262778675,-5.116579730561426,-1.988451855968187,25.866099913921047,-37.45454970562829,3.22,1.55,,,,88.0,500.0,7.2,778163,669257,518692,669242,571970,605141,624424,681624,606192,53.32,,0.0,0.0,1.0,0.0,0.0,,27,4,Forkball,2,1,1,2,1,2,1,2,Infield shade,Standard,293.0,0.02,-0.189,64.1,8.4,2.188264668,,0.189,,1,-1,0.632,0.368,23,26,24,27,2,1,7.0,1.0,7.0,1.0,3.61,0.12,-0.12,45.6,14.780581912536269,-18.406631423203056,29.66981492397881,41.89330262325987,40.298730115870576
ST,2025-04-26,82.7,-2.4,6.12,"Sasaki, Roki",665839,808963,,called_strike,,,,,13.0,,R,L,R,LAD,PIT,S,,,1,1,2025,1.04,-0.38,-0.8925874643678673,1.9911879738659808,,,,0,4,Top,,,,,,,1.4305492048968618,-120.47715087535722,-2.2252821207054803,9.85545999940267,23.01952012773904,-35.62794137069544,3.16709303153651,1.63474097350985,,,,83.6,1825.0,6.8,778163,669257,518692,669242,571970,605141,624424,681624,606192,53.7,,,,,,,,27,3,Sweeper,2,1,1,2,1,2,1,2,Standard,Standard,31.0,0.008,-0.061,,,,,0.061,,1,-1,0.624,0.376,23,26,24,27,2,1,7.0,1.0,7.0,1.0,3.7,-1.04,1.04,43.5,,,,,
FF,2025-04-26,96.0,-2.38,6.11,"Sasaki, Roki",665839,808963,,called_strike,,,,,9.0,,R,L,R,LAD,PIT,S,,,1,0,2025,-0.85,1.12,0.3350426175818014,1.905856680530725,,,,0,4,Top,,,,,,,9.234770004566029,-139.37468483767424,-8.169910597056463,-13.138911187846036,30.102648349560507,-15.835698405173185,3.33931595184409,1.64155492315995,,,,97.2,2093.0,7.0,778163,669257,518692,669242,571970,605141,624424,681624,606192,53.48,,,,,,,,27,2,4-Seam Fastball,2,1,1,2,1,2,1,2,Standard,Standard,224.0,0.006,-0.05,,,,,0.05,,1,-1,0.618,0.382,23,26,24,27,2,1,7.0,1.0,7.0,1.0,1.35,0.85,-0.85,44.3,,,,,
FO,2025-04-26,84.7,-2.3,6.18,"Sasaki, Roki",665839,808963,,ball,,,,,11.0,,R,L,R,LAD,PIT,B,,,0,0,2025,0.13,-0.52,-1.5192936291032733,3.1675969022929573,,,,0,4,Top,,,,,,,1.5842412831961037,-123.31917901498646,0.4081644301159721,0.9701708722401604,26.212053492470424,-37.80387811468254,3.31332158388629,1.55069714952212,,,,85.7,510.0,7.1,778163,669257,518692,669242,571970,605141,624424,681624,606192,53.42,,,,,,,,27,1,Forkball,2,1,1,2,1,2,1,2,Standard,Standard,303.0,-0.005,0.041,,,,,-0.041,,1,-1,0.623,0.377,23,26,24,27,2,1,7.0,1.0,7.0,1.0,3.72,-0.13,0.13,51.4,,,,,
FF,2025-04-26,95.1,-2.36,6.05,"Sasaki, Roki",457705,808963,field_out,hit_into_play,,,,,1.0,Andrew McCutchen pops out to first baseman Freddie Freeman in foul territory.,R,R,R,LAD,PIT,X,3.0,popup,2,1,2025,-0.72,1.32,-0.826631175703557,3.1226824131297306,,,668804.0,2,3,Top,127.97,194.25,,,,,5.728148065146643,-138.36849692172123,-5.070073573555193,-10.530749842211836,29.15923857656687,-14.27358886646909,3.43,1.62,63.0,76.7,76.0,96.7,2134.0,7.1,778163,669257,518692,669242,571970,605141,624424,681624,606192,53.44,0.008,0.01,0.0,1.0,0.0,0.0,3.0,23,4,4-Seam Fastball,2,1,1,2,1,2,1,2,Infield shade,Standard,223.0,0.029,-0.309,70.0,6.8,,0.011,0.309,88.0,1,-1,0.64,0.36,23,38,24,39,2,1,7.0,1.0,7.0,1.0,1.19,0.72,0.72,42.2,13.183279433619596,-3.9354541468503834,31.620735121189327,27.807251042260937,26.084479710752888
FF,2025-04-26,95.8,-2.36,6.06,"Sasaki, Roki",457705,808963,,foul,,,,,5.0,,R,R,R,LAD,PIT,S,,,2,0,2025,-0.85,1.45,-0.1494761103214571,2.282750233456305,,,668804.0,2,3,Top,,,,,,,7.843233192923659,-139.1868375612918,-7.733514245007456,-12.819422037216112,31.084899976885087,-11.722646108750396,3.43,1.62,232.0,89.2,54.0,96.9,2256.0,7.0,778163,669257,518692,669242,571970,605141,624424,681624,606192,53.51,,,,,,,,23,3,4-Seam Fastball,2,1,1,2,1,2,1,2,Standard,Standard,226.0,0.005,-0.044,,,,,0.044,89.2,1,-1,0.635,0.365,23,38,24,39,2,1,7.0,1.0,7.0,1.0,1.04,0.85,0.85,43.4,,,,,
ST,2025-04-26,82.1,-2.32,6.06,"Sasaki, Roki",457705,808963,,ball,,,,,14.0,,R,R,R,LAD,PIT,B,,,1,0,2025,0.41,0.48,0.93601014865882,0.9184660507691916,,,668804.0,2,3,Top,,,,,,,6.6701360633107125,-119.3802048255623,-6.090564228099698,2.638683623592398,23.12929597501365,-26.59872379208181,3.52806345891714,1.67727346093422,,,,83.3,1886.0,7.2,778163,669257,518692,669242,571970,605141,624424,681624,606192,53.34,,,,,,,,23,2,Sweeper,2,1,1,2,1,2,1,2,Standard,Standard,41.0,-0.005,0.048,,,,,-0.048,,1,-1,0.64,0.36,23,38,24,39,2,1,7.0,1.0,7.0,1.0,2.91,-0.41,-0.41,48.6,,,,,
ST,2025-04-26,81.9,-2.24,6.09,"Sasaki, Roki",457705,808963,,ball,,,,,14.0,,R,R,R,LAD,PIT,B,,,0,0,2025,0.55,0.05,0.7566415230690375,1.2600832316300812,,,668804.0,2,3,Top,,,,,,,5.776457173197933,-119.1407865504094,-4.462912450579715,4.029200058627396,24.05877598003256,-30.96402606964989,3.49306548114275,1.70770507982776,,,,82.6,2007.0,6.9,778163,669257,518692,669242,571970,605141,624424,681624,606192,53.58,,,,,,,,23,1,Sweeper,2,1,1,2,1,2,1,2,Standard,Standard,37.0,-0.003,0.035,,,,,-0.035,,1,-1,0.643,0.357,23,38,24,39,2,1,7.0,1.0,7.0,1.0,3.36,-0.55,-0.55,43.9,,,,,
FF,2025-04-26,95.9,-2.41,6.02,"Sasaki, Roki",668804,808963,walk,ball,,,,,9.0,Bryan Reynolds walks.,R,L,R,LAD,PIT,B,,,3,2,2025,-1.04,1.17,0.6042424215415882,1.513054390181266,,,,2,3,Top,,,,,,,10.478561589931264,-139.048750882711,-9.05363832603987,-15.897589810440785,31.465422468776644,-14.996510074155918,2.98250356302312,1.52517458083974,,,,97.1,2100.0,7.2,778163,669257,518692,669242,571970,605141,624424,681624,606192,53.32,,0.691497,0.7,1.0,0.0,0.0,,22,6,4-Seam Fastball,2,1,1,2,1,2,1,2,Infield shade,Standard,224.0,-0.012,0.259,,,,,-0.259,,1,-1,0.655,0.345,23,30,24,30,2,1,7.0,1.0,7.0,1.0,1.32,1.04,-1.04,44.3,,,,,
FO,2025-04-26,85.8,-2.33,6.13,"Sasaki, Roki",668804,808963,,ball,,,,,13.0,,R,L,R,LAD,PIT,B,,,2,2,2025,-0.3,-0.25,-2.501366286454428,2.228371182019743,,,,2,3,Top,,,,,,,0.2020544835555406,-124.9698646880152,-2.427187876748408,-3.1583519267031,27.49646260883086,-34.526519858837965,3.07696337047042,1.5236129464783,,,,86.8,470.0,7.1,778163,669257,518692,669242,571970,605141,624424,681624,606192,53.44,,,,,,,,22,5,Forkball,2,1,1,2,1,2,1,2,Infield shade,Standard,303.0,-0.004,0.104,,,,,-0.104,,1,-1,0.659,0.341,23,30,24,30,2,1,7.0,1.0,7.0,1.0,3.37,0.3,-0.3,43.5,,,,,
FO,2025-04-26,86.5,-2.33,6.21,"Sasaki, Roki",668804,808963,,ball,,,,,13.0,,R,L,R,LAD,PIT,B,,,1,2,2025,-0.37,-0.32,-2.204633842037784,1.0925336898516145,,,,2,3,Top,,,,,,,1.0649134757012275,-125.9454771866455,-5.381848667765363,-4.132756894600659,26.545369932780357,-34.66070717631114,3.10654158846446,1.52050931767933,,,,87.5,448.0,7.0,778163,669257,518692,669242,571970,605141,624424,681624,606192,53.5,,,,,,,,22,4,Forkball,2,1,1,2,1,2,1,2,Infield shade,Standard,302.0,-0.002,0.042,,,,,-0.042,,1,-1,0.661,0.339,23,30,24,30,2,1,7.0,1.0,7.0,1.0,3.37,0.37,-0.37,44.2,,,,,
FO,2025-04-26,85.3,-2.3,6.16,"Sasaki, Roki",668804,808963,,foul,,,,,4.0,,R,L,R,LAD,PIT,S,,,1,1,2025,0.21,-0.11,-0.6548141678960274,2.576042869656045,,,,2,3,Top,,,,,,,3.5025618735117345,-124.15659051900256,-1.9173727597991588,1.4449248554671057,25.15560125299248,-33.11001536916254,3.26,1.54,,,,86.5,517.0,7.1,778163,669257,518692,669242,571970,605141,624424,681624,606192,53.45,,,,,,,,22,3,Forkball,2,1,1,2,1,2,1,2,Infield shade,Standard,355.0,0.003,-0.062,73.9,7.1,,,0.062,,1,-1,0.658,0.342,23,30,24,30,2,1,7.0,1.0,7.0,1.0,3.24,-0.21,0.21,44.7,24.171219684055814,-2.199569289548569,31.41377106894816,40.53286323447706,27.97805932888407
FF,2025-04-26,96.4,-2.39,6.02,"Sasaki, Roki",668804,808963,,ball,,,,,13.0,,R,L,R,LAD,PIT,B,,,0,1,2025,-0.98,1.2,-0.2694748674615553,1.282583714641592,,,,2,3,Top,,,,,,,7.977537819348965,-139.9163811676022,-9.863975522962628,-14.696066484868473,30.12099689668026,-14.376605965448546,3.19504233510299,1.64183040983162,,,,97.8,2364.0,7.1,778163,669257,518692,669242,571970,605141,624424,681624,606192,53.41,,,,,,,,22,2,4-Seam Fastball,2,1,1,2,1,2,1,2,Infield shade,Standard,226.0,-0.001,0.027,,,,,-0.027,,1,-1,0.659,0.341,23,30,24,30,2,1,7.0,1.0,7.0,1.0,1.26,0.98,-0.98,41.4,,,,,
FO,2025-04-26,86.0,-2.33,6.09,"Sasaki, Roki",668804,808963,,swinging_strike,,,,,14.0,,R,L,R,LAD,PIT,S,,,0,0,2025,0.26,-0.32,0.5057631930591255,0.5900927656716002,,,,2,3,Top,,,,,,,6.306413715822248,-125.01518023467248,-6.234529622332529,1.5015361921627035,23.875693245505623,-34.54648387561132,3.26,1.54,,,,87.5,385.0,7.2,778163,669257,518692,669242,571970,605141,624424,681624,606192,53.31,,,,,,,,22,1,Forkball,2,1,1,2,1,2,1,2,Infield shade,Standard,313.0,0.002,-0.043,,,,,0.043,,1,-1,0.657,0.343,23,30,24,30,2,1,7.0,1.0,7.0,1.0,3.4,-0.26,0.26,49.4,,,,,
FO,2025-04-26,85.9,-2.27,6.15,"Sasaki, Roki",665833,808963,strikeout,swinging_strike,,,,,13.0,Oneil Cruz strikes out swinging.,R,L,R,LAD,PIT,S,2.0,,2,2,2025,-0.19,-0.64,-1.0468843378485382,1.028528111984063,,,,1,3,Top,,,,,,,3.3460599507362936,-125.06677965927518,-4.650586071411358,-2.664548806735385,25.625933880844897,-38.131530150618296,3.78,1.71,,,,87.4,412.0,7.2,778163,669257,518692,669242,571970,605141,624424,681624,606192,53.26,,0.0,0.0,1.0,0.0,0.0,,21,5,Forkball,2,1,1,2,1,2,1,2,Infield shade,Standard,307.0,0.016,-0.228,23.0,7.3,5.244313404,,0.228,,1,-1,0.641,0.359,23,26,24,27,2,1,7.0,1.0,7.0,1.0,3.73,0.19,-0.19,47.0,-4.629289542125218,7.169010090314445,30.71949008882476,45.224524316871765,18.558888718788364
FO,2025-04-26,86.1,-2.39,6.2,"Sasaki, Roki",665833,808963,,ball,,,,,11.0,,R,L,R,LAD,PIT,B,,,1,2,2025,-0.61,-0.1,-3.49480599637964,4.000280064485239,,,,1,3,Top,,,,,,,-1.4163795592647614,-125.3759242030384,1.232873614404107,-6.132322818066608,24.746510026385057,-33.676224348826615,3.62211430283654,1.64315846605566,,,,87.5,488.0,7.1,778163,669257,518692,669242,571970,605141,624424,681624,606192,53.42,,,,,,,,21,4,Forkball,2,1,1,2,1,2,1,2,Infield shade,Standard,333.0,-0.003,0.048,,,,,-0.048,,1,-1,0.644,0.356,23,26,24,27,2,1,7.0,1.0,7.0,1.0,3.16,0.61,-0.61,43.6,,,,,
FO,2025-04-26,86.6,-2.26,6.15,"Sasaki, Roki",665833,808963,,swinging_strike,,,,,13.0,,R,L,R,LAD,PIT,S,,,1,1,2025,-0.06,-0.61,-0.1501119990693961,-0.0768270372997261,,,,1,3,Top,,,,,,,5.279987624036513,-125.96417346383907,-7.586804650123529,-1.675444598786993,24.84999545838308,-37.36405201868834,3.78,1.71,,,,88.6,382.0,7.5,778163,669257,518692,669242,571970,605141,624424,681624,606192,53.01,,,,,,,,21,3,Forkball,2,1,1,2,1,2,1,2,Infield shade,Standard,311.0,0.005,-0.064,79.7,9.4,17.974235184,,0.064,,1,-1,0.639,0.361,23,26,24,27,2,1,7.0,1.0,7.0,1.0,3.64,0.06,-0.06,45.3,28.902898388749392,-44.14949336352987,40.37512474547803,36.34045034231495,67.84707759866541
FF,2025-04-26,96.6,-2.5,6.06,"Sasaki, Roki",665833,808963,,ball,,,,,11.0,,R,L,R,LAD,PIT,B,,,0,1,2025,-0.95,1.33,-0.9005687314302372,2.92747763227198,,,,1,3,Top,,,,,,,6.523410048104932,-140.53458091658158,-5.924411611155569,-14.088505644772669,29.857953096680184,-13.341074552261992,3.84479864943928,1.86594589198567,,,,98.0,2172.0,7.0,778163,669257,518692,669242,571970,605141,624424,681624,606192,53.53,,,,,,,,21,2,4-Seam Fastball,2,1,1,2,1,2,1,2,Infield shade,Standard,227.0,-0.002,0.029,,,,,-0.029,,1,-1,0.641,0.359,23,26,24,27,2,1,7.0,1.0,7.0,1.0,1.1,0.95,-0.95,41.1,,,,,
ST,2025-04-26,82.2,-2.39,6.19,"Sasaki, Roki",665833,808963,,called_strike,,,,,8.0,,R,L,R,LAD,PIT,S,,,0,0,2025,0.96,0.05,0.1430621607450238,2.12910614626304,,,,1,3,Top,,,,,,,3.9221114775628583,-119.5942970328001,-2.749070818448728,8.389430275754771,24.142898074794186,-31.324773445649207,3.90970351971084,1.83303119206169,,,,83.0,1968.0,6.9,778163,669257,518692,669242,571970,605141,624424,681624,606192,53.56,,,,,,,,21,1,Sweeper,2,1,1,2,1,2,1,2,Infield shade,Standard,40.0,0.003,-0.039,,,,,0.039,,1,-1,0.638,0.362,23,26,24,27,2,1,7.0,1.0,7.0,1.0,3.33,-0.96,0.96,45.4,,,,,
FO,2025-04-26,84.7,-2.09,6.17,"Sasaki, Roki",643396,808963,field_out,hit_into_play,,,,,5.0,"Isiah Kiner-Falefa grounds out, second baseman Tommy Edman to first baseman Freddie Freeman.",R,R,R,LAD,PIT,X,4.0,ground_ball,0,1,2025,0.34,-0.03,0.1190126414303962,2.531786568710003,,,,0,3,Top,123.59,145.34,,,,,4.571920820892475,-123.40904523732011,-2.1722842208776205,2.60074041435822,23.752325437596998,-32.23294071817474,3.27,1.48,34.0,91.0,-2.0,86.7,457.0,7.4,778163,669257,518692,669242,571970,605141,624424,681624,606192,53.1,0.269,0.247,0.0,1.0,0.0,0.0,2.0,20,2,Forkball,2,1,1,2,1,2,1,2,Standard,Standard,297.0,0.022,-0.22,66.9,6.3,,0.311,0.22,91.0,1,-1,0.616,0.384,23,30,24,30,1,0,7.0,1.0,7.0,1.0,3.19,-0.34,-0.34,50.3,-1.3090956689428672,13.460753025415215,27.76898554278676,36.677535647987,27.816873509262454
FF,2025-04-26,96.0,-2.37,6.13,"Sasaki, Roki",643396,808963,,called_strike,,,,,5.0,,R,R,R,LAD,PIT,S,,,0,0,2025,-0.8,1.19,0.0560620041607158,2.662985249142384,,,,0,3,Top,,,,,,,8.344915982146762,-139.59791691730263,-6.422701847815656,-12.143430506029311,27.448633120381384,-15.268978272965406,3.33678898675323,1.47658906071685,,,,97.7,2208.0,7.0,778163,669257,518692,669242,571970,605141,624424,681624,606192,53.47,,,,,,,,20,1,4-Seam Fastball,2,1,1,2,1,2,1,2,Standard,Standard,223.0,0.004,-0.039,,,,,0.039,,1,-1,0.612,0.388,23,30,24,30,1,0,7.0,1.0,7.0,1.0,1.26,0.8,0.8,44.7,,,,,
FO,2025-04-26,83.9,-2.19,6.16,"Sasaki, Roki",502054,808963,double_play,hit_into_play,,,,,4.0,"Tommy Pham flies into a double play, right fielder Teoscar Hernández to catcher Will Smith. Joey Bart out at home.",R,R,R,LAD,PIT,X,9.0,fly_ball,1,1,2025,0.21,-0.01,-0.5342700036634488,2.6518609815906973,663698.0,,624428.0,1,2,Top,167.96,117.48,,,,,3.46726552258754,-122.12029597281438,-1.708074301566496,1.4273924616654616,24.14512681694823,-32.17163832641302,3.51,1.66,230.0,74.5,30.0,85.3,321.0,7.2,778163,669257,518692,669242,571970,605141,624424,681624,606192,53.32,0.476,0.428,0.0,1.0,0.0,0.0,3.0,14,3,Forkball,2,1,1,2,1,2,1,2,Standard,Standard,334.0,0.121,-0.108,68.0,6.4,,0.506,0.108,88.0,1,-1,0.535,0.465,23,37,24,37,1,0,7.0,1.0,7.0,1.0,3.25,-0.21,-0.21,49.5,7.250516924155391,10.427507417402646,22.760108503444744,33.23669828595028,28.75634094948838
FF,2025-04-26,96.5,-2.28,6.07,"Sasaki, Roki",502054,808963,,foul,,,,,5.0,,R,R,R,LAD,PIT,S,,,1,0,2025,-1.03,1.27,-0.0086866089151291,2.760613123628411,663698.0,,624428.0,1,2,Top,,,,,,,8.488978783574693,-140.2282197004053,-6.247190609201759,-15.393560228922924,29.79607435940796,-14.09700109519936,3.51,1.66,200.0,79.1,56.0,98.1,2227.0,7.1,778163,669257,518692,669242,571970,605141,624424,681624,606192,53.37,,,,,,,,14,2,4-Seam Fastball,2,1,1,2,1,2,1,2,Standard,Standard,226.0,0.008,-0.059,70.1,6.3,,,0.059,88.0,1,-1,0.527,0.473,23,37,24,37,1,0,7.0,1.0,7.0,1.0,1.17,1.03,1.03,40.9,-0.2684278501016426,15.22404658144088,24.183006681235,38.45204854708818,25.24023174099912
ST,2025-04-26,81.4,-2.41,6.12,"Sasaki, Roki",502054,808963,,ball,,,,,1.0,,R,R,R,LAD,PIT,B,,,0,0,2025,1.19,0.13,-0.734093877319359,3.1376251455279665,663698.0,,624428.0,1,2,Top,,,,,,,1.4894691377814775,-118.63127864742042,-0.3652137795312085,11.02530705794724,21.728321606768507,-31.123128724829208,3.39314281401007,1.5731488581409,,,,82.6,1903.0,6.9,778163,669257,518692,669242,571970,605141,624424,681624,606192,53.61,,,,,,,,14,1,Sweeper,2,1,1,2,1,2,1,2,Standard,Standard,57.0,-0.004,0.029,,,,,-0.029,,1,-1,0.531,0.469,23,37,24,37,1,0,7.0,1.0,7.0,1.0,3.29,-1.19,-1.19,45.4,,,,,
FO,2025-04-26,85.1,-2.23,6.12,"Sasaki, Roki",624428,808963,force_out,hit_into_play,,,,,4.0,"Adam Frazier grounds into a force out, shortstop Mookie Betts to second baseman Tommy Edman. Joey Bart to 3rd. Ke'Bryan Hayes out at 2nd. Adam Frazier to 1st.",R,L,R,LAD,PIT,X,6.0,ground_ball,1,2,2025,-0.02,-0.46,-0.3849695065995405,1.9984813985673089,,663698.0,663647.0,0,2,Top,119.24,163.1,,,,,4.4402840685281735,-123.92744464341858,-2.427907569279988,-1.145267368489894,26.008116604349503,-36.61610036634456,3.1,1.39,48.0,64.0,3.0,86.3,491.0,7.1,778163,669257,518692,669242,571970,605141,624424,681624,606192,53.36,0.117,0.109,0.0,1.0,0.0,0.0,2.0,13,4,Forkball,2,1,1,2,1,2,1,2,Standard,Standard,334.0,0.012,-0.242,,,,0.157,0.242,88.0,1,-1,0.519,0.481,23,33,24,34,1,0,7.0,1.0,7.0,1.0,3.62,0.02,-0.02,45.3,,,,,
FO,2025-04-26,86.4,-2.27,6.05,"Sasaki, Roki",624428,808963,,blocked_ball,,,,,13.0,,R,L,R,LAD,PIT,B,,,0,2,2025,-0.54,-0.39,-0.505492799864882,0.0754563845575799,,663698.0,663647.0,0,2,Top,,,,,,,5.378657580011738,-125.54338971564005,-7.276959707005876,-6.75613500583931,25.70189258976305,-35.043255124551585,2.984810627369,1.44371661837764,,,,87.6,531.0,7.1,778163,669257,518692,669242,571970,605141,624424,681624,606192,53.38,,,,,,,,13,3,Forkball,2,1,1,2,1,2,1,2,Standard,Standard,325.0,-0.005,0.015,,,,,-0.015,,1,-1,0.524,0.476,23,33,24,34,1,0,7.0,1.0,7.0,1.0,3.46,0.54,-0.54,43.1,,,,,
FO,2025-04-26,85.8,-2.25,6.1,"Sasaki, Roki",624428,808963,,swinging_strike,,,,,13.0,,R,L,R,LAD,PIT,S,,,0,1,2025,-0.32,-0.34,-0.032231271012018,1.0649657035844349,,663698.0,663647.0,0,2,Top,,,,,,,5.983555318635667,-124.72345065124154,-4.958399588961475,-4.578455886983211,26.49518991618019,-34.871670977942344,3.1,1.39,,,,86.8,393.0,7.1,778163,669257,518692,669242,571970,605141,624424,681624,606192,53.37,,,,,,,,13,2,Forkball,2,1,1,2,1,2,1,2,Standard,Standard,308.0,0.014,-0.053,69.4,7.8,3.234769392,,0.053,,1,-1,0.51,0.49,23,33,24,34,1,0,7.0,1.0,7.0,1.0,3.46,0.32,-0.32,47.7,20.868326405949507,-16.31539583496027,39.62740105729139,30.763749830462828,33.72722478495706
FF,2025-04-26,95.6,-2.35,6.06,"Sasaki, Roki",624428,808963,,called_strike,,,,,1.0,,R,L,R,LAD,PIT,S,,,0,0,2025,-1.11,1.12,-0.8183719021619498,2.741474162385415,,663698.0,663647.0,0,2,Top,,,,,,,6.641813035460072,-139.07732513265935,-5.763142407717723,-15.918670519099406,30.329879708848438,-16.45870109341273,3.13481830149152,1.43169740540494,,,,97.0,2127.0,7.0,778163,669257,518692,669242,571970,605141,624424,681624,606192,53.45,,,,,,,,13,1,4-Seam Fastball,2,1,1,2,1,2,1,2,Standard,Standard,229.0,0.008,-0.053,,,,,0.053,,1,-1,0.502,0.498,23,33,24,34,1,0,7.0,1.0,7.0,1.0,1.36,1.11,-1.11,41.8,,,,,
ST,2025-04-26,80.4,-2.29,6.11,"Sasaki, Roki",663647,808963,single,hit_into_play,,,,,6.0,Ke'Bryan Hayes singles on a line drive to left fielder Michael Conforto. Joey Bart to 2nd.,R,R,R,LAD,PIT,X,7.0,line_drive,0,0,2025,0.83,0.22,0.3994680892649431,2.214216889658564,,,663698.0,0,2,Top,102.96,97.59,,,,,4.417923718396743,-117.04172684111384,-2.4023286598866784,6.877350073148402,21.421117237044,-29.93144017234544,3.23,1.54,210.0,72.2,19.0,81.4,1899.0,6.9,778163,669257,518692,669242,571970,605141,624424,681624,606192,53.62,0.901,0.842,0.9,1.0,1.0,0.0,4.0,12,1,Sweeper,2,1,1,2,1,2,1,2,Standard,Strategic,40.0,-0.061,0.469,69.8,7.4,,0.976,-0.469,88.0,1,-1,0.563,0.437,23,28,24,28,1,0,7.0,1.0,7.0,1.0,3.3,-0.83,-0.83,46.5,16.039468987090952,-17.867420923307606,23.469455694218908,40.060795394788144,50.14505136262444
FF,2025-04-26,95.5,-2.44,6.02,"Sasaki, Roki",663698,808963,walk,ball,,,,,11.0,Joey Bart walks.,R,R,R,LAD,PIT,B,,,3,1,2025,-0.71,1.3,-1.0165142547402892,3.734469015463703,,,,0,2,Top,,,,,,,5.432775294862741,-139.01517977555784,-3.389613865171516,-10.3932403835571,30.887275958219075,-14.702491556465215,3.43141797496002,1.53337193255188,,,,97.1,2007.0,7.1,778163,669257,518692,669242,571970,605141,624424,681624,606192,53.36,,0.691497,0.7,1.0,0.0,0.0,,11,5,4-Seam Fastball,2,1,1,2,1,2,1,2,Standard,Standard,222.0,-0.024,0.262,,,,,-0.262,,1,-1,0.587,0.413,23,28,24,29,1,0,7.0,2.0,7.0,1.0,1.19,0.71,0.71,44.2,,,,,
FF,2025-04-26,95.6,-2.36,6.16,"Sasaki, Roki",663698,808963,,ball,,,,,11.0,,R,R,R,LAD,PIT,B,,,2,1,2025,-0.63,1.32,-0.9924211104600144,4.185564421112908,,,,0,2,Top,,,,,,,5.091739963669901,-139.21014172557582,-2.6071149174031945,-9.277329322198575,29.922349627008508,-14.653419519032193,3.46677408734095,1.56921585136658,,,,97.1,2220.0,7.0,778163,669257,518692,669242,571970,605141,624424,681624,606192,53.47,,,,,,,,11,4,4-Seam Fastball,2,1,1,2,1,2,1,2,Standard,Standard,220.0,-0.012,0.134,,,,,-0.134,,1,-1,0.599,0.401,23,28,24,29,1,0,7.0,2.0,7.0,1.0,1.17,0.63,0.63,43.2,,,,,
ST,2025-04-26,82.6,-2.24,6.13,"Sasaki, Roki",663698,808963,,ball,,,,,14.0,,R,R,R,LAD,PIT,B,,,1,1,2025,0.86,-0.62,1.4561422266477344,1.1523543587000549,,,,0,2,Top,,,,,,,6.828969384205481,-120.00390717243243,-3.5274271645988726,6.584196018623242,27.503199797219825,-37.48061907574576,3.50662834538662,1.54727787335669,,,,83.1,1866.0,7.1,778163,669257,518692,669242,571970,605141,624424,681624,606192,53.39,,,,,,,,11,3,Sweeper,2,1,1,2,1,2,1,2,Standard,Standard,29.0,-0.005,0.055,,,,,-0.055,,1,-1,0.604,0.396,23,28,24,29,1,0,7.0,2.0,7.0,1.0,4.02,-0.86,-0.86,47.1,,,,,
ST,2025-04-26,84.0,-2.16,6.13,"Sasaki, Roki",663698,808963,,ball,,,,,14.0,,R,R,R,LAD,PIT,B,,,0,1,2025,0.75,-0.37,1.246857326438701,0.3033780022743948,,,,0,2,Top,,,,,,,6.497756937128179,-122.00796832027557,-6.388036436402267,6.1010913514338485,25.150997120763183,-34.744972994229165,3.32853459219112,1.5279579178758,,,,85.1,1909.0,7.2,778163,669257,518692,669242,571970,605141,624424,681624,606192,53.26,,,,,,,,11,2,Sweeper,2,1,1,2,1,2,1,2,Standard,Standard,32.0,-0.003,0.031,,,,,-0.031,,1,-1,0.607,0.393,23,28,24,29,1,0,7.0,2.0,7.0,1.0,3.63,-0.75,-0.75,48.4,,,,,
FF,2025-04-26,97.1,-2.33,6.15,"Sasaki, Roki",663698,808963,,called_strike,,,,,6.0,,R,R,R,LAD,PIT,S,,,0,0,2025,-0.93,1.15,0.282819985981032,2.6821006791266493,,,,0,2,Top,,,,,,,9.26025574273283,-141.0918672804391,-6.468240956905485,-14.428135941861669,30.860530622897542,-15.509325131260615,3.54177030799061,1.61172927172937,,,,98.6,2113.0,7.1,778163,669257,518692,669242,571970,605141,624424,681624,606192,53.38,,,,,,,,11,1,4-Seam Fastball,2,1,1,2,1,2,1,2,Standard,Standard,229.0,0.004,-0.039,,,,,0.039,,1,-1,0.603,0.397,23,28,24,29,1,0,7.0,2.0,7.0,1.0,1.27,0.93,0.93,42.0,,,,,
FF,2025-04-26,95.9,-2.52,6.12,"Sasaki, Roki",665839,808963,field_out,hit_into_play,,,,,1.0,Enmanuel Valdez flies out to center fielder Andy Pages.,R,L,R,LAD,PIT,X,8.0,fly_ball,2,2,2025,-0.79,1.3,-0.3498252249603061,2.8968419871525484,,,,2,1,Top,121.21,88.24,,,,,7.637624098446518,-139.47955985856848,-5.981657516314875,-11.972599686697398,29.16518632827014,-14.022592651174008,3.22,1.55,313.0,86.0,32.0,97.6,2028.0,7.1,778163,669257,518692,669242,571970,605141,624424,681624,606192,53.39,0.02,0.023,0.0,1.0,0.0,0.0,3.0,4,5,4-Seam Fastball,0,1,1,0,1,0,1,0,Infield shade,Standard,233.0,0.009,-0.224,68.2,6.6,,0.042,0.224,88.0,-1,1,0.439,0.561,23,26,24,27,1,0,7.0,1.0,7.0,1.0,1.17,0.79,-0.79,39.6,6.673110309019731,12.403525093008753,23.505944734482306,31.98350956869338,21.33102532186484
FO,2025-04-26,84.5,-2.28,6.14,"Sasaki, Roki",665839,808963,,ball,,,,,13.0,,R,L,R,LAD,PIT,B,,,1,2,2025,-0.18,-1.04,-0.6992498317492322,-0.3696124878738245,,,,2,1,Top,,,,,,,4.11833539548072,-122.83071548473404,-6.779326411216902,-2.667182247278057,25.91088871780236,-41.43146243294156,3.31189620347092,1.5768712759525,,,,85.7,417.0,7.3,778163,669257,518692,669242,571970,605141,624424,681624,606192,53.21,,,,,,,,4,4,Forkball,0,1,1,0,1,0,1,0,Infield shade,Standard,334.0,-0.002,0.042,,,,,-0.042,,-1,1,0.441,0.559,23,26,24,27,1,0,7.0,1.0,7.0,1.0,4.26,0.18,-0.18,46.6,,,,,
ST,2025-04-26,83.0,-2.38,6.12,"Sasaki, Roki",665839,808963,,swinging_strike,,,,,13.0,,R,L,R,LAD,PIT,S,,,1,1,2025,1.22,-0.61,-0.1163240781535877,1.3774833602232492,,,,2,1,Top,,,,,,,2.818093177238061,-120.8777471481032,-3.190784337024909,11.344181305912944,25.082035009667727,-37.64468306751047,3.22,1.55,,,,84.0,1793.0,7.0,778163,669257,518692,669242,571970,605141,624424,681624,606192,53.46,,,,,,,,4,3,Sweeper,0,1,1,0,1,0,1,0,Infield shade,Standard,40.0,0.002,-0.062,72.1,8.6,3.041022156,,0.062,,-1,1,0.439,0.561,23,26,24,27,1,0,7.0,1.0,7.0,1.0,3.93,-1.22,1.22,50.9,20.62376913445108,-41.20796802953703,25.95309320753119,30.93264416857177,51.53860820158955
ST,2025-04-26,81.4,-2.48,6.13,"Sasaki, Roki",665839,808963,,called_strike,,,,,13.0,,R,L,R,LAD,PIT,S,,,1,0,2025,0.9,-0.29,-0.958671638514976,2.0734770681212704,,,,2,1,Top,,,,,,,1.6916640784058106,-118.64117681932564,-1.962600564093762,8.20349060613624,23.060552964334438,-34.78474712027808,3.1474975858369,1.47721544994571,,,,82.3,1818.0,6.8,778163,669257,518692,669242,571970,605141,624424,681624,606192,53.66,,,,,,,,4,2,Sweeper,0,1,1,0,1,0,1,0,Infield shade,Standard,45.0,0.002,-0.054,,,,,0.054,,-1,1,0.437,0.563,23,26,24,27,1,0,7.0,1.0,7.0,1.0,3.73,-0.9,0.9,43.7,,,,,
FF,2025-04-26,95.9,-2.49,6.11,"Sasaki, Roki",665839,808963,,ball,,,,,13.0,,R,L,R,LAD,PIT,B,,,0,0,2025,-0.77,1.36,-1.217984594389491,2.409045765974853,,,,2,1,Top,,,,,,,5.187706883143557,-139.442800487611,-7.355984719884913,-11.224353706388056,29.9779500291353,-13.011566688317064,3.32045395004838,1.52051990482423,,,,97.3,2124.0,7.0,778163,669257,518692,669242,571970,605141,624424,681624,606192,53.48,,,,,,,,4,1,4-Seam Fastball,0,1,1,0,1,0,1,0,Infield shade,Standard,224.0,-0.001,0.037,,,,,-0.037,,-1,1,0.438,0.562,23,26,24,27,1,0,7.0,1.0,7.0,1.0,1.12,0.77,-0.77,40.6,,,,,
FF,2025-04-26,96.9,-2.39,6.08,"Sasaki, Roki",457705,808963,field_out,hit_into_play,,,,,7.0,Andrew McCutchen lines out to right fielder Teoscar Hernández.,R,R,R,LAD,PIT,X,9.0,line_drive,1,0,2025,-0.83,0.99,-0.3394013360055053,1.9507317196366007,,,,1,1,Top,165.15,86.23,,,,,7.481991502092272,-140.84201759436644,-7.921178085402406,-12.642629628937264,27.20352150715001,-17.404715158493318,3.43,1.62,298.0,96.6,16.0,98.9,2007.0,7.1,778163,669257,518692,669242,571970,605141,624424,681624,606192,53.39,0.63,0.633,0.0,1.0,0.0,0.0,4.0,3,2,4-Seam Fastball,0,1,1,0,1,0,1,0,Infield shade,Standard,229.0,0.016,-0.293,,,,0.849,0.293,96.6,-1,1,0.422,0.578,23,38,24,39,1,0,7.0,1.0,7.0,1.0,1.41,0.83,0.83,42.6,,,,,
FF,2025-04-26,96.4,-2.46,6.15,"Sasaki, Roki",457705,808963,,ball,,,,,11.0,,R,R,R,LAD,PIT,B,,,0,0,2025,-1.22,1.27,-2.180577671859224,3.3087758980680078,,,,1,1,Top,,,,,,,3.5842953431015263,-140.28915830710525,-4.8888729335218,-16.94662316131795,33.32697408863888,-14.563319617938872,3.49393678800352,1.65416946143641,,,,97.4,2176.0,7.0,778163,669257,518692,669242,571970,605141,624424,681624,606192,53.52,,,,,,,,3,1,4-Seam Fastball,0,1,1,0,1,0,1,0,Standard,Standard,229.0,-0.002,0.039,,,,,-0.039,,-1,1,0.424,0.576,23,38,24,39,1,0,7.0,1.0,7.0,1.0,1.2,1.22,1.22,41.9,,,,,
FF,2025-04-26,97.3,-2.33,6.14,"Sasaki, Roki",668804,808963,field_out,hit_into_play,,,,,13.0,Bryan Reynolds flies out to left fielder Michael Conforto.,R,L,R,LAD,PIT,X,7.0,fly_ball,1,0,2025,-0.87,1.18,-0.871117978061528,2.257107508004602,,,,0,1,Top,67.98,84.25,,,,,5.988529336353362,-141.44194317155407,-7.680223737964649,-13.074784961022392,32.94067108452112,-14.751241365097773,3.26,1.54,318.0,92.5,37.0,98.4,2082.0,7.0,778163,669257,518692,669242,571970,605141,624424,681624,606192,53.47,0.041,0.068,0.0,1.0,0.0,0.0,3.0,2,2,4-Seam Fastball,0,1,1,0,1,0,1,0,Infield shade,Standard,227.0,0.023,-0.301,72.5,6.9,,0.122,0.301,92.5,-1,1,0.401,0.599,23,30,24,30,1,0,7.0,1.0,7.0,1.0,1.24,0.87,-0.87,40.8,13.717952049466362,7.888375220011243,35.60865963071458,43.233100587008536,26.05710436143697
FF,2025-04-26,96.6,-2.42,6.13,"Sasaki, Roki",668804,808963,,ball,,,,,13.0,,R,L,R,LAD,PIT,B,,,0,0,2025,-0.76,1.2,-1.0393209664744432,1.8676619156021657,,,,0,1,Top,,,,,,,5.489414301793497,-140.30254966856057,-8.604087523252716,-11.26690936737249,33.47693351971395,-14.469167733853274,3.12808518391462,1.60773796829685,,,,97.7,2116.0,7.1,778163,669257,518692,669242,571970,605141,624424,681624,606192,53.38,,,,,,,,2,1,4-Seam Fastball,0,1,1,0,1,0,1,0,Infield shade,Standard,223.0,-0.003,0.041,,,,,-0.041,,-1,1,0.404,0.596,23,30,24,30,1,0,7.0,1.0,7.0,1.0,1.26,0.76,-0.76,42.4,,,,,
FF,2025-04-26,96.8,-2.38,6.2,"Sasaki, Roki",665833,808963,home_run,hit_into_play,,,,,11.0,Oneil Cruz homers (8) on a fly ball to center field.,R,L,R,LAD,PIT,X,,fly_ball,0,0,2025,-0.85,1.14,-1.1799775850861631,3.580339453813191,,,,0,1,Top,108.19,38.87,,,,,5.216714376479857,-140.9966442781298,-4.153243140986339,-12.518577074028672,29.108707872359066,-16.239208587904667,3.78000228589547,1.71000270808759,399.0,102.3,27.0,98.5,2064.0,7.0,778163,669257,518692,669242,571970,605141,624424,681624,606192,53.5,0.585,1.1219555555555558,2.0,1.0,0.0,3.0,6.0,1,1,4-Seam Fastball,0,0,0,0,1,0,1,0,Infield shade,Standard,227.0,-0.096,1.114,80.4,7.3,,2.182,-1.114,102.3,0,0,0.5,0.5,23,26,24,27,1,0,7.0,1.0,7.0,1.0,1.27,0.85,-0.85,43.4,7.788535255632435,-0.2678654364860574,21.77655853890531,45.470691353070045,30.047394691648734
FF,2025-04-19,94.9,-2.28,6.1,"Sasaki, Roki",666969,808963,grounded_into_double_play,hit_into_play,,,,,4.0,"Adolis García grounds into a double play, shortstop Mookie Betts to second baseman Tommy Edman to first baseman Freddie Freeman. Josh Smith out at 2nd. Adolis García out at 1st.",R,R,R,TEX,LAD,X,6.0,ground_ball,0,1,2025,-0.77,1.26,-0.4903822252250959,2.760415614255635,,,669701.0,1,6,Bot,109.76,148.64,,,,,6.489011980771316,-137.91276734506133,-5.89285331669622,-11.3368510962181,33.40847366101041,-15.008036492716268,3.33,1.59,102.0,87.4,8.0,95.6,2065.0,7.0,778251,669257,518692,669242,571970,605141,624424,681624,606192,53.52,0.461,0.417,0.0,1.0,0.0,0.0,4.0,45,2,4-Seam Fastball,2,3,2,3,3,2,2,3,Infield shade,Standard,225.0,-0.085,-0.278,69.6,6.8,,0.497,0.278,88.0,-1,-1,0.393,0.393,23,32,24,32,3,2,7.0,1.0,7.0,1.0,1.3,0.77,0.77,47.1,12.488744214893192,0.0565814136428743,27.05779997997508,27.110390543453946,30.53771506631229
FF,2025-04-19,95.8,-2.32,6.07,"Sasaki, Roki",666969,808963,,foul,,,,,2.0,,R,R,R,TEX,LAD,S,,,0,0,2025,-0.72,1.21,-0.1007355988876559,3.049428517549499,,,669701.0,1,6,Bot,,,,,,,7.596973155419518,-139.25269095519425,-5.183617309910602,-11.056826446274288,29.94703832266297,-15.433514031362456,3.33,1.59,141.0,82.4,69.0,97.3,2004.0,7.1,778251,669257,518692,669242,571970,605141,624424,681624,606192,53.41,,,,,,,,45,1,4-Seam Fastball,2,3,2,3,3,2,2,3,Infield shade,Standard,226.0,-0.008,-0.04,70.7,6.7,,,0.04,88.0,-1,-1,0.401,0.401,23,32,24,32,3,2,7.0,1.0,7.0,1.0,1.27,0.72,0.72,43.5,15.851982280288016,12.329358085770572,22.113291143545464,32.28967372087524,27.762805899869637
FF,2025-04-19,95.4,-2.69,5.94,"Sasaki, Roki",669701,808963,walk,ball,,,,,13.0,Josh Smith walks.,R,L,R,TEX,LAD,B,,,3,1,2025,-0.86,0.97,-0.9254569449058136,1.889883468285123,,,,1,6,Bot,,,,,,,6.689512674511657,-138.66691854965595,-7.328752875799133,-12.588729448675736,28.66983421330768,-18.17868271590861,3.29959154230813,1.50250367998305,,,,97.0,1910.0,7.1,778251,669257,518692,669242,571970,605141,624424,681624,606192,53.39,,0.691497,0.7,1.0,0.0,0.0,,44,5,4-Seam Fastball,2,3,2,3,3,2,2,3,Strategic,Standard,226.0,0.027,0.253,,,,,-0.253,,-1,-1,0.374,0.374,23,27,24,28,3,2,7.0,6.0,7.0,1.0,1.52,0.86,-0.86,41.9,,,,,
ST,2025-04-19,82.5,-2.54,6.13,"Sasaki, Roki",669701,808963,,ball,,,,,13.0,,R,L,R,TEX,LAD,B,,,2,1,2025,1.02,-0.53,-0.2637886195901998,0.914159958101652,,,,1,6,Bot,,,,,,,3.215275412457788,-120.09874278532324,-4.359926301332019,9.270539053731827,23.67317418658611,-36.65844866467615,3.25734799336986,1.54904760093734,,,,83.5,1785.0,7.0,778251,669257,518692,669242,571970,605141,624424,681624,606192,53.53,,,,,,,,44,4,Sweeper,2,3,2,3,3,2,2,3,Standard,Standard,44.0,0.013,0.121,,,,,-0.121,,-1,-1,0.361,0.361,23,27,24,28,3,2,7.0,6.0,7.0,1.0,3.88,-1.02,1.02,44.9,,,,,
ST,2025-04-19,81.2,-2.58,6.1,"Sasaki, Roki",669701,808963,,ball,,,,,13.0,,R,L,R,TEX,LAD,B,,,1,1,2025,0.98,-0.28,-1.3322087745429414,2.183918128507959,,,,1,6,Bot,,,,,,,0.9405690665723968,-118.29361772761008,-1.6286079439623948,9.001675057407825,22.659545702472982,-34.727265938368426,3.3175479684153,1.55028979987362,,,,82.2,1917.0,6.9,778251,669257,518692,669242,571970,605141,624424,681624,606192,53.57,,,,,,,,44,3,Sweeper,2,3,2,3,3,2,2,3,Standard,Standard,57.0,0.006,0.055,,,,,-0.055,,-1,-1,0.355,0.355,23,27,24,28,3,2,7.0,6.0,7.0,1.0,3.73,-0.98,0.98,48.5,,,,,
FO,2025-04-19,83.8,-2.48,6.11,"Sasaki, Roki",669701,808963,,ball,,,,,11.0,,R,L,R,TEX,LAD,B,,,0,1,2025,0.34,-0.02,-2.6002638851282778,3.955094063013302,,,,1,6,Bot,,,,,,,-0.9669419174022053,-121.9314115280125,1.5538576921011862,3.5509344472013917,26.09507070876195,-32.934032614573375,3.24107645978955,1.53264664100071,,,,84.5,418.0,6.9,778251,669257,518692,669242,571970,605141,624424,681624,606192,53.57,,,,,,,,44,2,Forkball,2,3,2,3,3,2,2,3,Standard,Standard,308.0,0.003,0.029,,,,,-0.029,,-1,-1,0.352,0.352,23,27,24,28,3,2,7.0,6.0,7.0,1.0,3.29,-0.34,0.34,43.4,,,,,
FF,2025-04-19,95.1,-2.59,6.04,"Sasaki, Roki",669701,808963,,foul,,,,,13.0,,R,L,R,TEX,LAD,S,,,0,0,2025,-1.24,0.98,-0.9481521390061732,2.080765035101942,,,,1,6,Bot,,,,,,,7.1642560055628,-138.19412044296283,-7.012589865545365,-17.46602973394441,29.858953478964448,-18.19270558169979,3.18,1.45,111.0,67.3,11.0,96.3,2024.0,7.0,778251,669257,518692,669242,571970,605141,624424,681624,606192,53.5,,,,,,,,44,1,4-Seam Fastball,2,3,2,3,3,2,2,3,Standard,Standard,231.0,-0.004,-0.039,61.6,5.8,,,0.039,88.0,-1,-1,0.356,0.356,23,27,24,28,3,2,7.0,6.0,7.0,1.0,1.54,1.24,-1.24,40.7,-4.366072592036721,25.903033922778476,35.847355071521605,48.2281758564711,17.36769174821638
FF,2025-04-19,95.0,-2.59,6.08,"Sasaki, Roki",608369,808963,field_out,hit_into_play,,,,,1.0,Corey Seager flies out to center fielder Andy Pages.,R,L,R,TEX,LAD,X,8.0,fly_ball,0,1,2025,-0.97,1.18,-0.3819089633497829,3.1935316695384275,,,,0,6,Bot,96.24,61.64,,,,,8.04458400245649,-138.095543804256,-4.544211431179403,-14.267478607228083,33.3117430411623,-16.209972452830165,3.56,1.55,348.0,98.9,39.0,95.7,2049.0,7.0,778251,669257,518692,669242,571970,605141,624424,681624,606192,53.53,0.18,0.366,0.0,1.0,0.0,0.0,3.0,43,2,4-Seam Fastball,2,3,2,3,3,2,2,3,Infield shade,Standard,227.0,-0.034,-0.22,74.8,6.1,,0.719,0.22,98.9,-1,-1,0.39,0.39,23,31,24,31,3,2,7.0,1.0,7.0,1.0,1.36,0.97,-0.97,45.0,9.460993386929104,6.049081180003831,27.856824586014586,42.60987844238612,31.82572062533239
FO,2025-04-19,84.1,-2.37,6.19,"Sasaki, Roki",608369,808963,,called_strike,,,,,1.0,,R,L,R,TEX,LAD,S,,,0,0,2025,0.32,-0.41,-0.7621435054640087,2.9091859250496594,,,,0,6,Bot,,,,,,,3.125433817759502,-122.36600532450755,-0.2815822410477645,2.4149947994733174,28.137778540858086,-36.44472322436234,3.49224102182374,1.60381651941567,,,,84.5,475.0,6.9,778251,669257,518692,669242,571970,605141,624424,681624,606192,53.59,,,,,,,,43,1,Forkball,2,3,2,3,3,2,2,3,Infield shade,Standard,282.0,-0.006,-0.039,,,,,0.039,,-1,-1,0.396,0.396,23,31,24,31,3,2,7.0,1.0,7.0,1.0,3.68,-0.32,0.32,49.2,,,,,
ST,2025-04-19,81.8,-2.41,6.15,"Sasaki, Roki",543760,808963,field_out,hit_into_play,,,,,5.0,Marcus Semien flies out to left fielder Michael Conforto.,R,R,R,TEX,LAD,X,7.0,fly_ball,2,2,2025,0.87,-0.05,-0.1182570987666107,2.2868084266705844,,,543309.0,2,5,Bot,97.68,106.08,,,,,3.5467940996244938,-119.04067077793506,-2.0240679104577466,7.503927809905273,23.80327865881492,-32.510373169313176,3.32,1.61,243.0,92.0,52.0,82.9,1786.0,7.1,778251,669257,518692,669242,571970,605141,624424,681624,606192,53.4,0.01,0.013,0.0,1.0,0.0,0.0,3.0,39,5,Sweeper,2,3,2,3,3,2,2,3,Infield shade,Standard,53.0,-0.03,-0.216,,,,0.019,0.216,92.0,-1,-1,0.37,0.37,23,34,24,35,3,2,7.0,1.0,7.0,1.0,3.47,-0.87,-0.87,48.8,,,,,
FF,2025-04-19,96.9,-2.39,6.1,"Sasaki, Roki",543760,808963,,foul,,,,,1.0,,R,R,R,TEX,LAD,S,,,2,1,2025,-0.86,1.26,-0.6980399874536859,3.116244486790478,,,543309.0,2,5,Bot,,,,,,,6.569050323253359,-140.87263679721875,-5.361712965453577,-12.987988351429983,32.59762665841615,-14.361976618392006,3.32,1.61,199.0,80.7,55.0,98.1,2088.0,7.0,778251,669257,518692,669242,571970,605141,624424,681624,606192,53.45,,,,,,,,39,4,4-Seam Fastball,2,3,2,3,3,2,2,3,Infield shade,Standard,223.0,-0.008,-0.093,61.4,6.4,,,0.093,88.0,-1,-1,0.378,0.378,23,34,24,35,3,2,7.0,1.0,7.0,1.0,1.18,0.86,0.86,45.7,12.419106921405008,8.986628334210714,34.0606049410703,25.622963625342145,24.63958216875019
FF,2025-04-19,95.6,-2.36,6.03,"Sasaki, Roki",543760,808963,,called_strike,,,,,8.0,,R,R,R,TEX,LAD,S,,,2,0,2025,-0.84,1.35,0.0983223325179634,1.5684894078872345,,,543309.0,2,5,Bot,,,,,,,8.488708430156926,-138.68861812334168,-9.251961357718,-12.741683193602023,32.10027845895795,-12.794393277011377,3.32044215130496,1.67835121761707,,,,96.6,2207.0,7.1,778251,669257,518692,669242,571970,605141,624424,681624,606192,53.37,,,,,,,,39,3,4-Seam Fastball,2,3,2,3,3,2,2,3,Infield shade,Standard,229.0,-0.007,-0.044,,,,,0.044,,-1,-1,0.385,0.385,23,34,24,35,3,2,7.0,1.0,7.0,1.0,1.17,0.84,0.84,44.5,,,,,
FO,2025-04-19,83.5,-2.48,6.1,"Sasaki, Roki",543760,808963,,ball,,,,,13.0,,R,R,R,TEX,LAD,B,,,1,0,2025,0.01,-0.67,-1.503482616981837,1.921248396015216,,,543309.0,2,5,Bot,,,,,,,2.263924900187902,-121.49759173935216,-1.7917112507891222,-0.4290334630609895,27.02231247475785,-38.560944431398056,3.31987535399107,1.65205145697908,,,,84.2,437.0,7.0,778251,669257,518692,669242,571970,605141,624424,681624,606192,53.45,,,,,,,,39,2,Forkball,2,3,2,3,3,2,2,3,Infield shade,Standard,294.0,0.007,0.048,,,,,-0.048,,-1,-1,0.378,0.378,23,34,24,35,3,2,7.0,1.0,7.0,1.0,3.97,-0.01,-0.01,49.5,,,,,
FO,2025-04-19,84.4,-2.37,6.11,"Sasaki, Roki",543760,808963,,ball,,,,,11.0,,R,R,R,TEX,LAD,B,,,0,0,2025,-0.28,-0.24,-1.8978895541698335,2.9512473374967816,,,543309.0,2,5,Bot,,,,,,,1.678666266140233,-122.89690572320914,-0.43533176082872,-3.1777636287601645,26.67979541369976,-34.739321974253485,3.30590274736659,1.68926857033451,,,,85.6,438.0,7.2,778251,669257,518692,669242,571970,605141,624424,681624,606192,53.29,,,,,,,,39,1,Forkball,2,3,2,3,3,2,2,3,Infield shade,Standard,309.0,0.003,0.035,,,,,-0.035,,-1,-1,0.375,0.375,23,34,24,35,3,2,7.0,1.0,7.0,1.0,3.46,0.28,0.28,47.9,,,,,
ST,2025-04-19,80.7,-2.51,6.06,"Sasaki, Roki",665750,808963,field_out,hit_into_play,,,,,7.0,Leody Taveras flies out to left fielder Michael Conforto.,R,L,R,TEX,LAD,X,7.0,fly_ball,1,1,2025,1.1,-0.05,-0.5132644931375923,1.833996412942286,,,543309.0,1,5,Bot,84.05,73.99,,,,,2.380100559817302,-117.48729795649794,-2.672209079661981,9.731705428281774,22.50350438901009,-32.347069014874,3.57,1.69,326.0,94.0,37.0,81.7,1759.0,7.0,778251,669257,518692,669242,571970,605141,624424,681624,606192,53.52,0.056,0.088,0.0,1.0,0.0,0.0,3.0,38,3,Sweeper,2,3,2,3,3,2,2,3,Standard,Strategic,58.0,-0.043,-0.235,71.0,7.7,,0.163,0.235,94.0,-1,-1,0.418,0.418,23,26,24,27,2,1,7.0,1.0,7.0,3.0,3.55,-1.1,1.1,45.2,6.74479171184589,-3.286196163457524,34.12127078821992,41.6014418792727,35.679048050608586
FO,2025-04-19,84.7,-2.3,6.09,"Sasaki, Roki",665750,808963,,blocked_ball,,,,,14.0,,R,L,R,TEX,LAD,B,,,0,1,2025,0.45,0.62,0.9592153143988428,0.792048335736947,,,543309.0,1,5,Bot,,,,,,,6.804312395588747,-122.990695523004,-7.251758949073769,3.030475256424494,27.67778063618824,-24.548861008658847,3.61898266084361,1.74242732967738,,,,85.4,486.0,7.2,778251,669257,518692,669242,571970,605141,624424,681624,606192,53.33,,,,,,,,38,2,Forkball,2,3,2,3,3,2,2,3,Standard,Strategic,333.0,0.005,0.019,,,,,-0.019,,-1,-1,0.413,0.413,23,26,24,27,2,1,7.0,1.0,7.0,3.0,2.61,-0.45,0.45,46.5,,,,,
FO,2025-04-19,83.4,-2.36,6.08,"Sasaki, Roki",665750,808963,,called_strike,,,,,1.0,,R,L,R,TEX,LAD,S,,,0,0,2025,0.54,0.22,-0.4675355827208617,3.340063880870719,,,543309.0,1,5,Bot,,,,,,,3.337253305742014,-121.3849874380856,-0.1803350670632389,4.516902516543817,27.03514736934505,-30.255379583535195,3.63163225896017,1.75470818107214,,,,83.9,431.0,6.9,778251,669257,518692,669242,571970,605141,624424,681624,606192,53.56,,,,,,,,38,1,Forkball,2,3,2,3,3,2,2,3,Standard,Strategic,339.0,-0.007,-0.04,,,,,0.04,,-1,-1,0.42,0.42,23,26,24,27,2,1,7.0,1.0,7.0,3.0,3.1,-0.54,0.54,47.4,,,,,
FF,2025-04-19,95.1,-2.51,6.03,"Sasaki, Roki",543309,808963,single,hit_into_play,,,,,3.0,Kyle Higashioka singles on a ground ball to left fielder Michael Conforto.,R,R,R,TEX,LAD,X,7.0,ground_ball,0,0,2025,-0.85,1.02,0.3283991754165936,3.13145158392848,,,,1,5,Bot,69.18,101.64,,,,,9.485503717602226,-138.19478218047576,-4.262362905412094,-13.093717627886456,31.711417378307434,-18.33620782229034,3.44,1.61,133.0,99.7,7.0,96.2,2004.0,7.1,778251,669257,518692,669242,571970,605141,624424,681624,606192,53.43,0.613,0.574,0.9,1.0,1.0,0.0,4.0,37,1,4-Seam Fastball,2,3,2,3,3,2,2,3,Infield shade,Standard,231.0,0.038,0.414,73.4,7.0,,0.703,-0.414,99.7,-1,-1,0.382,0.382,23,35,24,35,2,1,7.0,2.0,7.0,3.0,1.51,0.85,0.85,41.7,14.306159799050908,-6.603777879014511,25.643192858958688,37.27870639318763,31.35834699168283
FO,2025-04-19,87.0,-2.33,6.14,"Sasaki, Roki",687957,808963,strikeout,swinging_strike_blocked,,,,,14.0,Dustin Harris strikes out swinging.,R,L,R,TEX,LAD,S,2.0,,1,2,2025,-0.71,-0.19,0.2846503594008689,0.6633665742256798,,,,0,5,Bot,,,,,,,7.850649962461508,-126.32222771207452,-6.5678224622906685,-9.252042836349466,28.064644921992087,-32.96622821474971,3.467,1.589,,,,88.0,562.0,7.2,778251,669257,518692,669242,571970,605141,624424,681624,606192,53.29,,0.0,0.0,1.0,0.0,0.0,,36,4,Forkball,2,3,2,3,3,2,2,3,Infield shade,Standard,285.0,-0.023,-0.189,66.3,7.6,0.852796248,,0.189,,-1,-1,0.405,0.405,23,25,24,26,2,1,7.0,1.0,7.0,1.0,3.24,0.71,-0.71,47.7,22.119962292782954,-18.594985250882495,50.07642095268434,28.584163571263822,41.45360671185784
ST,2025-04-19,81.0,-2.45,6.1,"Sasaki, Roki",687957,808963,,swinging_strike,,,,,8.0,,R,L,R,TEX,LAD,S,,,1,1,2025,0.77,-0.04,-0.1482858288759644,2.0253614065242704,,,,0,5,Bot,,,,,,,3.70709832576418,-117.88786304712164,-2.3363278694638816,6.3563166801564215,24.639733058418575,-32.29523198398573,3.467,1.589,,,,81.5,1889.0,6.9,778251,669257,518692,669242,571970,605141,624424,681624,606192,53.64,,,,,,,,36,3,Sweeper,2,3,2,3,3,2,2,3,Standard,Standard,35.0,-0.008,-0.061,72.0,7.6,1.96317996,,0.061,,-1,-1,0.413,0.413,23,25,24,26,2,1,7.0,1.0,7.0,1.0,3.54,-0.77,0.77,45.4,34.434613517951895,-24.21899594314172,39.41060879308808,35.77166397563335,46.01955246761581
FF,2025-04-19,94.4,-2.55,5.91,"Sasaki, Roki",687957,808963,,foul,,,,,9.0,,R,L,R,TEX,LAD,S,,,1,0,2025,-1.1,1.06,0.8004855641809769,1.962661989806023,,,,0,5,Bot,,,,,,,11.266931936345166,-136.7707470494043,-6.919834698492495,-16.372543466976833,33.05642017227988,-17.466788625237996,3.467,1.589,394.0,108.2,38.0,94.9,2180.0,7.0,778251,669257,518692,669242,571970,605141,624424,681624,606192,53.48,,,,,,,,36,2,4-Seam Fastball,2,3,2,3,3,2,2,3,Standard,Standard,224.0,-0.008,-0.05,74.4,8.0,,,0.05,108.2,-1,-1,0.421,0.421,23,25,24,26,2,1,7.0,1.0,7.0,1.0,1.54,1.1,-1.1,40.2,29.43957882440365,-26.17429183448245,46.627002482576,24.031568128286235,44.34107590805485
FO,2025-04-19,82.5,-2.4,6.14,"Sasaki, Roki",687957,808963,,ball,,,,,11.0,,R,L,R,TEX,LAD,B,,,0,0,2025,-0.24,-0.41,-2.6224200264940927,4.242119426724504,,,,0,5,Bot,,,,,,,-0.0457611035757906,-119.92755371778756,3.157273761493052,-2.272820586823223,26.933655698859468,-37.07124304889555,3.49546448482342,1.67227128549121,,,,82.7,492.0,6.9,778251,669257,518692,669242,571970,605141,624424,681624,606192,53.62,,,,,,,,36,1,Forkball,2,3,2,3,3,2,2,3,Standard,Standard,333.0,0.006,0.041,,,,,-0.041,,-1,-1,0.415,0.415,23,25,24,26,2,1,7.0,1.0,7.0,1.0,3.81,0.24,-0.24,46.9,,,,,
FF,2025-04-19,95.9,-2.37,6.08,"Sasaki, Roki",673962,808963,field_out,hit_into_play,,,,,8.0,Josh Jung lines out sharply to right fielder Teoscar Hernández.,R,R,R,TEX,LAD,X,9.0,line_drive,3,2,2025,-0.94,1.12,-0.1078904418507115,2.3342961059806573,,,,2,4,Bot,197.42,76.69,,,,,8.24332819293043,-139.18788367151006,-6.845566528779732,-14.12035439424772,33.56122244738085,-16.266219788903413,3.72,1.75,344.0,103.2,23.0,97.0,2083.0,7.2,778251,669257,518692,669242,571970,605141,624424,681624,606192,53.29,0.571,1.012951219512195,0.0,1.0,0.0,0.0,6.0,32,6,4-Seam Fastball,2,3,2,3,3,2,2,3,Infield shade,Standard,227.0,-0.016,-0.328,70.4,6.7,,1.928,0.328,103.2,-1,-1,0.378,0.378,23,27,24,27,2,1,7.0,1.0,7.0,1.0,1.39,0.94,0.94,42.9,7.415397100437863,11.95768231489455,40.39545830467914,33.0684048065661,25.50799444556657
FF,2025-04-19,95.2,-2.54,6.04,"Sasaki, Roki",673962,808963,,foul,,,,,4.0,,R,R,R,TEX,LAD,S,,,3,1,2025,-0.62,1.23,-0.5886461036650145,2.644600247146058,,,,2,4,Bot,,,,,,,6.621123815177473,-138.3797392483853,-6.06896543609072,-9.558770475339092,32.701867268853576,-15.170583429553233,3.72,1.75,135.0,77.7,9.0,96.3,2098.0,7.1,778251,669257,518692,669242,571970,605141,624424,681624,606192,53.41,,,,,,,,32,5,4-Seam Fastball,2,3,2,3,3,2,2,3,Infield shade,Standard,227.0,-0.004,-0.086,69.2,6.3,,,0.086,88.0,-1,-1,0.382,0.382,23,27,24,27,2,1,7.0,1.0,7.0,1.0,1.3,0.62,0.62,42.9,1.22166116436094,13.200298624635463,44.2461692415276,28.63934650003792,23.61323920439216
FF,2025-04-19,95.7,-2.46,5.97,"Sasaki, Roki",673962,808963,,ball,,,,,14.0,,R,R,R,TEX,LAD,B,,,2,1,2025,-0.88,1.14,1.0035910659048604,0.3201622432767601,,,,2,4,Bot,,,,,,,11.27709545017693,-138.37898814915366,-11.93393546090248,-13.88469207903087,32.01148861613955,-14.867862782356974,3.74207866991662,1.81613736632545,,,,96.7,2030.0,7.3,778251,669257,518692,669242,571970,605141,624424,681624,606192,53.21,,,,,,,,32,4,4-Seam Fastball,2,3,2,3,3,2,2,3,Standard,Standard,225.0,0.004,0.117,,,,,-0.117,,-1,-1,0.378,0.378,23,27,24,27,2,1,7.0,1.0,7.0,1.0,1.39,0.88,0.88,43.2,,,,,
ST,2025-04-19,82.3,-2.4,6.11,"Sasaki, Roki",673962,808963,,ball,,,,,14.0,,R,R,R,TEX,LAD,B,,,1,1,2025,0.76,-0.43,0.0733388791409683,0.9016068085705448,,,,2,4,Bot,,,,,,,4.207273005787368,-119.62387513241208,-4.370752961741685,6.222803423098086,26.75747718053015,-35.5079491050838,3.7082537435469,1.81171046186566,,,,82.8,2082.0,7.1,778251,669257,518692,669242,571970,605141,624424,681624,606192,53.44,,,,,,,,32,3,Sweeper,2,3,2,3,3,2,2,3,Standard,Standard,46.0,0.003,0.053,,,,,-0.053,,-1,-1,0.375,0.375,23,27,24,27,2,1,7.0,1.0,7.0,1.0,3.85,-0.76,-0.76,47.5,,,,,
ST,2025-04-19,83.0,-2.43,6.12,"Sasaki, Roki",673962,808963,,ball,,,,,14.0,,R,R,R,TEX,LAD,B,,,0,1,2025,1.0,-0.41,1.6579629861563598,1.3179523087063254,,,,2,4,Bot,,,,,,,7.485530817667811,-120.61216828550263,-3.623750056973056,7.939379991020058,26.995554292192605,-35.55132078204374,3.74868534085556,1.82258537380613,,,,83.6,2027.0,7.1,778251,669257,518692,669242,571970,605141,624424,681624,606192,53.42,,,,,,,,32,2,Sweeper,2,3,2,3,3,2,2,3,Infield shade,Standard,43.0,0.001,0.027,,,,,-0.027,,-1,-1,0.374,0.374,23,27,24,27,2,1,7.0,1.0,7.0,1.0,3.77,-1.0,-1.0,43.2,,,,,
FO,2025-04-19,84.1,-2.28,6.09,"Sasaki, Roki",673962,808963,,called_strike,,,,,7.0,,R,R,R,TEX,LAD,S,,,0,0,2025,0.22,-0.51,-0.8256396007583046,2.1433974813560925,,,,2,4,Bot,,,,,,,2.9717173765949982,-122.409351714815,-1.6704700704683575,1.5519480788200808,27.75328052212335,-37.097973673300615,3.73915647923771,1.81270486089834,,,,84.8,487.0,7.1,778251,669257,518692,669242,571970,605141,624424,681624,606192,53.41,,,,,,,,32,1,Forkball,2,3,2,3,3,2,2,3,Standard,Standard,337.0,-0.002,-0.043,,,,,0.043,,-1,-1,0.376,0.376,23,27,24,27,2,1,7.0,1.0,7.0,1.0,3.77,-0.22,-0.22,45.6,,,,,
FF,2025-04-19,94.9,-2.53,5.95,"Sasaki, Roki",592626,808963,field_out,hit_into_play,,,,,13.0,"Joc Pederson grounds out, pitcher Roki Sasaki to first baseman Freddie Freeman.",R,L,R,TEX,LAD,X,1.0,ground_ball,2,0,2025,-1.1,0.96,-1.0639364666612272,2.115390342928807,,,,1,4,Bot,128.0,181.07,,,,,6.3645161307818565,-137.9708825603734,-6.576770180158546,-15.489886097631915,31.2828748836434,-18.578533211763027,3.5,1.66,10.0,88.0,-10.0,95.9,2075.0,6.9,778251,669257,518692,669242,571970,605141,624424,681624,606192,53.55,0.108,0.1,0.0,1.0,0.0,0.0,2.0,31,3,4-Seam Fastball,2,3,2,3,3,2,2,3,Standard,Standard,229.0,-0.032,-0.364,72.5,7.7,,0.127,0.364,88.0,-1,-1,0.408,0.408,23,33,24,33,2,1,7.0,1.0,7.0,3.0,1.58,1.1,-1.1,42.5,7.943298582369834,6.813894418947587,30.519601783510584,46.47881835648842,23.091453118165777
FF,2025-04-19,95.4,-2.41,6.04,"Sasaki, Roki",592626,808963,,ball,,,,,14.0,,R,L,R,TEX,LAD,B,,,1,0,2025,-0.7,1.29,1.8932622468248737,1.1220994892012728,,,,1,4,Bot,,,,,,,13.020579946127285,-138.01106109272894,-10.290178746175531,-11.84550041702981,30.44015745600018,-13.335862694750418,3.34206845117532,1.65995791674584,,,,96.3,2122.0,7.1,778251,669257,518692,669242,571970,605141,624424,681624,606192,53.37,,,,,,,,31,2,4-Seam Fastball,2,3,2,3,3,2,2,3,Standard,Standard,227.0,0.007,0.071,,,,,-0.071,,-1,-1,0.401,0.401,23,33,24,33,2,1,7.0,1.0,7.0,3.0,1.24,0.7,-0.7,41.7,,,,,
ST,2025-04-19,82.8,-2.36,6.08,"Sasaki, Roki",592626,808963,,ball,,,,,14.0,,R,L,R,TEX,LAD,B,,,0,0,2025,0.69,-0.21,0.9049722702195472,1.2264692938644486,,,,1,4,Bot,,,,,,,6.180973665688754,-120.37579626103218,-4.1896783650162535,5.399692732090115,24.35478246927417,-33.5412570214919,3.39601431329604,1.66201520587693,,,,83.6,2005.0,7.0,778251,669257,518692,669242,571970,605141,624424,681624,606192,53.52,,,,,,,,31,1,Sweeper,2,3,2,3,3,2,2,3,Standard,Standard,34.0,0.003,0.039,,,,,-0.039,,-1,-1,0.398,0.398,23,33,24,33,2,1,7.0,1.0,7.0,3.0,3.55,-0.69,0.69,44.0,,,,,
FF,2025-04-19,95.3,-2.29,6.21,"Sasaki, Roki",666969,808963,strikeout,swinging_strike,,,,,12.0,Adolis García strikes out swinging.,R,R,R,TEX,LAD,S,2.0,,0,2,2025,-0.91,1.23,0.8896023331642225,3.3564395672734557,,,,0,4,Bot,,,,,,,10.528858001336836,-138.29759796541603,-4.637376695314008,-14.025728220140724,31.835159887306688,-15.534102197710538,3.33,1.59,,,,96.3,2010.0,7.1,778251,669257,518692,669242,571970,605141,624424,681624,606192,53.41,,0.0,0.0,1.0,0.0,0.0,,30,4,4-Seam Fastball,2,3,2,3,3,2,2,3,Infield shade,Standard,226.0,-0.018,-0.165,68.5,6.7,0.644951544,,0.165,,-1,-1,0.416,0.416,23,32,24,32,2,1,7.0,1.0,7.0,1.0,1.3,0.91,0.91,46.6,4.743556976327877,23.10050452380598,19.9743006812348,42.16642277088342,17.305237209959177
FO,2025-04-19,86.3,-2.42,6.12,"Sasaki, Roki",666969,808963,,foul,,,,,14.0,,R,R,R,TEX,LAD,S,,,0,2,2025,0.1,-0.44,0.6608173540103194,0.7189078381971137,,,,0,4,Bot,,,,,,,7.2201932850606525,-125.36241426548548,-5.728251522918403,-0.5173586549429445,27.92384412591849,-35.68145298667861,3.33,1.59,1.0,34.9,-33.0,87.1,440.0,7.1,778251,669257,518692,669242,571970,605141,624424,681624,606192,53.35,,,,,,,,30,3,Forkball,2,3,2,3,3,2,2,3,Infield shade,Standard,316.0,0.0,0.0,70.0,8.3,,,0.0,88.0,-1,-1,0.416,0.416,23,32,24,32,2,1,7.0,1.0,7.0,1.0,3.53,-0.1,-0.1,43.7,12.795982712326008,-18.045487605664444,36.842193248542834,39.913352532602765,39.0627020320944
FO,2025-04-19,85.2,-2.36,6.06,"Sasaki, Roki",666969,808963,,swinging_strike,,,,,14.0,,R,R,R,TEX,LAD,S,,,0,1,2025,-0.13,-0.43,0.8994720436370702,1.015034633573768,,,,0,4,Bot,,,,,,,8.066864414835957,-123.7548881194058,-4.690070498978905,-3.081765166232909,26.146274849456685,-35.79270654183239,3.33,1.59,,,,86.4,466.0,7.3,778251,669257,518692,669242,571970,605141,624424,681624,606192,53.23,,,,,,,,30,2,Forkball,2,3,2,3,3,2,2,3,Infield shade,Standard,317.0,-0.007,-0.055,70.6,8.4,8.276513256,,0.055,,-1,-1,0.423,0.423,23,32,24,32,2,1,7.0,1.0,7.0,1.0,3.6,0.13,0.13,43.8,15.458204985571264,-34.877195044705296,30.80863015092405,42.14046841289578,55.45565130899645
FF,2025-04-19,95.2,-2.46,6.11,"Sasaki, Roki",666969,808963,,called_strike,,,,,6.0,,R,R,R,TEX,LAD,S,,,0,0,2025,-0.71,1.08,0.3804082893703531,2.5077350855526923,,,,0,4,Bot,,,,,,,9.162912150225727,-138.30181120456913,-6.285396244065874,-11.16583026751488,31.533090449091123,-17.052575891280092,3.19215416762522,1.57105883610271,,,,96.4,1981.0,7.1,778251,669257,518692,669242,571970,605141,624424,681624,606192,53.39,,,,,,,,30,1,4-Seam Fastball,2,3,2,3,3,2,2,3,Infield shade,Standard,226.0,-0.005,-0.039,,,,,0.039,,-1,-1,0.428,0.428,23,32,24,32,2,1,7.0,1.0,7.0,1.0,1.45,0.71,0.71,43.8,,,,,
FF,2025-04-19,94.1,-2.48,6.03,"Sasaki, Roki",669701,808963,force_out,hit_into_play,,,,,2.0,"Josh Smith grounds into a force out, fielded by shortstop Mookie Betts. Corey Seager out at 2nd.",R,L,R,TEX,LAD,X,6.0,ground_ball,2,1,2025,-0.71,1.22,-0.0377319512242028,2.8888545750877435,,,608369.0,2,3,Bot,111.28,148.64,,,,,7.980151373526713,-136.68135251968832,-5.158984704413538,-10.62648967013298,30.893647166083923,-15.97472331189913,3.18,1.45,11.0,98.6,-14.0,95.0,2129.0,6.9,778251,669257,518692,669242,571970,605141,624424,681624,606192,53.55,0.205,0.186,0.0,1.0,0.0,0.0,2.0,22,4,4-Seam Fastball,2,0,2,0,0,2,2,0,Standard,Standard,228.0,-0.018,-0.309,64.5,5.4,,0.247,0.309,98.6,2,2,0.747,0.747,23,27,24,28,2,1,7.0,6.0,7.0,1.0,1.37,0.71,-0.71,42.0,-7.290064974863075,20.2108814490913,32.34368628172828,37.98707455651719,21.547806539430667
ST,2025-04-19,79.9,-2.39,6.13,"Sasaki, Roki",669701,808963,,ball,,,,,13.0,,R,L,R,TEX,LAD,B,,,1,1,2025,1.2,-0.45,-1.3721943713330813,2.2168146378953564,,,608369.0,2,3,Bot,,,,,,,-0.0260687546138164,-116.28052601427012,-0.9726712609699872,10.795455029253446,23.73717706228092,-36.28830774860128,3.18818498182551,1.49126674442609,,,,80.5,1852.0,6.9,778251,669257,518692,669242,571970,605141,624424,681624,606192,53.63,,,,,,,,22,3,Sweeper,2,0,2,0,0,2,2,0,Standard,Standard,46.0,0.002,0.054,,,,,-0.054,,2,2,0.745,0.745,23,27,24,28,2,1,7.0,6.0,7.0,1.0,4.05,-1.2,1.2,44.5,,,,,
FF,2025-04-19,93.5,-2.43,5.98,"Sasaki, Roki",669701,808963,,called_strike,,,,,1.0,,R,L,R,TEX,LAD,S,,,1,0,2025,-1.01,1.18,-0.7473094961963643,2.959003714870974,,,608369.0,2,3,Bot,,,,,,,6.633719236587017,-135.94904187719592,-4.642284393115031,-13.97608205185337,31.31197010331856,-16.764219932194838,3.21039424120301,1.51335106998938,,,,94.4,1989.0,7.0,778251,669257,518692,669242,571970,605141,624424,681624,606192,53.55,,,,,,,,22,2,4-Seam Fastball,2,0,2,0,0,2,2,0,Standard,Standard,227.0,-0.002,-0.05,,,,,0.05,,2,2,0.747,0.747,23,27,24,28,2,1,7.0,6.0,7.0,1.0,1.45,1.01,-1.01,42.0,,,,,
ST,2025-04-19,80.2,-2.38,6.04,"Sasaki, Roki",669701,808963,,blocked_ball,,,,,14.0,,R,L,R,TEX,LAD,B,,,0,0,2025,1.01,-0.24,1.2729653500219724,0.513861132119517,,,608369.0,2,3,Bot,,,,,,,6.21658705327901,-116.51251186853548,-5.010548866841393,7.866259226013383,24.257449398225354,-33.4834397730472,3.15924487031779,1.46183679047328,,,,80.5,2017.0,6.8,778251,669257,518692,669242,571970,605141,624424,681624,606192,53.66,,,,,,,,22,1,Sweeper,2,0,2,0,0,2,2,0,Standard,Standard,33.0,0.001,0.035,,,,,-0.035,,2,2,0.746,0.746,23,27,24,28,2,1,7.0,6.0,7.0,1.0,3.82,-1.01,1.01,46.7,,,,,
FF,2025-04-19,95.2,-2.55,6.05,"Sasaki, Roki",608369,808963,walk,ball,,,,,11.0,Corey Seager walks.,R,L,R,TEX,LAD,B,,,3,2,2025,-1.1,1.2,-1.2221337440347115,2.779197966111738,,,,2,3,Bot,,,,,,,6.061217197023615,-138.5024270595061,-5.70087592253326,-15.546781956250369,31.755339681856714,-15.684132414632662,3.61614906224381,1.65639462189785,,,,96.5,2165.0,7.1,778251,669257,518692,669242,571970,605141,624424,681624,606192,53.42,,0.691497,0.7,1.0,0.0,0.0,,21,8,4-Seam Fastball,2,0,2,0,0,2,2,0,Infield shade,Standard,225.0,0.008,0.259,,,,,-0.259,,2,2,0.738,0.738,23,31,24,31,2,1,7.0,1.0,7.0,1.0,1.32,1.1,-1.1,39.9,,,,,
ST,2025-04-19,80.9,-2.61,6.02,"Sasaki, Roki",608369,808963,,foul,,,,,8.0,,R,L,R,TEX,LAD,S,,,3,2,2025,0.97,-0.29,-0.1255065950175599,1.7622395790025172,,,,2,3,Bot,,,,,,,3.7462082688314062,-117.80333863910838,-2.285439305130534,8.250864081721199,23.461646794159964,-34.6515914922468,3.56,1.55,18.0,85.4,-5.0,82.0,1941.0,7.1,778251,669257,518692,669242,571970,605141,624424,681624,606192,53.38,,,,,,,,21,7,Sweeper,2,0,2,0,0,2,2,0,Infield shade,Standard,54.0,0.0,0.0,76.1,7.8,,,0.0,88.0,2,2,0.738,0.738,23,31,24,31,2,1,7.0,1.0,7.0,1.0,3.78,-0.97,0.97,42.9,21.69787078587388,-15.189663791598504,37.06143202122537,41.01498621620617,46.38172833676829
FO,2025-04-19,83.9,-2.44,6.05,"Sasaki, Roki",608369,808963,,ball,,,,,13.0,,R,L,R,TEX,LAD,B,,,2,2,2025,-0.6,-0.3,-1.838818415431572,2.33765036369673,,,,2,3,Bot,,,,,,,2.636278940991834,-122.13150837159152,-1.5072650456222585,-6.581035135019815,27.88778256156592,-35.02067936854862,3.59773612927548,1.66720994732002,,,,84.4,444.0,7.0,778251,669257,518692,669242,571970,605141,624424,681624,606192,53.52,,,,,,,,21,6,Forkball,2,0,2,0,0,2,2,0,Infield shade,Standard,326.0,0.002,0.104,,,,,-0.104,,2,2,0.736,0.736,23,31,24,31,2,1,7.0,1.0,7.0,1.0,3.58,0.6,-0.6,43.2,,,,,
FO,2025-04-19,83.9,-2.36,6.17,"Sasaki, Roki",608369,808963,,foul,,,,,7.0,,R,L,R,TEX,LAD,S,,,2,2,2025,-0.4,-0.01,-0.543926284893054,1.4550047647334172,,,,2,3,Bot,,,,,,,5.073237092581329,-121.95235806260446,-4.428935418182769,-5.14217181850296,27.53519187104828,-31.482890064866424,3.56,1.55,2.0,42.2,-41.0,84.6,437.0,7.1,778251,669257,518692,669242,571970,605141,624424,681624,606192,53.38,,,,,,,,21,5,Forkball,2,0,2,0,0,2,2,0,Infield shade,Standard,326.0,0.0,0.0,73.0,7.8,,,0.0,88.0,2,2,0.736,0.736,23,31,24,31,2,1,7.0,1.0,7.0,1.0,3.29,0.4,-0.4,46.0,20.445038298787267,-3.861337774167616,34.27210905129401,45.00532018561341,35.65289461867656
FO,2025-04-19,84.1,-2.36,6.14,"Sasaki, Roki",608369,808963,,ball,,,,,13.0,,R,L,R,TEX,LAD,B,,,1,2,2025,-0.3,-0.32,-0.8726366638372629,1.770655032621653,,,,2,3,Bot,,,,,,,4.099681301229169,-122.32371148198824,-3.075445830119228,-3.840970525793357,26.727689755424628,-34.89624866144217,3.47147064164316,1.548693516505,,,,84.8,439.0,7.0,778251,669257,518692,669242,571970,605141,624424,681624,606192,53.5,,,,,,,,21,4,Forkball,2,0,2,0,0,2,2,0,Infield shade,Standard,329.0,0.001,0.042,,,,,-0.042,,2,2,0.735,0.735,23,31,24,31,2,1,7.0,1.0,7.0,1.0,3.57,0.3,-0.3,42.8,,,,,
ST,2025-04-19,81.4,-2.53,6.01,"Sasaki, Roki",608369,808963,,foul,,,,,9.0,,R,L,R,TEX,LAD,S,,,1,1,2025,1.32,-0.13,0.4961925132802667,2.0393764479567027,,,,2,3,Bot,,,,,,,4.310008279191943,-118.44096268061246,-2.032352897479501,11.477161995239944,24.073955139589955,-33.241761791238865,3.56,1.55,4.0,83.7,-26.0,82.3,1955.0,7.0,778251,669257,518692,669242,571970,605141,624424,681624,606192,53.49,,,,,,,,21,3,Sweeper,2,0,2,0,0,2,2,0,Infield shade,Standard,51.0,-0.002,-0.062,70.8,7.6,,,0.062,88.0,2,2,0.737,0.737,23,31,24,31,2,1,7.0,1.0,7.0,1.0,3.59,-1.32,1.32,43.7,30.332144449437116,-19.0163406645267,34.13962553609861,33.219375645175205,47.86907651296632
FO,2025-04-19,83.7,-2.32,6.12,"Sasaki, Roki",608369,808963,,swinging_strike,,,,,8.0,,R,L,R,TEX,LAD,S,,,1,0,2025,0.23,-0.33,0.2331000777623188,1.501380906228162,,,,2,3,Bot,,,,,,,5.524109303721348,-121.70937934905363,-3.5615519353568312,1.0511434533620387,26.23981131691789,-34.8493815035234,3.56,1.55,,,,84.4,453.0,7.0,778251,669257,518692,669242,571970,605141,624424,681624,606192,53.48,,,,,,,,21,2,Forkball,2,0,2,0,0,2,2,0,Infield shade,Standard,308.0,-0.001,-0.054,71.7,7.8,0.718033764,,0.054,,2,2,0.738,0.738,23,31,24,31,2,1,7.0,1.0,7.0,1.0,3.61,-0.23,0.23,43.8,25.1169844982077,-22.923995849844744,35.7202581452964,35.60864334989914,45.93161297892026
FO,2025-04-19,84.8,-2.42,6.07,"Sasaki, Roki",608369,808963,,ball,,,,,14.0,,R,L,R,TEX,LAD,B,,,0,0,2025,-0.25,-0.66,0.4551856107310463,0.3569134010609116,,,,2,3,Bot,,,,,,,7.308543658507009,-123.08468145539769,-5.638948409145842,-4.162378473120646,27.44374765307289,-37.76963685949985,3.42551704440825,1.55124339880889,,,,85.4,452.0,7.1,778251,669257,518692,669242,571970,605141,624424,681624,606192,53.4,,,,,,,,21,1,Forkball,2,0,2,0,0,2,2,0,Infield shade,Standard,320.0,0.001,0.037,,,,,-0.037,,2,2,0.737,0.737,23,31,24,31,2,1,7.0,1.0,7.0,1.0,3.88,0.25,-0.25,43.6,,,,,
ST,2025-04-19,81.9,-2.39,6.19,"Sasaki, Roki",543760,808963,field_out,hit_into_play,,,,,6.0,"Marcus Semien grounds out, third baseman Max Muncy to first baseman Freddie Freeman.",R,R,R,TEX,LAD,X,5.0,ground_ball,0,1,2025,0.72,0.5,0.299642012685639,2.5226406166264743,,,,1,3,Bot,97.09,161.82,,,,,4.754759894971142,-119.14421799144118,-2.6212569107454087,5.737544647874169,25.956215961441487,-27.125627776338384,3.32,1.61,73.0,90.6,4.0,82.6,1894.0,7.1,778251,669257,518692,669242,571970,605141,624424,681624,606192,53.43,0.456,0.431,0.0,1.0,0.0,0.0,4.0,20,2,Sweeper,2,0,2,0,0,2,2,0,Infield shade,Standard,54.0,-0.01,-0.215,74.0,8.1,,0.532,0.215,90.6,2,2,0.747,0.747,23,34,24,35,2,1,7.0,1.0,7.0,1.0,2.94,-0.72,-0.72,45.4,26.818729023700502,-14.955709533980972,33.85689836279284,35.47854637182398,37.46803185123187
FO,2025-04-19,83.5,-2.41,6.13,"Sasaki, Roki",543760,808963,,called_strike,,,,,5.0,,R,R,R,TEX,LAD,S,,,0,0,2025,0.09,-0.06,-0.0751558221209954,2.5432023101842134,,,,1,3,Bot,,,,,,,5.258523426580455,-121.43827496882992,-1.6546134900223004,-0.2094026003278705,25.465633896618307,-32.621860112672174,3.41765626683741,1.69472810882148,,,,84.3,559.0,7.0,778251,669257,518692,669242,571970,605141,624424,681624,606192,53.48,,,,,,,,20,1,Forkball,2,0,2,0,0,2,2,0,Infield shade,Standard,5.0,-0.002,-0.039,,,,,0.039,,2,2,0.749,0.749,23,34,24,35,2,1,7.0,1.0,7.0,1.0,3.35,-0.09,-0.09,45.8,,,,,
FO,2025-04-19,83.6,-2.29,6.08,"Sasaki, Roki",665750,808963,field_out,hit_into_play,,,,,13.0,"Leody Taveras grounds out, second baseman Tommy Edman to first baseman Freddie Freeman.",R,L,R,TEX,LAD,X,4.0,ground_ball,0,1,2025,-0.53,-0.32,-0.918723587537014,1.6577604469880125,,,,0,3,Bot,137.38,152.8,,,,,4.276991926877421,-121.54116612840808,-3.06596448839342,-6.162533149330637,27.061862551715205,-34.87811340415478,3.57,1.69,6.0,71.9,-17.0,84.4,477.0,7.2,778251,669257,518692,669242,571970,605141,624424,681624,606192,53.35,0.062,0.061,0.0,1.0,0.0,0.0,2.0,19,2,Forkball,2,0,2,0,0,2,2,0,Standard,Standard,338.0,-0.013,-0.22,69.8,8.3,,0.065,0.22,88.0,2,2,0.762,0.762,23,26,24,27,1,0,7.0,1.0,7.0,3.0,3.62,0.53,-0.53,47.0,8.798146929032118,-15.09030132419725,33.696312360771536,45.96014424041301,36.11923281685711
FF,2025-04-19,93.6,-2.45,5.99,"Sasaki, Roki",665750,808963,,called_strike,,,,,6.0,,R,L,R,TEX,LAD,S,,,0,0,2025,-1.01,1.2,0.3258533741135905,3.022269313001701,,,,0,3,Bot,,,,,,,9.521916626771404,-135.858329628984,-4.550990664949804,-14.713963013811568,32.89250395597216,-16.466399866971084,3.65353558787257,1.71425168520965,,,,94.3,2129.0,7.1,778251,669257,518692,669242,571970,605141,624424,681624,606192,53.43,,,,,,,,19,1,4-Seam Fastball,2,0,2,0,0,2,2,0,Standard,Standard,229.0,-0.002,-0.039,,,,,0.039,,2,2,0.764,0.764,23,26,24,27,1,0,7.0,1.0,7.0,3.0,1.43,1.01,-1.01,39.6,,,,,
FF,2025-04-19,94.5,-2.3,6.03,"Sasaki, Roki",543309,808963,home_run,hit_into_play,,,,,2.0,Kyle Higashioka homers (1) on a fly ball to left center field. Dustin Harris scores.,R,R,R,TEX,LAD,X,,fly_ball,2,1,2025,-0.88,1.37,-0.0993492373155071,3.220171450254716,,,687957.0,0,3,Bot,48.86,65.35,,,,,7.790468655652788,-137.29469216271892,-4.717365381736822,-12.877560783173324,31.03141894896167,-13.94845947414916,3.44,1.61,381.0,100.7,25.0,95.4,2067.0,7.0,778251,669257,518692,669242,571970,605141,624424,681624,606192,53.53,0.506,0.917657894736842,2.0,1.0,0.0,3.0,6.0,18,4,4-Seam Fastball,0,0,0,0,0,2,2,0,Standard,Standard,221.0,0.163,1.023,76.6,7.3,,1.757,-1.023,100.7,0,0,0.601,0.601,23,35,24,35,1,0,7.0,2.0,7.0,3.0,1.19,0.88,0.88,42.0,18.795507366041875,-13.147527436782967,26.567735980943443,33.47704100401221,30.98491924059047
FF,2025-04-19,93.8,-2.33,6.06,"Sasaki, Roki",543309,808963,,ball,,,,,14.0,,R,R,R,TEX,LAD,B,,,1,1,2025,-0.79,1.32,0.8948193129614777,2.5336994409494538,,,687957.0,0,3,Bot,,,,,,,10.2187193531973,-136.1119680067035,-6.379584353727696,-12.014503547153096,29.47640900985551,-14.497370768268988,3.53100728265645,1.72849205261664,,,,94.9,2017.0,7.1,778251,669257,518692,669242,571970,605141,624424,681624,606192,53.42,,,,,,,,18,3,4-Seam Fastball,0,0,0,0,0,0,0,0,Standard,Standard,226.0,0.008,0.044,,,,,-0.044,,0,0,0.593,0.593,23,35,24,35,1,0,7.0,2.0,7.0,3.0,1.28,0.79,0.79,43.8,,,,,
ST,2025-04-19,79.5,-2.31,6.18,"Sasaki, Roki",543309,808963,,ball,,,,,11.0,,R,R,R,TEX,LAD,B,,,0,1,2025,1.23,-0.07,-0.9011676747370456,3.080813345519238,,,687957.0,0,3,Bot,,,,,,,0.7920577071084602,-115.90529358342084,0.0846903927787117,10.967721373239288,21.07347813032583,-33.06871415064601,3.50831655564149,1.6773447127857,,,,80.7,1911.0,6.9,778251,669257,518692,669242,571970,605141,624424,681624,606192,53.56,,,,,,,,18,2,Sweeper,0,0,0,0,0,0,0,0,Standard,Standard,47.0,0.004,0.034,,,,,-0.034,,0,0,0.589,0.589,23,35,24,35,1,0,7.0,2.0,7.0,3.0,3.66,-1.23,-1.23,47.9,,,,,
ST,2025-04-19,78.4,-2.32,6.14,"Sasaki, Roki",543309,808963,,called_strike,,,,,1.0,,R,R,R,TEX,LAD,S,,,0,0,2025,1.1,-0.28,-0.7933337247187163,3.0302907031004844,,,687957.0,0,3,Bot,,,,,,,1.2876239881930442,-114.20565915950772,0.6925901538971313,9.30387414522811,22.31094627998712,-34.98377641354909,3.55506460805145,1.72382625173712,,,,79.2,1929.0,6.9,778251,669257,518692,669242,571970,605141,624424,681624,606192,53.59,,,,,,,,18,1,Sweeper,0,0,0,0,0,0,0,0,Standard,Standard,43.0,-0.006,-0.043,,,,,0.043,,0,0,0.595,0.595,23,35,24,35,1,0,7.0,2.0,7.0,3.0,4.0,-1.1,-1.1,47.7,,,,,
ST,2025-04-19,79.1,-2.47,6.18,"Sasaki, Roki",687957,808963,walk,ball,,,,,11.0,Dustin Harris walks.,R,L,R,TEX,LAD,B,,,3,2,2025,1.3,-0.31,-1.12730170830447,2.532224209160204,,,,0,3,Bot,,,,,,,0.5025109923314433,-115.19786928396378,-0.5721494721991602,11.469182217392635,22.14392172689925,-35.00849352002041,3.40949319509561,1.65427089859138,,,,80.0,1690.0,6.9,778251,669257,518692,669242,571970,605141,624424,681624,606192,53.58,,0.691497,0.7,1.0,0.0,0.0,,17,7,Sweeper,0,0,0,0,0,0,0,0,Infield shade,Standard,49.0,0.034,0.356,,,,,-0.356,,0,0,0.561,0.561,23,25,24,26,1,0,7.0,1.0,7.0,1.0,3.95,-1.3,1.3,44.9,,,,,
FF,2025-04-19,93.9,-2.54,6.17,"Sasaki, Roki",687957,808963,,ball,,,,,12.0,,R,L,R,TEX,LAD,B,,,2,2,2025,-0.72,1.29,0.6125508217691024,4.627235705839137,,,,0,3,Bot,,,,,,,9.892458051515195,-136.45990095157816,-1.1032231238671102,-11.194144518571424,31.4887444020722,-16.03208291567113,3.50034055674768,1.7163458194096,,,,95.0,2020.0,7.1,778251,669257,518692,669242,571970,605141,624424,681624,606192,53.4,,,,,,,,17,6,4-Seam Fastball,0,0,0,0,0,0,0,0,Infield shade,Standard,223.0,0.01,0.112,,,,,-0.112,,0,0,0.551,0.551,23,25,24,26,1,0,7.0,1.0,7.0,1.0,1.31,0.72,-0.72,40.6,,,,,
FO,2025-04-19,85.1,-2.4,6.14,"Sasaki, Roki",687957,808963,,foul,,,,,11.0,,R,L,R,TEX,LAD,S,,,2,2,2025,-0.5,0.01,-1.086752637965993,2.6680571370733137,,,,0,3,Bot,,,,,,,4.160477555745359,-123.87378308702674,-1.79143293875312,-6.076764419143943,27.68362293597438,-31.911438380832543,3.467,1.589,3.0,72.1,-47.0,86.0,613.0,7.1,778251,669257,518692,669242,571970,605141,624424,681624,606192,53.38,,,,,,,,17,5,Forkball,0,0,0,0,0,0,0,0,Infield shade,Standard,285.0,0.0,0.0,67.0,6.9,,,0.0,88.0,0,0,0.551,0.551,23,25,24,26,1,0,7.0,1.0,7.0,1.0,3.17,0.5,-0.5,44.1,8.983895522251405,-0.7203715285974469,27.77461355229612,45.24161253036459,34.249092613668125
FO,2025-04-19,83.8,-2.33,6.16,"Sasaki, Roki",687957,808963,,called_strike,,,,,4.0,,R,L,R,TEX,LAD,S,,,1,1,2025,-0.57,-0.57,-0.6968723062387354,2.5173604477418543,,,,0,3,Bot,,,,,,,4.955726918590526,-121.95131750791964,-0.8323930875769181,-6.655420135064085,25.37886582451923,-37.85469136918984,3.5713486079923,1.76580587139928,,,,84.8,515.0,7.0,778251,669257,518692,669242,571970,605141,624424,681624,606192,53.46,,,,,,,,17,3,Forkball,0,0,0,0,0,0,0,0,Standard,Standard,290.0,-0.007,-0.061,,,,,0.061,,0,0,0.554,0.554,23,25,24,26,1,0,7.0,1.0,7.0,1.0,3.83,0.57,-0.57,46.4,,,,,
FO,2025-04-19,83.1,-2.35,6.19,"Sasaki, Roki",687957,808963,,ball,,,,,13.0,,R,L,R,TEX,LAD,B,,,0,1,2025,-0.41,-0.56,-1.6705644509799258,2.4097898592708025,,,,0,3,Bot,,,,,,,2.394780880837785,-120.93339368533414,-1.0359913141306971,-4.48522793700936,25.615493547062645,-37.68897933804225,3.59337003574665,1.75849585229486,,,,84.0,429.0,7.1,778251,669257,518692,669242,571970,605141,624424,681624,606192,53.42,,,,,,,,17,2,Forkball,0,0,0,0,0,0,0,0,Standard,Standard,311.0,0.003,0.031,,,,,-0.031,,0,0,0.551,0.551,23,25,24,26,1,0,7.0,1.0,7.0,1.0,3.89,0.41,-0.41,45.8,,,,,
ST,2025-04-19,81.0,-2.36,6.11,"Sasaki, Roki",687957,808963,,called_strike,,,,,7.0,,R,L,R,TEX,LAD,S,,,0,0,2025,0.73,-0.64,-0.4930605069670701,1.610031397386802,,,,0,3,Bot,,,,,,,2.8097432524004504,-117.83278354377092,-2.1010575087540917,6.158499828745923,25.528471426948247,-37.894958842444126,3.32840501477214,1.63897781304401,,,,81.7,1639.0,7.1,778251,669257,518692,669242,571970,605141,624424,681624,606192,53.41,,,,,,,,17,1,Sweeper,0,0,0,0,0,0,0,0,Standard,Standard,37.0,-0.004,-0.039,,,,,0.039,,0,0,0.555,0.555,23,25,24,26,1,0,7.0,1.0,7.0,1.0,4.16,-0.73,0.73,44.2,,,,,
FO,2025-04-19,83.9,-2.2,6.18,"Sasaki, Roki",673962,808963,field_out,hit_into_play,,,,,13.0,"Josh Jung grounds out, third baseman Max Muncy to first baseman Freddie Freeman.",R,R,R,TEX,LAD,X,5.0,ground_ball,0,2,2025,-0.38,-0.87,-0.2246330683850192,1.536238632978419,,,,2,2,Bot,95.25,171.71,,,,,5.39028218174159,-121.91071555778156,-2.4914172233120127,-4.934296878675997,28.065436979913795,-40.42768696390229,3.72,1.75,3.0,95.6,-28.0,84.6,441.0,7.2,778251,669257,518692,669242,571970,605141,624424,681624,606192,53.29,0.074,0.071,0.0,1.0,0.0,0.0,2.0,12,3,Forkball,0,0,0,0,0,0,0,0,Standard,Standard,313.0,-0.007,-0.16,72.1,6.9,,0.114,0.16,95.6,0,0,0.507,0.507,23,27,24,27,1,0,7.0,1.0,7.0,1.0,4.17,0.38,0.38,45.6,4.77864140666446,6.894172378740233,45.39227533995079,31.19328794122828,32.35796755060207
ST,2025-04-19,83.0,-2.44,6.22,"Sasaki, Roki",673962,808963,,foul,,,,,8.0,,R,R,R,TEX,LAD,S,,,0,1,2025,0.92,-0.22,0.1321723969660383,2.3200422988204163,,,,2,2,Bot,,,,,,,4.118045082295925,-120.72870330204616,-1.965018076411851,8.057724304531346,26.111069632325187,-34.093857148781844,3.72,1.75,164.0,80.5,64.0,83.7,1869.0,7.0,778251,669257,518692,669242,571970,605141,624424,681624,606192,53.49,,,,,,,,12,2,Sweeper,0,0,0,0,0,0,0,0,Standard,Standard,46.0,-0.002,-0.057,66.2,7.2,,,0.057,88.0,0,0,0.509,0.509,23,27,24,27,1,0,7.0,1.0,7.0,1.0,3.56,-0.92,-0.92,46.0,15.781582538074344,-2.3445187721147884,37.77178095368457,35.89458658766687,37.93099819549746
ST,2025-04-19,82.0,-2.46,6.12,"Sasaki, Roki",673962,808963,,swinging_strike,,,,,14.0,,R,R,R,TEX,LAD,S,,,0,0,2025,1.07,-0.41,0.7321124688517908,1.370413797167526,,,,2,2,Bot,,,,,,,5.199313934165673,-119.318133559159,-3.3623829843433715,9.090495815296698,25.073672033281348,-35.6231707215401,3.72,1.75,,,,82.8,1913.0,7.0,778251,669257,518692,669242,571970,605141,624424,681624,606192,53.48,,,,,,,,12,1,Sweeper,0,0,0,0,0,0,0,0,Standard,Standard,42.0,-0.002,-0.043,67.4,7.8,3.807421812,,0.043,,0,0,0.511,0.511,23,27,24,27,1,0,7.0,1.0,7.0,1.0,3.83,-1.07,-1.07,43.7,22.618207721258912,-10.13838249094567,39.55248877426488,43.31654309626462,44.86613903945559
FO,2025-04-19,86.5,-2.4,6.11,"Sasaki, Roki",592626,808963,strikeout,swinging_strike_blocked,,,,,14.0,Joc Pederson strikes out swinging.,R,L,R,TEX,LAD,S,2.0,,1,2,2025,-0.48,-0.71,0.1546931454378345,0.519744516761484,,,,1,2,Bot,,,,,,,7.171576099711084,-125.62216120232708,-5.670936890371384,-6.627789464836204,27.25883535795423,-38.63481791902738,3.5,1.66,,,,87.4,482.0,7.1,778251,669257,518692,669242,571970,605141,624424,681624,606192,53.39,,0.0,0.0,1.0,0.0,0.0,,11,4,Forkball,0,0,0,0,0,0,0,0,Infield shade,Standard,303.0,-0.012,-0.18,69.3,8.3,2.508481932,,0.18,,0,0,0.523,0.523,23,33,24,33,1,0,7.0,1.0,7.0,3.0,3.79,0.48,-0.48,44.6,14.441421149085755,-23.74272935595428,35.546330836807364,33.96267838998269,39.35145284195072
FO,2025-04-19,84.5,-2.33,6.15,"Sasaki, Roki",592626,808963,,called_strike,,,,,4.0,,R,L,R,TEX,LAD,S,,,1,1,2025,0.18,-0.19,-0.3561824230019144,2.493855526906504,,,,1,2,Bot,,,,,,,4.303031751224899,-123.02234711075542,-1.783537054224873,0.9345867825782312,25.60538834563897,-33.9019410260062,3.44012207063754,1.6977555458436,,,,85.5,540.0,7.0,778251,669257,518692,669242,571970,605141,624424,681624,606192,53.46,,,,,,,,11,3,Forkball,0,0,0,0,0,0,0,0,Standard,Standard,315.0,-0.004,-0.064,,,,,0.064,,0,0,0.527,0.527,23,33,24,33,1,0,7.0,1.0,7.0,3.0,3.39,-0.18,0.18,44.8,,,,,
ST,2025-04-19,82.2,-2.58,6.02,"Sasaki, Roki",592626,808963,,ball,,,,,13.0,,R,L,R,TEX,LAD,B,,,0,1,2025,0.43,-0.51,-1.5877107416900027,1.2761016130757792,,,,1,2,Bot,,,,,,,1.4334973764884382,-119.68723283120865,-3.216743448526996,3.8528688022844753,24.42811763387062,-36.65191772634594,3.25355825119964,1.59847538380404,,,,83.2,1862.0,7.0,778251,669257,518692,669242,571970,605141,624424,681624,606192,53.48,,,,,,,,11,2,Sweeper,0,0,0,0,0,0,0,0,Standard,Standard,44.0,0.002,0.029,,,,,-0.029,,0,0,0.525,0.525,23,33,24,33,1,0,7.0,1.0,7.0,3.0,3.9,-0.43,0.43,42.9,,,,,
FF,2025-04-19,95.5,-2.57,6.14,"Sasaki, Roki",592626,808963,,called_strike,,,,,4.0,,R,L,R,TEX,LAD,S,,,0,0,2025,-1.16,1.22,-0.6609766899898077,2.690044009279929,,,,1,2,Bot,,,,,,,7.704288693473761,-138.80425873795258,-6.243160041720122,-16.659756305964752,30.92312805607979,-15.18750303820276,3.48763229032411,1.68729347698974,,,,96.3,2156.0,6.8,778251,669257,518692,669242,571970,605141,624424,681624,606192,53.7,,,,,,,,11,1,4-Seam Fastball,0,0,0,0,0,0,0,0,Standard,Standard,234.0,-0.003,-0.039,,,,,0.039,,0,0,0.528,0.528,23,33,24,33,1,0,7.0,1.0,7.0,3.0,1.29,1.16,-1.16,38.3,,,,,
FF,2025-04-19,94.4,-2.46,6.06,"Sasaki, Roki",666969,808963,field_out,hit_into_play,,,,,9.0,"Adolis García grounds out, second baseman Tommy Edman to first baseman Freddie Freeman.",R,R,R,TEX,LAD,X,4.0,ground_ball,0,0,2025,-0.92,1.3,0.4075425912848976,1.7379531392425165,,,,0,2,Bot,130.75,123.65,,,,,9.613113786716394,-136.84594422752917,-8.508986669406655,-13.696537913464796,31.27278869849657,-14.004379975929355,3.33,1.59,155.0,110.3,2.0,95.3,2050.0,7.1,778251,669257,518692,669242,571970,605141,624424,681624,606192,53.41,0.592,0.54,0.0,1.0,0.0,0.0,4.0,10,1,4-Seam Fastball,0,0,0,0,0,0,0,0,Infield shade,Standard,236.0,-0.023,-0.259,78.2,7.4,,0.635,0.259,110.3,0,0,0.551,0.551,23,32,24,32,1,0,7.0,1.0,7.0,1.0,1.28,0.92,0.92,40.5,-0.6243854997428557,9.128482137825998,34.46978182290092,37.8004139769094,30.273547924407133
ST,2025-04-19,81.6,-2.43,6.1,"Sasaki, Roki",669701,808963,strikeout,swinging_strike,,,,,14.0,Josh Smith strikes out swinging.,R,L,R,TEX,LAD,S,2.0,,3,2,2025,0.71,-0.26,0.195494173730479,0.9297550401939376,,,,2,1,Bot,,,,,,,4.60081661011374,-118.7117201131611,-4.551502998978567,5.756818670203922,24.17413147282202,-33.88539419950573,3.18,1.45,,,,82.4,1771.0,7.0,778251,669257,518692,669242,571970,605141,624424,681624,606192,53.52,,0.0,0.0,1.0,0.0,0.0,,6,6,Sweeper,0,0,0,0,0,0,0,0,Infield shade,Standard,31.0,-0.012,-0.328,68.1,8.0,0.962347404,,0.328,,0,0,0.512,0.512,23,27,24,28,1,0,7.0,6.0,7.0,1.0,3.7,-0.71,0.71,43.5,22.25912180741841,-23.203062502131687,38.72840631579632,36.2234349429913,43.39445004675913
FO,2025-04-19,84.9,-2.41,6.12,"Sasaki, Roki",669701,808963,,ball,,,,,13.0,,R,L,R,TEX,LAD,B,,,2,2,2025,-0.51,-0.82,-0.3871172593446956,0.6619122118646645,,,,2,1,Bot,,,,,,,5.857412810100715,-123.32892012244312,-4.748035731562827,-6.489303778280321,28.075435430561257,-39.58215290021055,3.27964756898672,1.53390021890583,,,,85.6,474.0,7.2,778251,669257,518692,669242,571970,605141,624424,681624,606192,53.35,,,,,,,,6,5,Forkball,0,0,0,0,0,0,0,0,Infield shade,Standard,305.0,0.004,0.104,,,,,-0.104,,0,0,0.508,0.508,23,27,24,28,1,0,7.0,6.0,7.0,1.0,4.03,0.51,-0.51,44.2,,,,,
FF,2025-04-19,94.1,-2.41,6.09,"Sasaki, Roki",669701,808963,,called_strike,,,,,7.0,,R,L,R,TEX,LAD,S,,,2,1,2025,-0.97,1.24,-0.5035682818860332,1.887998548182596,,,,2,1,Bot,,,,,,,7.185637218624643,-136.66219551247264,-7.993053656664797,-13.762576177868496,30.53293718959066,-15.061772327475236,3.29298208740737,1.5186743048453,,,,95.0,1985.0,6.9,778251,669257,518692,669242,571970,605141,624424,681624,606192,53.57,,,,,,,,6,4,4-Seam Fastball,0,0,0,0,0,0,0,0,Standard,Standard,231.0,-0.003,-0.073,,,,,0.073,,0,0,0.511,0.511,23,27,24,28,1,0,7.0,6.0,7.0,1.0,1.35,0.97,-0.97,44.0,,,,,
ST,2025-04-19,80.7,-2.4,6.1,"Sasaki, Roki",669701,808963,,ball,,,,,14.0,,R,L,R,TEX,LAD,B,,,1,1,2025,0.88,-0.49,0.1692237314666487,0.5183363066453581,,,,2,1,Bot,,,,,,,4.074942423224441,-117.2502383881816,-4.712165038487879,7.1088274980812765,26.34029003438172,-35.85363748616744,3.32718060044159,1.5241216673603,,,,81.0,1702.0,7.0,778251,669257,518692,669242,571970,605141,624424,681624,606192,53.46,,,,,,,,6,3,Sweeper,0,0,0,0,0,0,0,0,Standard,Standard,40.0,0.002,0.053,,,,,-0.053,,0,0,0.509,0.509,23,27,24,28,1,0,7.0,6.0,7.0,1.0,4.06,-0.88,0.88,44.3,,,,,
ST,2025-04-19,78.7,-2.39,6.14,"Sasaki, Roki",669701,808963,,ball,,,,,13.0,,R,L,R,TEX,LAD,B,,,0,1,2025,0.81,-0.36,-1.0406382040141202,2.0050909220104214,,,,2,1,Bot,,,,,,,1.436243150816063,-114.5967564427186,-1.4081116032996095,6.7675975126331895,23.80571256981066,-35.23304521044807,3.05723811213807,1.54020794253479,,,,79.3,1764.0,6.9,778251,669257,518692,669242,571970,605141,624424,681624,606192,53.58,,,,,,,,6,2,Sweeper,0,0,0,0,0,0,0,0,Standard,Standard,45.0,0.001,0.027,,,,,-0.027,,0,0,0.508,0.508,23,27,24,28,1,0,7.0,6.0,7.0,1.0,4.07,-0.81,0.81,45.5,,,,,
FF,2025-04-19,93.2,-2.34,6.15,"Sasaki, Roki",669701,808963,,foul,,,,,5.0,,R,L,R,TEX,LAD,S,,,0,0,2025,-0.93,1.31,0.1180104473120469,2.4930935781822763,,,,2,1,Bot,,,,,,,8.44984267626103,-135.30306695430468,-6.469939511935258,-13.380573867326705,32.98038054848354,-14.847920600327027,3.18,1.45,188.0,69.7,49.0,93.5,2023.0,6.9,778251,669257,518692,669242,571970,605141,624424,681624,606192,53.62,,,,,,,,6,1,4-Seam Fastball,0,0,0,0,0,0,0,0,Standard,Standard,229.0,-0.002,-0.043,71.3,6.8,,,0.043,88.0,0,0,0.51,0.51,23,27,24,28,1,0,7.0,6.0,7.0,1.0,1.35,0.93,-0.93,41.3,5.766635275240212,-9.458391867599063,33.905126379328735,36.13560441163228,33.219356424414826
FF,2025-04-19,93.4,-2.45,6.12,"Sasaki, Roki",608369,808963,field_out,hit_into_play,,,,,2.0,Corey Seager flies out sharply to center fielder Andy Pages.,R,L,R,TEX,LAD,X,8.0,fly_ball,0,0,2025,-0.75,1.1,-0.0250347935102914,3.4534543558971023,,,,1,1,Bot,75.78,50.77,,,,,7.947772503005526,-135.76335828026424,-3.5039589577241186,-11.0189306436042,31.26642872447717,-18.071494426812105,3.56,1.55,386.0,103.7,34.0,94.0,1986.0,6.8,778251,669257,518692,669242,571970,605141,624424,681624,606192,53.7,0.561,1.1211612903225807,0.0,1.0,0.0,0.0,6.0,5,1,4-Seam Fastball,0,0,0,0,0,0,0,0,Infield shade,Standard,224.0,-0.016,-0.254,71.4,5.7,,2.218,0.254,103.7,0,0,0.526,0.526,23,31,24,31,1,0,7.0,1.0,7.0,1.0,1.53,0.75,-0.75,38.7,13.216225538019051,12.364562426972045,26.125408787212454,38.66420430579611,28.108143967614836
FF,2025-04-19,92.6,-2.36,6.1,"Sasaki, Roki",543760,808963,field_out,hit_into_play,,,,,6.0,Marcus Semien lines out to right fielder Teoscar Hernández.,R,R,R,TEX,LAD,X,9.0,line_drive,1,0,2025,-0.75,1.3,0.5702514464438119,2.3612156286387096,,,,0,1,Bot,168.76,72.11,,,,,9.235411301174231,-134.37144267770512,-6.586716618200806,-11.21990543892566,31.411514122637392,-15.104895213432794,3.32,1.61,332.0,95.4,21.0,93.3,2152.0,7.0,778251,669257,518692,669242,571970,605141,624424,681624,606192,53.48,0.235,0.293,0.0,1.0,0.0,0.0,3.0,4,2,4-Seam Fastball,0,0,0,0,0,0,0,0,Infield shade,Standard,225.0,-0.025,-0.301,69.6,7.5,,0.453,0.301,95.4,0,0,0.551,0.551,23,34,24,35,1,0,7.0,1.0,7.0,1.0,1.39,0.75,0.75,42.7,17.31449374529409,8.83486365663008,33.131751812633304,39.70567590692492,26.261327975732883
FF,2025-04-19,92.3,-2.45,6.14,"Sasaki, Roki",543760,808963,,ball,,,,,11.0,,R,R,R,TEX,LAD,B,,,0,0,2025,-0.75,1.26,-0.0717556717977869,3.637788323379036,,,,0,1,Bot,,,,,,,7.8041790006703184,-134.12394681521283,-3.270026010417338,-10.831252677451245,31.250833476352547,-16.527817471579578,3.37070838234649,1.65155219059844,,,,93.2,1989.0,7.1,778251,669257,518692,669242,571970,605141,624424,681624,606192,53.43,,,,,,,,4,1,4-Seam Fastball,0,0,0,0,0,0,0,0,Standard,Standard,223.0,0.003,0.041,,,,,-0.041,,0,0,0.548,0.548,23,34,24,35,1,0,7.0,1.0,7.0,1.0,1.44,0.75,0.75,42.1,,,,,
,2025-04-19,,,,"Sasaki, Roki",687957,808963,,automatic_ball,,,,,,,R,L,R,TEX,LAD,B,,,1,2,2025,,,,,,,,0,3,Bot,,,,,,,,,,,,,,,,,,,,,778251,669257,518692,669242,571970,605141,624424,681624,606192,,,,,,,,,17,4,,0,0,0,0,0,0,0,0,,,,0.004,,,,,,,,0,0,0.547,0.547,23,25,24,26,1,0,7.0,1.0,7.0,1.0,,,,,,,,,
ST,2025-04-12,83.0,-2.15,6.1,"Sasaki, Roki",665804,808963,field_out,hit_into_play,,,,,8.0,Miguel Amaya flies out to left fielder Michael Conforto.,R,R,R,LAD,CHC,X,7.0,fly_ball,2,2,2025,0.88,0.11,0.0721053603709352,1.7091931015598498,,608348.0,664023.0,2,5,Top,88.06,84.68,,,,,3.414109760193964,-120.79632945900592,-3.798332851316689,7.868993248750037,25.803569082107288,-30.4999226728187,3.33,1.62,299.0,90.1,43.0,84.2,1824.0,7.3,778345,605131,518692,669242,571970,605141,624424,681624,606192,53.2,0.005,0.006,0.0,1.0,0.0,0.0,3.0,36,6,Sweeper,0,1,1,0,1,0,1,0,Infield shade,Standard,42.0,0.04,-0.203,65.6,8.3,,0.009,0.203,90.1,-1,1,0.375,0.625,23,26,24,26,3,0,7.0,1.0,7.0,1.0,3.22,-0.88,-0.88,47.9,14.595849413655678,-20.585724302410927,39.65514263480048,33.32109637954068,35.310217006877295
FO,2025-04-12,84.7,-2.11,6.07,"Sasaki, Roki",665804,808963,,foul,,,,,4.0,,R,R,R,LAD,CHC,S,,,2,2,2025,0.24,-0.23,-0.5502510430421934,2.363208342148163,,608348.0,664023.0,2,5,Top,,,,,,,3.2292025598497625,-123.31438729965096,-1.8835604759363436,1.819073123146813,24.70978010859475,-34.30962751280525,3.33,1.62,404.0,98.5,17.0,86.5,693.0,7.4,778345,605131,518692,669242,571970,605141,624424,681624,606192,53.07,,,,,,,,36,5,Forkball,0,1,1,0,1,0,1,0,Infield shade,Standard,345.0,0.0,0.0,75.9,8.1,,,0.0,98.5,-1,1,0.375,0.625,23,26,24,26,3,0,7.0,1.0,7.0,1.0,3.4,-0.24,-0.24,48.6,20.680909563848047,-33.60217428468752,34.408613410997866,25.813969862608012,46.19867125845335
ST,2025-04-12,84.5,-2.16,6.08,"Sasaki, Roki",665804,808963,,blocked_ball,,,,,14.0,,R,R,R,LAD,CHC,B,,,1,2,2025,1.0,-0.27,0.5366083791799108,0.6759175581333743,,608348.0,664023.0,2,5,Top,,,,,,,4.368568943927125,-122.96318878970769,-5.751816059995797,9.19196023263414,25.542758938291115,-33.95745495126086,3.32999737059794,1.63516080295248,,,,85.9,1809.0,7.3,778345,605131,518692,669242,571970,605141,624424,681624,606192,53.22,,,,,,,,36,4,Sweeper,0,1,1,0,1,0,1,0,Standard,Standard,31.0,-0.007,0.012,,,,,-0.012,,-1,1,0.382,0.618,23,26,24,26,3,0,7.0,1.0,7.0,1.0,3.48,-1.0,-1.0,44.0,,,,,
FO,2025-04-12,85.2,-2.03,6.03,"Sasaki, Roki",665804,808963,,swinging_strike_blocked,,,,,14.0,,R,R,R,LAD,CHC,S,,,1,1,2025,-0.41,-0.47,0.2851472727715667,0.5432811137874882,,608348.0,664023.0,2,5,Top,,,,,,,6.377571755231765,-123.79860068606185,-5.678970776840345,-5.487684231963149,25.489432954880662,-36.040523267249775,3.33,1.62,,,,86.5,403.0,7.3,778345,605131,518692,669242,571970,605141,624424,681624,606192,53.22,,,,,,,,36,3,Forkball,0,1,1,0,1,0,1,0,Infield shade,Standard,307.0,0.012,-0.063,26.1,7.1,8.673422676,,0.063,,-1,1,0.37,0.63,23,26,24,26,3,0,7.0,1.0,7.0,1.0,3.63,0.41,0.41,46.5,5.232816137333919,-1.9216348851681069,35.641058163288285,36.82688623342996,26.00891790414485
FF,2025-04-12,97.3,-2.14,6.01,"Sasaki, Roki",665804,808963,,foul,,,,,4.0,,R,R,R,LAD,CHC,S,,,1,0,2025,-0.68,1.26,-0.513521795068608,2.5329807449038038,,608348.0,664023.0,2,5,Top,,,,,,,6.0331922343161,-141.36913174415423,-6.760337756398698,-10.536870068393704,34.151981688698704,-13.877757093394456,3.33,1.62,119.0,75.5,74.0,98.6,2134.0,7.2,778345,605131,518692,669242,571970,605141,624424,681624,606192,53.29,,,,,,,,36,2,4-Seam Fastball,0,1,1,0,1,0,1,0,Infield shade,Standard,222.0,0.005,-0.052,70.4,7.4,,,0.052,88.0,-1,1,0.365,0.635,23,26,24,26,3,0,7.0,1.0,7.0,1.0,1.16,0.68,0.68,40.7,7.2298517944614815,-7.590931680610788,37.75065388792692,27.69660043437004,26.42283494329565
ST,2025-04-12,82.1,-2.25,6.05,"Sasaki, Roki",665804,808963,,ball,,,,,14.0,,R,R,R,LAD,CHC,B,,,0,0,2025,1.17,-0.37,0.2264687588538239,1.189134474798657,,608348.0,664023.0,2,5,Top,,,,,,,3.401244047042111,-119.50351661099484,-3.738442490814768,10.37001802943572,25.55482202989168,-35.0979827535154,3.3752831961436,1.64643504208787,,,,83.4,1671.0,7.4,778345,605131,518692,669242,571970,605141,624424,681624,606192,53.11,,,,,,,,36,1,Sweeper,0,1,1,0,1,0,1,0,Infield shade,Standard,38.0,-0.003,0.024,,,,,-0.024,,-1,1,0.368,0.632,23,26,24,26,3,0,7.0,1.0,7.0,1.0,3.78,-1.17,-1.17,46.4,,,,,
FO,2025-04-12,85.5,-2.09,6.11,"Sasaki, Roki",663656,808963,field_out,hit_into_play,,,,,8.0,Kyle Tucker pops out to third baseman Max Muncy in foul territory.,R,L,R,LAD,CHC,X,5.0,popup,0,2,2025,0.16,-0.01,-0.1725391147626012,1.544842305733618,,608348.0,664023.0,1,5,Top,93.92,179.48,,,,,4.282830139391829,-124.50503621156332,-4.528885471858324,0.7696937369862834,25.43828857026841,-31.516354221085024,3.4,1.6,96.0,78.2,74.0,87.2,571.0,7.3,778345,605131,518692,669242,571970,605141,624424,681624,606192,53.17,0.003,0.002,0.0,1.0,0.0,0.0,3.0,35,4,Forkball,0,1,1,0,1,0,1,0,Standard,Standard,339.0,0.028,-0.157,67.2,8.4,,0.003,0.157,88.0,-1,1,0.34,0.66,23,28,24,28,3,2,7.0,1.0,7.0,1.0,3.12,-0.16,0.16,44.1,17.788184091802044,-19.963543981202687,41.3747248025813,39.39492303443495,36.40077418844797
FO,2025-04-12,86.1,-2.08,6.13,"Sasaki, Roki",663656,808963,,foul,,,,,8.0,,R,L,R,LAD,CHC,S,,,0,2,2025,0.36,-0.08,0.0651136433998341,1.82854754923469,,608348.0,664023.0,1,5,Top,,,,,,,4.4451348880461055,-125.3777025169401,-3.842000777096468,2.894124411212261,26.120560495334843,-32.45723326781474,3.4,1.6,63.0,101.7,2.0,87.6,525.0,7.3,778345,605131,518692,669242,571970,605141,624424,681624,606192,53.23,,,,,,,,35,3,Forkball,0,1,1,0,1,0,1,0,Standard,Standard,340.0,0.0,0.0,69.2,8.0,,,0.0,101.7,-1,1,0.34,0.66,23,28,24,28,3,2,7.0,1.0,7.0,1.0,3.16,-0.36,0.36,45.1,8.216567421432401,-19.727163704399956,34.79852937858663,36.4508290450144,34.253676595194484
FO,2025-04-12,85.3,-2.02,6.07,"Sasaki, Roki",663656,808963,,swinging_strike,,,,,8.0,,R,L,R,LAD,CHC,S,,,0,1,2025,-0.45,-0.07,-0.0246071024953367,1.7503936258107315,,608348.0,664023.0,1,5,Top,,,,,,,5.685110758628298,-123.93695733281976,-3.6317217990780826,-5.952364116228206,29.32028197229673,-32.29299391283395,3.4,1.6,,,,85.9,670.0,7.2,778345,605131,518692,669242,571970,605141,624424,681624,606192,53.33,,,,,,,,35,2,Forkball,0,1,1,0,1,0,1,0,Standard,Standard,341.0,0.012,-0.053,69.6,8.3,0.555695748,,0.053,,-1,1,0.328,0.672,23,28,24,28,3,2,7.0,1.0,7.0,1.0,3.26,0.45,-0.45,48.8,18.294271349475547,-21.67082875078936,28.319308845674303,39.05021972612774,38.1079267038175
FF,2025-04-12,96.5,-2.18,6.03,"Sasaki, Roki",663656,808963,,foul,,,,,4.0,,R,L,R,LAD,CHC,S,,,0,0,2025,-0.92,1.24,-0.377822247582166,2.50173903207801,,608348.0,664023.0,1,5,Top,,,,,,,7.008345536475817,-140.33339171807023,-6.740203449151411,-13.810552220340634,31.86229481848349,-14.38571101574284,3.4,1.6,224.0,77.6,53.0,97.8,2123.0,7.1,778345,605131,518692,669242,571970,605141,624424,681624,606192,53.42,,,,,,,,35,1,4-Seam Fastball,0,1,1,0,1,0,1,0,Standard,Standard,227.0,0.007,-0.033,73.7,7.3,,,0.033,88.0,-1,1,0.321,0.679,23,28,24,28,3,2,7.0,1.0,7.0,1.0,1.21,0.92,-0.92,41.0,4.775933571649556,4.470791939163936,34.56330163124995,43.06079368450682,17.956325170430844
FO,2025-04-12,86.1,-2.15,6.03,"Sasaki, Roki",664023,808963,single,hit_into_play,,,,,13.0,Ian Happ singles on a line drive to left fielder Michael Conforto. Carson Kelly to 2nd.,R,L,R,LAD,CHC,X,7.0,line_drive,2,2,2025,0.47,-0.11,-0.2871183236133691,1.4105449002684032,,,608348.0,1,5,Top,63.34,108.78,,,,,3.5166118878956034,-125.25696580950309,-4.520922355158421,4.167298631195108,26.635264287646116,-32.589082678514735,3.51,1.56,233.0,89.5,15.0,87.2,403.0,7.1,778345,605131,518692,669242,571970,605141,624424,681624,606192,53.36,0.954,0.901,0.9,1.0,1.0,0.0,4.0,34,5,Forkball,0,1,1,0,1,0,1,0,Infield shade,Standard,323.0,-0.044,0.439,61.4,6.4,,1.087,-0.439,89.5,-1,1,0.365,0.635,23,30,24,31,3,2,7.0,1.0,7.0,1.0,3.2,-0.47,0.47,45.4,1.2448707112215165,14.882601776003993,34.827848414656515,36.51802923053023,25.270916340010373
FO,2025-04-12,85.1,-2.06,6.06,"Sasaki, Roki",664023,808963,,ball,,,,,13.0,,R,L,R,LAD,CHC,B,,,1,2,2025,-0.1,-0.17,-0.6209440872676479,1.1244184546642213,,,608348.0,1,5,Top,,,,,,,3.638551676454661,-123.86378218650142,-5.025032304353294,-1.7747040862502244,23.896443710726235,-33.1501164130197,3.50999913375416,1.60578906642061,,,,86.7,500.0,7.2,778345,605131,518692,669242,571970,605141,624424,681624,606192,53.31,,,,,,,,34,4,Forkball,0,1,1,0,1,0,1,0,Infield shade,Standard,301.0,-0.004,0.044,,,,,-0.044,,-1,1,0.369,0.631,23,30,24,31,3,2,7.0,1.0,7.0,1.0,3.31,0.1,-0.1,46.6,,,,,
FF,2025-04-12,96.7,-2.24,6.05,"Sasaki, Roki",664023,808963,,foul,,,,,4.0,,R,L,R,LAD,CHC,S,,,1,1,2025,-0.85,1.22,-0.3129453447422421,2.5793617031547704,,,608348.0,1,5,Top,,,,,,,7.174554279972952,-140.66341517990907,-6.596788654262844,-12.832214749537547,30.61040978671963,-14.599644375012913,3.51,1.56,291.0,88.5,32.0,98.2,2147.0,7.1,778345,605131,518692,669242,571970,605141,624424,681624,606192,53.43,,,,,,,,34,3,4-Seam Fastball,0,1,1,0,1,0,1,0,Standard,Standard,226.0,0.007,-0.056,68.2,5.7,,,0.056,88.5,-1,1,0.362,0.638,23,30,24,31,3,2,7.0,1.0,7.0,1.0,1.21,0.85,-0.85,44.2,-3.178130154272749,23.592411761171604,34.97583850394239,36.43811275119113,16.564061721280616
FF,2025-04-12,94.0,-2.22,5.96,"Sasaki, Roki",664023,808963,,called_strike,,,,,4.0,,R,L,R,LAD,CHC,S,,,1,0,2025,-0.74,1.14,-0.6190011694574209,2.7649360613861096,,,608348.0,1,5,Top,,,,,,,5.865447021568272,-136.8544551550008,-5.23896088393779,-10.468102956037866,26.856605463477692,-16.863512534664327,3.66321361210393,1.74080963293736,,,,95.8,2100.0,7.1,778345,605131,518692,669242,571970,605141,624424,681624,606192,53.44,,,,,,,,34,2,4-Seam Fastball,0,1,1,0,1,0,1,0,Standard,Standard,222.0,0.006,-0.056,,,,,0.056,,-1,1,0.356,0.644,23,30,24,31,3,2,7.0,1.0,7.0,1.0,1.41,0.74,-0.74,41.5,,,,,
FF,2025-04-12,95.6,-2.09,6.11,"Sasaki, Roki",664023,808963,,ball,,,,,14.0,,R,L,R,LAD,CHC,B,,,0,0,2025,-0.65,1.2,1.0528744599686606,2.1991540553500526,,,608348.0,1,5,Top,,,,,,,9.873161921165392,-138.73321126729672,-7.488073173747497,-10.547786814348036,28.994964305092967,-15.165558062079272,3.51000143023337,1.65415306785355,,,,97.0,2154.0,7.1,778345,605131,518692,669242,571970,605141,624424,681624,606192,53.43,,,,,,,,34,1,4-Seam Fastball,0,1,1,0,1,0,1,0,Standard,Standard,223.0,-0.004,0.035,,,,,-0.035,,-1,1,0.36,0.64,23,30,24,31,3,2,7.0,1.0,7.0,1.0,1.3,0.65,-0.65,43.2,,,,,
FO,2025-04-12,85.7,-2.18,6.14,"Sasaki, Roki",608348,808963,single,hit_into_play,,,,,8.0,"Carson Kelly singles on a ground ball to center fielder Andy Pages, deflected by second baseman Tommy Edman.",R,R,R,LAD,CHC,X,4.0,ground_ball,0,2,2025,0.57,-0.03,-0.1437017482927589,2.065242069439525,,,,1,5,Top,136.68,89.47,,,,,3.7251782919646006,-124.69039919591972,-3.269500974099692,5.04556589486497,27.66269814405266,-31.9953623132016,3.37,1.62,142.0,96.3,8.0,86.9,503.0,7.3,778345,605131,518692,669242,571970,605141,624424,681624,606192,53.23,0.633,0.586,0.9,1.0,1.0,0.0,4.0,33,3,Forkball,0,1,1,0,1,0,1,0,Standard,Standard,330.0,-0.033,0.506,67.9,6.5,,0.706,-0.506,96.3,-1,1,0.393,0.607,23,30,24,31,2,1,7.0,4.0,7.0,1.0,3.16,-0.57,-0.57,44.4,-4.182347433509362,7.319073770006159,37.34286001926982,34.09643347178387,24.363562888005408
ST,2025-04-12,83.1,-2.22,6.03,"Sasaki, Roki",608348,808963,,swinging_strike,,,,,14.0,,R,R,R,LAD,CHC,S,,,0,1,2025,1.14,-0.4,0.1251262077580449,0.8393686519063754,,,,1,5,Top,,,,,,,3.197148022673401,-120.9655329355532,-4.700545716254878,10.53645669249107,24.158898953261254,-35.328992715918034,3.37,1.62,,,,84.5,1987.0,7.2,778345,605131,518692,669242,571970,605141,624424,681624,606192,53.28,,,,,,,,33,2,Sweeper,0,1,1,0,1,0,1,0,Infield shade,Standard,39.0,0.004,-0.052,44.5,7.3,1.346586588,,0.052,,-1,1,0.389,0.611,23,30,24,31,2,1,7.0,4.0,7.0,1.0,3.7,-1.14,-1.14,48.3,12.235657189231402,-9.565271830273186,42.57161926437593,37.27741390572447,33.300822689019604
FF,2025-04-12,95.7,-2.21,6.08,"Sasaki, Roki",608348,808963,,foul,,,,,4.0,,R,R,R,LAD,CHC,S,,,0,0,2025,-0.63,1.25,-0.4506751725165072,2.3488216108387445,,,,1,5,Top,,,,,,,6.169593423856823,-139.14466513061328,-7.132454901801392,-9.56675995473839,32.92939373429215,-14.466513625492702,3.37,1.62,171.0,65.1,54.0,97.0,2130.0,7.2,778345,605131,518692,669242,571970,605141,624424,681624,606192,53.3,,,,,,,,33,1,4-Seam Fastball,0,1,1,0,1,0,1,0,Standard,Standard,224.0,0.003,-0.039,84.0,6.9,,,0.039,88.0,-1,1,0.386,0.614,23,30,24,31,2,1,7.0,4.0,7.0,1.0,1.25,0.63,0.63,48.4,11.697772649267336,4.239950639519975,36.76719876530389,31.52221567542444,26.467033943592103
FO,2025-04-12,85.9,-2.2,6.17,"Sasaki, Roki",691718,808963,strikeout,called_strike,,,,,7.0,Pete Crow-Armstrong called out on strikes.,R,L,R,LAD,CHC,S,2.0,,0,2,2025,0.56,-0.37,-0.379519106147727,1.7163617703773992,,,,0,5,Top,,,,,,,3.2078712247969867,-125.02395623307996,-3.500381199285405,5.084622142744012,28.38398473630367,-35.47178773407338,3.17999706796088,1.54575261159045,,,,86.6,456.0,7.0,778345,605131,518692,669242,571970,605141,624424,681624,606192,53.47,,0.0,0.0,1.0,0.0,0.0,,32,3,Forkball,0,1,1,0,1,0,1,0,Standard,Standard,324.0,0.014,-0.165,,,,,0.165,,-1,1,0.372,0.628,23,23,24,23,2,1,7.0,1.0,7.0,1.0,3.49,-0.56,0.56,48.2,,,,,
FO,2025-04-12,85.1,-2.18,6.04,"Sasaki, Roki",691718,808963,,foul,,,,,7.0,,R,L,R,LAD,CHC,S,,,0,1,2025,-0.42,-0.47,-0.6220572541798716,1.4971521640514842,,,,0,5,Top,,,,,,,4.597135654021179,-123.86429472414858,-3.4453348231381824,-5.285478007940961,25.084973585633893,-36.53993274823186,3.18,1.5,161.0,68.7,21.0,86.6,482.0,7.2,778345,605131,518692,669242,571970,605141,624424,681624,606192,53.27,,,,,,,,32,2,Forkball,0,1,1,0,1,0,1,0,Standard,Standard,290.0,0.006,-0.055,68.9,7.5,,,0.055,88.0,-1,1,0.366,0.634,23,23,24,23,2,1,7.0,1.0,7.0,1.0,3.62,0.42,-0.42,45.9,6.156613849412873,-0.6652640312746004,39.08490171567848,42.016038160615935,34.248398405062815
FF,2025-04-12,95.1,-2.19,6.1,"Sasaki, Roki",691718,808963,,foul,,,,,1.0,,R,L,R,LAD,CHC,S,,,0,0,2025,-0.59,1.02,-0.5447881014543315,3.22958935693186,,,,0,5,Top,,,,,,,5.707866529801111,-138.38740718353696,-4.19187615623809,-8.855393120673762,31.536906312791167,-18.287183714566854,3.18,1.5,235.0,82.2,53.0,96.0,1942.0,6.9,778345,605131,518692,669242,571970,605141,624424,681624,606192,53.62,,,,,,,,32,1,4-Seam Fastball,0,1,1,0,1,0,1,0,Standard,Standard,228.0,0.004,-0.039,63.3,6.2,,,0.039,88.0,-1,1,0.362,0.638,23,23,24,23,2,1,7.0,1.0,7.0,1.0,1.5,0.59,-0.59,45.1,8.688510897020562,13.029018493245378,30.637392412829605,40.67809571076867,24.379756396013445
FF,2025-04-12,95.6,-2.11,6.03,"Sasaki, Roki",663538,808963,field_out,hit_into_play,,,,,5.0,"Nico Hoerner grounds out, shortstop Mookie Betts to first baseman Freddie Freeman.",R,R,R,LAD,CHC,X,6.0,ground_ball,2,1,2025,-0.64,1.15,-0.1820119633514834,2.7062079804438697,,,,2,4,Top,110.27,151.22,,,,,6.636788514236736,-138.95350281543875,-5.796550557716587,-9.804321025091577,31.405092660040456,-16.132550737264392,3.3,1.57,17.0,98.8,-9.0,96.9,2084.0,7.1,778345,605131,518692,669242,571970,605141,624424,681624,606192,53.36,0.286,0.262,0.0,1.0,0.0,0.0,2.0,27,4,4-Seam Fastball,0,1,1,0,1,0,1,0,Standard,Standard,222.0,0.012,-0.296,66.9,6.6,,0.289,0.296,98.8,-1,1,0.416,0.584,23,28,24,28,2,1,7.0,1.0,7.0,1.0,1.35,0.64,0.64,44.6,6.661420077883313,2.172247604047384,28.93640910141112,32.15410369944001,26.946562595281144
ST,2025-04-12,83.0,-2.33,6.04,"Sasaki, Roki",663538,808963,,ball,,,,,13.0,,R,R,R,LAD,CHC,B,,,1,1,2025,1.1,-0.16,-1.1837473459518275,2.190095300039802,,,,2,4,Top,,,,,,,0.4720231589132232,-120.9563610296874,-2.0723411023424525,10.794563680986078,22.594085831169163,-33.60327271961108,3.34893382037615,1.5191578435702,,,,84.2,1984.0,6.9,778345,605131,518692,669242,571970,605141,624424,681624,606192,53.61,,,,,,,,27,3,Sweeper,0,1,1,0,1,0,1,0,Standard,Standard,52.0,-0.002,0.053,,,,,-0.053,,-1,1,0.418,0.582,23,28,24,28,2,1,7.0,1.0,7.0,1.0,3.45,-1.1,-1.1,44.7,,,,,
FF,2025-04-12,95.6,-2.2,5.99,"Sasaki, Roki",663538,808963,,called_strike,,,,,7.0,,R,R,R,LAD,CHC,S,,,1,0,2025,-0.72,1.18,-0.2839180626940162,1.9040814411041584,,,,2,4,Top,,,,,,,6.807987974077791,-138.93868417219255,-7.898517430921584,-10.92028928205287,31.886539692091866,-15.266406012548886,3.34257022902418,1.67441771909477,,,,97.0,2065.0,7.2,778345,605131,518692,669242,571970,605141,624424,681624,606192,53.29,,,,,,,,27,2,4-Seam Fastball,0,1,1,0,1,0,1,0,Standard,Standard,220.0,0.002,-0.054,,,,,0.054,,-1,1,0.416,0.584,23,28,24,28,2,1,7.0,1.0,7.0,1.0,1.32,0.72,0.72,43.0,,,,,
FF,2025-04-12,95.3,-2.21,6.12,"Sasaki, Roki",663538,808963,,ball,,,,,1.0,,R,R,R,LAD,CHC,B,,,0,0,2025,-0.54,1.27,-0.7312232248266375,3.5542133271137075,,,,2,4,Top,,,,,,,5.193353811165647,-138.7338430231051,-4.037710015880158,-8.16200666251445,30.811229344989396,-15.037048028675487,3.47017750547766,1.67298558611626,,,,96.9,2103.0,7.1,778345,605131,518692,669242,571970,605141,624424,681624,606192,53.36,,,,,,,,27,1,4-Seam Fastball,0,1,1,0,1,0,1,0,Standard,Standard,220.0,-0.001,0.037,,,,,-0.037,,-1,1,0.417,0.583,23,28,24,28,2,1,7.0,1.0,7.0,1.0,1.23,0.54,0.54,43.9,,,,,
FF,2025-04-12,95.0,-2.17,6.04,"Sasaki, Roki",457759,808963,field_out,hit_into_play,,,,,6.0,Justin Turner flies out to right fielder Teoscar Hernández.,R,R,R,LAD,CHC,X,9.0,fly_ball,1,0,2025,-0.49,1.17,0.6388643232247666,2.464293339607588,,,,1,4,Top,216.59,97.27,,,,,8.5732983887075,-138.01106203888466,-6.428732480352108,-8.078466289816387,28.997501569402885,-15.922219855903542,3.46,1.59,340.0,95.5,28.0,96.5,2097.0,7.1,778345,605131,518692,669242,571970,605141,624424,681624,606192,53.4,0.307,0.574,0.0,1.0,0.0,0.0,5.0,26,2,4-Seam Fastball,0,1,1,0,1,0,1,0,Standard,Standard,220.0,0.019,-0.293,69.6,5.9,,1.112,0.293,95.5,-1,1,0.398,0.602,23,40,24,41,2,1,7.0,4.0,7.0,1.0,1.35,0.49,0.49,46.2,0.7150990187207966,12.475412744367157,30.55012873089028,35.36833023699489,32.91182011168166
FF,2025-04-12,95.5,-2.23,6.08,"Sasaki, Roki",457759,808963,,ball,,,,,2.0,,R,R,R,LAD,CHC,B,,,0,0,2025,-0.48,1.13,0.148419544141561,3.550765895346162,,,,1,4,Top,,,,,,,7.445645842887826,-138.96714305713664,-3.6820905239133648,-7.763800869547347,28.33436924550237,-16.79671577936332,3.46000253489197,1.60921042979619,,,,97.3,2018.0,7.1,778345,605131,518692,669242,571970,605141,624424,681624,606192,53.41,,,,,,,,26,1,4-Seam Fastball,0,1,1,0,1,0,1,0,Standard,Standard,218.0,-0.002,0.039,,,,,-0.039,,-1,1,0.4,0.6,23,40,24,41,2,1,7.0,4.0,7.0,1.0,1.35,0.48,0.48,46.3,,,,,
FO,2025-04-12,85.9,-2.17,6.05,"Sasaki, Roki",621020,808963,strikeout,swinging_strike,,,,,13.0,Dansby Swanson strikes out swinging.,R,R,R,LAD,CHC,S,2.0,,0,2,2025,-0.35,-0.42,-1.127559672915746,1.3134931076134753,,,,0,4,Top,,,,,,,3.244568198594627,-125.11284794912454,-4.186612970933709,-4.384152272613821,25.40413683624025,-35.92651577720205,3.57,1.65,,,,87.6,442.0,7.3,778345,605131,518692,669242,571970,605141,624424,681624,606192,53.2,,0.0,0.0,1.0,0.0,0.0,,25,3,Forkball,0,1,1,0,1,0,1,0,Infield shade,Standard,303.0,0.014,-0.165,66.1,8.3,0.558389088,,0.165,,-1,1,0.386,0.614,23,31,24,31,2,1,7.0,1.0,7.0,1.0,3.5,0.35,0.35,44.1,26.05850833994445,-39.25960988456526,40.58660156556998,22.069374215190518,54.13444618380787
FO,2025-04-12,85.5,-2.05,6.12,"Sasaki, Roki",621020,808963,,called_strike,,,,,4.0,,R,R,R,LAD,CHC,S,,,0,1,2025,-0.11,-0.54,-0.7358406930593537,2.2857503240609263,,,,0,4,Top,,,,,,,3.383023637229607,-124.5246289154281,-1.7102206041528905,-1.8179500566337743,24.231930654664403,-37.70080772333824,3.5699970744816,1.59841500985347,,,,87.3,378.0,7.3,778345,605131,518692,669242,571970,605141,624424,681624,606192,53.21,,,,,,,,25,2,Forkball,0,1,1,0,1,0,1,0,Standard,Standard,316.0,0.006,-0.055,,,,,0.055,,-1,1,0.38,0.62,23,31,24,31,2,1,7.0,1.0,7.0,1.0,3.65,0.11,0.11,47.5,,,,,
ST,2025-04-12,82.2,-2.37,6.05,"Sasaki, Roki",621020,808963,,called_strike,,,,,13.0,,R,R,R,LAD,CHC,S,,,0,0,2025,1.01,-0.33,-0.9146221474089322,2.1619962154119707,,,,0,4,Top,,,,,,,1.3421756888287284,-119.79423978016422,-1.7174137004421024,9.564129532636084,21.55769709388483,-35.24956476888609,3.57000080109175,1.67462992987424,,,,83.5,1825.0,6.9,778345,605131,518692,669242,571970,605141,624424,681624,606192,53.56,,,,,,,,25,1,Sweeper,0,1,1,0,1,0,1,0,Standard,Standard,54.0,0.003,-0.039,,,,,0.039,,-1,1,0.377,0.623,23,31,24,31,2,1,7.0,1.0,7.0,1.0,3.67,-1.01,-1.01,49.1,,,,,
FF,2025-04-12,96.4,-2.24,6.02,"Sasaki, Roki",683737,808963,field_out,hit_into_play,,,,,1.0,Michael Busch flies out sharply to center fielder Andy Pages.,R,L,R,LAD,CHC,X,8.0,fly_ball,2,1,2025,-0.88,1.12,-0.5314401779915329,2.8311064155027337,608348.0,664023.0,663656.0,2,3,Top,134.38,38.17,,,,,6.633326385477504,-140.18255646315407,-5.500451378765956,-13.081819390587988,31.72249647175411,-16.3488670449841,3.35,1.55,397.0,102.6,28.0,97.6,2150.0,7.0,778345,605131,518692,669242,571970,605141,624424,681624,606192,53.48,0.612,1.1891428571428568,0.0,1.0,0.0,0.0,6.0,21,4,4-Seam Fastball,0,1,1,0,1,0,1,0,Standard,Standard,224.0,0.081,-0.287,69.2,6.6,,2.321,0.287,102.6,-1,1,0.356,0.644,23,27,24,28,2,1,7.0,1.0,7.0,1.0,1.34,0.88,-0.88,39.5,14.083329227356725,0.0015961803465048,31.890122794649745,37.76800390311344,29.520192035899555
FO,2025-04-12,85.8,-2.19,6.13,"Sasaki, Roki",683737,808963,,ball,,,,,13.0,,R,L,R,LAD,CHC,B,,,1,1,2025,-0.51,-0.65,-1.3913046408031282,1.7161136074513283,608348.0,664023.0,663656.0,2,3,Top,,,,,,,2.965275523332042,-124.86178279640498,-2.8488676082944004,-5.922067987522821,26.70897504453827,-38.59955025066674,3.35000268882903,1.63218513043653,,,,86.6,448.0,6.9,778345,605131,518692,669242,571970,605141,624424,681624,606192,53.56,,,,,,,,21,3,Forkball,0,1,1,0,1,0,1,0,Standard,Standard,300.0,-0.013,0.034,,,,,-0.034,,-1,1,0.369,0.631,23,27,24,28,2,1,7.0,1.0,7.0,1.0,3.77,0.51,-0.51,45.5,,,,,
FO,2025-04-12,85.0,-2.14,6.07,"Sasaki, Roki",683737,808963,,ball,,,,,13.0,,R,L,R,LAD,CHC,B,,,0,1,2025,-0.24,-0.65,-1.4178227297426984,1.214537760443569,608348.0,664023.0,663656.0,2,3,Top,,,,,,,2.1996148672214844,-123.77786383764382,-3.776551527521008,-2.927606695341618,26.091920743907963,-38.25648068475108,3.34999898683214,1.65533540637519,,,,86.0,516.0,7.0,778345,605131,518692,669242,571970,605141,624424,681624,606192,53.48,,,,,,,,21,2,Forkball,0,1,1,0,1,0,1,0,Standard,Standard,320.0,-0.007,0.031,,,,,-0.031,,-1,1,0.376,0.624,23,27,24,28,2,1,7.0,1.0,7.0,1.0,3.81,0.24,-0.24,46.2,,,,,
FF,2025-04-12,97.1,-2.24,5.99,"Sasaki, Roki",683737,808963,,called_strike,,,,,7.0,,R,L,R,LAD,CHC,S,,,0,0,2025,-1.06,1.16,-0.7269656731417204,2.0979752909079545,608348.0,664023.0,663656.0,2,3,Top,,,,,,,6.567321268535555,-141.1440170708708,-7.645933620233722,-15.629134767301888,31.477365621778063,-15.139476782992174,3.34999915359472,1.66086768001619,,,,98.5,2154.0,7.1,778345,605131,518692,669242,571970,605141,624424,681624,606192,53.44,,,,,,,,21,1,4-Seam Fastball,0,1,1,0,1,0,1,0,Standard,Standard,224.0,0.011,-0.035,,,,,0.035,,-1,1,0.365,0.635,23,27,24,28,2,1,7.0,1.0,7.0,1.0,1.26,1.06,-1.06,39.1,,,,,
FF,2025-04-12,97.2,-2.11,5.98,"Sasaki, Roki",673548,808963,field_out,hit_into_play,,,,,4.0,Seiya Suzuki lines out to second baseman Tommy Edman.,R,R,R,LAD,CHC,X,4.0,line_drive,1,0,2025,-0.68,1.2,-0.3442569740676932,2.3726925603088507,608348.0,664023.0,663656.0,1,3,Top,127.44,134.95,,,,,6.393337663335053,-141.30302422213583,-7.012792422680369,-10.571126368898849,29.99695367213136,-14.665130530244369,3.14,1.4,165.0,88.1,10.0,98.8,2091.0,7.1,778345,605131,518692,669242,571970,605141,624424,681624,606192,53.43,0.557,0.501,0.0,1.0,0.0,0.0,4.0,20,2,4-Seam Fastball,0,1,1,0,1,0,1,0,Infield shade,Standard,222.0,0.079,-0.199,76.9,6.6,,0.579,0.199,88.1,-1,1,0.286,0.714,23,30,24,31,2,1,7.0,1.0,7.0,4.0,1.2,0.68,0.68,41.7,-3.74583601338011,6.283893806488577,34.01520795732326,31.23785526800421,27.044723290940592
FF,2025-04-12,95.6,-2.08,6.08,"Sasaki, Roki",673548,808963,,ball,,,,,11.0,,R,R,R,LAD,CHC,B,,,0,0,2025,-0.76,1.32,-1.2519043103422862,2.9608630741369955,608348.0,664023.0,663656.0,1,3,Top,,,,,,,3.937344719572408,-139.1309349858274,-5.674584669461055,-10.682062484631604,29.098515573115595,-13.980023981237958,3.13999762728785,1.43245429050159,,,,97.3,2018.0,7.1,778345,605131,518692,669242,571970,605141,624424,681624,606192,53.41,,,,,,,,20,1,4-Seam Fastball,0,1,1,0,1,0,1,0,Infield shade,Standard,226.0,-0.008,0.038,,,,,-0.038,,-1,1,0.294,0.706,23,30,24,31,2,1,7.0,1.0,7.0,4.0,1.16,0.76,0.76,44.0,,,,,
FF,2025-04-12,96.4,-2.28,5.94,"Sasaki, Roki",663656,808963,walk,ball,,,,,13.0,Kyle Tucker walks. Carson Kelly to 3rd. Ian Happ to 2nd.,R,L,R,LAD,CHC,B,,,3,1,2025,-0.67,1.22,-1.0215119958221868,1.9355194239674505,,608348.0,664023.0,1,3,Top,,,,,,,4.929307707106381,-140.2402734287793,-7.961612867485718,-9.899183940580444,28.803014508554824,-14.448900896522506,3.56451430464232,1.66601942272003,,,,97.8,2039.0,6.9,778345,605131,518692,669242,571970,605141,624424,681624,606192,53.63,,0.691497,0.7,1.0,0.0,0.0,,19,5,4-Seam Fastball,0,1,1,0,1,0,1,0,Standard,Standard,222.0,-0.034,0.212,,,,,-0.212,,-1,1,0.328,0.672,23,28,24,28,2,1,7.0,1.0,7.0,1.0,1.21,0.67,-0.67,39.6,,,,,
FF,2025-04-12,96.6,-2.26,5.92,"Sasaki, Roki",663656,808963,,called_strike,,,,,9.0,,R,L,R,LAD,CHC,S,,,3,0,2025,-0.79,1.19,0.3641538989811286,2.0641250458398077,,608348.0,664023.0,1,3,Top,,,,,,,8.85762066889715,-140.2842049841004,-7.48301574658184,-12.365976460325646,30.52235945501987,-14.951138177099429,3.40000134864791,1.52962839829602,,,,97.6,2027.0,6.9,778345,605131,518692,669242,571970,605141,624424,681624,606192,53.63,,,,,,,,19,4,4-Seam Fastball,0,1,1,0,1,0,1,0,Standard,Standard,227.0,0.012,-0.077,,,,,0.077,,-1,1,0.316,0.684,23,28,24,28,2,1,7.0,1.0,7.0,1.0,1.26,0.79,-0.79,40.5,,,,,
FF,2025-04-12,96.3,-2.37,5.99,"Sasaki, Roki",663656,808963,,ball,,,,,1.0,,R,L,R,LAD,CHC,B,,,2,0,2025,-0.7,1.2,-0.8090727914746532,3.54618623786362,,608348.0,664023.0,1,3,Top,,,,,,,5.79264783073148,-140.12984283856176,-3.692013321701412,-10.47336687464558,30.5347958254204,-15.704241074251108,3.49697878286364,1.66317506902966,,,,97.6,2052.0,7.0,778345,605131,518692,669242,571970,605141,624424,681624,606192,53.54,,,,,,,,19,3,4-Seam Fastball,0,1,1,0,1,0,1,0,Standard,Standard,227.0,-0.017,0.117,,,,,-0.117,,-1,1,0.333,0.667,23,28,24,28,2,1,7.0,1.0,7.0,1.0,1.25,0.7,-0.7,39.8,,,,,
FO,2025-04-12,85.6,-2.15,6.02,"Sasaki, Roki",663656,808963,,blocked_ball,,,,,13.0,,R,L,R,LAD,CHC,B,,,1,0,2025,-0.14,-0.62,-0.4640294532344978,0.8177650965168368,,608348.0,664023.0,1,3,Top,,,,,,,4.3318471927328,-124.5954498300828,-4.815519156767974,-2.3636815995835327,25.3372686076064,-37.812950992527,3.51800376303989,1.55408647251215,,,,86.8,450.0,7.1,778345,605131,518692,669242,571970,605141,624424,681624,606192,53.43,,,,,,,,19,2,Forkball,0,1,1,0,1,0,1,0,Standard,Standard,325.0,-0.011,0.071,,,,,-0.071,,-1,1,0.344,0.656,23,28,24,28,2,1,7.0,1.0,7.0,1.0,3.73,0.14,-0.14,42.9,,,,,
FO,2025-04-12,83.8,-2.08,6.06,"Sasaki, Roki",663656,808963,,ball,,,,,11.0,,R,L,R,LAD,CHC,B,,,0,0,2025,-0.02,-0.61,-1.4560955048882565,3.661483024525148,,608348.0,664023.0,1,3,Top,,,,,,,1.4980816548503315,-122.04837725658172,2.108911622633839,-0.4507707106895999,24.312584351327853,-38.86260017513696,3.39999808095551,1.57485062393848,,,,85.0,515.0,7.1,778345,605131,518692,669242,571970,605141,624424,681624,606192,53.44,,,,,,,,19,1,Forkball,0,1,1,0,1,0,1,0,Infield shade,Standard,322.0,-0.006,0.031,,,,,-0.031,,-1,1,0.35,0.65,23,28,24,28,2,1,7.0,1.0,7.0,1.0,3.85,0.02,-0.02,45.5,,,,,
FF,2025-04-12,96.6,-2.17,6.07,"Sasaki, Roki",664023,808963,single,hit_into_play,,,,,5.0,Ian Happ singles on a line drive to right fielder Teoscar Hernández. Carson Kelly to 2nd.,R,L,R,LAD,CHC,X,9.0,line_drive,1,1,2025,-0.87,1.12,0.1743371886106272,2.537292882736168,,,608348.0,1,3,Top,185.16,107.82,,,,,8.324643760040352,-140.39495165381825,-6.454382622471994,-13.356099548872823,32.382738738858365,-16.068073313326604,3.51,1.56,170.0,87.0,13.0,97.8,2117.0,7.1,778345,605131,518692,669242,571970,605141,624424,681624,606192,53.44,0.861,0.821,0.9,1.0,1.0,0.0,4.0,18,3,4-Seam Fastball,0,1,1,0,1,0,1,0,Standard,Standard,228.0,-0.037,0.427,73.4,6.6,,1.002,-0.427,88.0,-1,1,0.387,0.613,23,30,24,31,2,1,7.0,1.0,7.0,1.0,1.33,0.87,-0.87,45.4,5.578622884301763,2.2087892263151683,35.70586175271587,30.71155282682385,31.1990783706466
FO,2025-04-12,85.5,-2.07,6.03,"Sasaki, Roki",664023,808963,,ball,,,,,13.0,,R,L,R,LAD,CHC,B,,,0,1,2025,-0.18,-0.74,-0.473692216880898,1.3465850396658698,,,608348.0,1,3,Top,,,,,,,4.201262089862675,-124.4354125667983,-3.2657202294208085,-2.7683338488892253,26.27224328034473,-39.33738023899048,3.66413957171735,1.63592389949951,,,,86.6,461.0,7.1,778345,605131,518692,669242,571970,605141,624424,681624,606192,53.4,,,,,,,,18,2,Forkball,0,1,1,0,1,0,1,0,Standard,Standard,316.0,-0.003,0.019,,,,,-0.019,,-1,1,0.39,0.61,23,30,24,31,2,1,7.0,1.0,7.0,1.0,3.87,0.18,-0.18,45.3,,,,,
FF,2025-04-12,95.5,-2.02,6.06,"Sasaki, Roki",664023,808963,,called_strike,,,,,6.0,,R,L,R,LAD,CHC,S,,,0,0,2025,-0.95,1.04,0.5788106392145452,2.5161811199279893,,,608348.0,1,3,Top,,,,,,,9.10073051098376,-138.7453623450677,-6.151611795167644,-14.18248714964323,28.973549701420243,-17.470808413576233,3.64711660895372,1.68375159191771,,,,97.0,2117.0,7.1,778345,605131,518692,669242,571970,605141,624424,681624,606192,53.42,,,,,,,,18,1,4-Seam Fastball,0,1,1,0,1,0,1,0,Standard,Standard,225.0,0.004,-0.04,,,,,0.04,,-1,1,0.386,0.614,23,30,24,31,2,1,7.0,1.0,7.0,1.0,1.45,0.95,-0.95,40.0,,,,,
FF,2025-04-12,96.8,-2.32,5.97,"Sasaki, Roki",608348,808963,walk,ball,,,,,12.0,Carson Kelly walks.,R,R,R,LAD,CHC,B,,,3,2,2025,-0.79,1.21,1.3551119471613782,2.639254904710663,,,,1,3,Top,,,,,,,11.81708721632748,-140.4273011437102,-6.169120686912736,-13.24341037658808,32.66562140119874,-14.857952258204309,3.36999753571816,1.54915678242807,,,,98.2,2133.0,7.3,778345,605131,518692,669242,571970,605141,624424,681624,606192,53.21,,0.691497,0.7,1.0,0.0,0.0,,17,7,4-Seam Fastball,0,1,1,0,1,0,1,0,Strategic,Standard,228.0,-0.02,0.339,,,,,-0.339,,-1,1,0.406,0.594,23,30,24,31,1,0,7.0,4.0,7.0,1.0,1.24,0.79,0.79,43.6,,,,,
FF,2025-04-12,96.4,-2.18,6.02,"Sasaki, Roki",608348,808963,,foul,,,,,5.0,,R,R,R,LAD,CHC,S,,,3,2,2025,-0.81,1.11,-0.1921732408589141,2.5449341322621613,,,,1,3,Top,,,,,,,7.249533820511512,-140.2702863075706,-6.358270026122063,-12.19341513339634,27.85627311668709,-16.26678606682973,3.37,1.62,229.0,73.5,36.0,98.4,2146.0,7.2,778345,605131,518692,669242,571970,605141,624424,681624,606192,53.34,,,,,,,,17,6,4-Seam Fastball,0,1,1,0,1,0,1,0,Standard,Standard,222.0,0.0,0.0,61.7,6.1,,,0.0,88.0,-1,1,0.406,0.594,23,30,24,31,1,0,7.0,4.0,7.0,1.0,1.32,0.81,0.81,42.7,-4.028278152877078,10.996150647088404,37.722314394843,34.276779466808115,18.65723965440183
FF,2025-04-12,97.2,-2.19,6.02,"Sasaki, Roki",608348,808963,,foul,,,,,4.0,,R,R,R,LAD,CHC,S,,,3,1,2025,-0.81,1.25,-0.6843627154555673,2.690174402400242,,,,1,3,Top,,,,,,,5.990334524848811,-141.455662424082,-6.395467188333486,-12.223291292762536,28.432133268564208,-14.159276425342863,3.37,1.62,157.0,60.1,49.0,99.1,2183.0,7.1,778345,605131,518692,669242,571970,605141,624424,681624,606192,53.41,,,,,,,,17,5,4-Seam Fastball,0,1,1,0,1,0,1,0,Standard,Standard,222.0,0.006,-0.087,69.0,6.4,,,0.087,88.0,-1,1,0.4,0.6,23,30,24,31,1,0,7.0,4.0,7.0,1.0,1.14,0.81,0.81,42.7,3.471056534267276,1.015525982950028,37.39357530875795,28.348672147024647,23.02800868723974
FF,2025-04-12,96.5,-2.28,5.99,"Sasaki, Roki",608348,808963,,called_strike,,,,,4.0,,R,R,R,LAD,CHC,S,,,3,0,2025,-0.8,1.3,-0.3454811272195851,2.429889879237749,,,,1,3,Top,,,,,,,7.030507314310855,-140.28374828238532,-6.9483224167342605,-12.056225911254003,30.125777837890706,-13.626281320906347,3.37000023099351,1.61969692520044,,,,97.8,2141.0,7.0,778345,605131,518692,669242,571970,605141,624424,681624,606192,53.51,,,,,,,,17,4,4-Seam Fastball,0,1,1,0,1,0,1,0,Standard,Standard,223.0,0.004,-0.088,,,,,0.088,,-1,1,0.396,0.604,23,30,24,31,1,0,7.0,4.0,7.0,1.0,1.14,0.8,0.8,43.1,,,,,
FF,2025-04-12,97.0,-2.35,5.93,"Sasaki, Roki",608348,808963,,ball,,,,,14.0,,R,R,R,LAD,CHC,B,,,2,0,2025,-0.82,1.19,0.3631789887715451,1.425948416766146,,,,1,3,Top,,,,,,,9.29108387822191,-140.77357223879653,-9.385552179873477,-12.91975271567472,30.043413846055618,-14.427617095395906,3.37000058327172,1.7494112904786,,,,98.8,2158.0,7.3,778345,605131,518692,669242,571970,605141,624424,681624,606192,53.18,,,,,,,,17,3,4-Seam Fastball,0,1,1,0,1,0,1,0,Standard,Standard,223.0,-0.007,0.143,,,,,-0.143,,-1,1,0.403,0.597,23,30,24,31,1,0,7.0,4.0,7.0,1.0,1.24,0.82,0.82,40.8,,,,,
FF,2025-04-12,95.8,-2.29,6.0,"Sasaki, Roki",608348,808963,,ball,,,,,14.0,,R,R,R,LAD,CHC,B,,,1,0,2025,-0.85,1.09,2.257380629085296,1.070278980003085,,,,1,3,Top,,,,,,,14.154346306525431,-138.61788563210084,-10.033372809368586,-13.867520128506152,27.757190224108005,-15.970071758550558,3.37000252370784,1.62528179830352,,,,97.6,2158.0,7.4,778345,605131,518692,669242,571970,605141,624424,681624,606192,53.12,,,,,,,,17,2,4-Seam Fastball,0,1,1,0,1,0,1,0,Standard,Standard,224.0,-0.005,0.071,,,,,-0.071,,-1,1,0.408,0.592,23,30,24,31,1,0,7.0,4.0,7.0,1.0,1.4,0.85,0.85,41.7,,,,,
ST,2025-04-12,84.7,-2.25,6.02,"Sasaki, Roki",608348,808963,,ball,,,,,14.0,,R,R,R,LAD,CHC,B,,,0,0,2025,0.77,-0.17,0.2259039246421299,1.322046642945033,,,,1,3,Top,,,,,,,4.309328711169488,-123.32601499002044,-4.414182905343877,7.165036376282723,22.38683712522369,-33.260291856303624,3.39225465831267,1.65861071476169,,,,86.5,1848.0,7.2,778345,605131,518692,669242,571970,605141,624424,681624,606192,53.32,,,,,,,,17,1,Sweeper,0,1,1,0,1,0,1,0,Standard,Standard,40.0,-0.002,0.039,,,,,-0.039,,-1,1,0.41,0.59,23,30,24,31,1,0,7.0,4.0,7.0,1.0,3.32,-0.77,-0.77,43.0,,,,,
FF,2025-04-12,96.6,-2.25,6.08,"Sasaki, Roki",691718,808963,field_out,hit_into_play,,,,,1.0,Pete Crow-Armstrong flies out to left fielder Michael Conforto.,R,L,R,LAD,CHC,X,7.0,fly_ball,2,2,2025,-0.89,1.21,-0.3872774988236879,2.9179115247351457,,,,0,3,Top,88.06,130.59,,,,,7.071751345978075,-140.4987244180357,-5.705278577383845,-13.28421146554369,29.915673557595724,-15.029724691894412,3.18,1.5,204.0,95.0,61.0,98.2,2051.0,7.1,778345,605131,518692,669242,571970,605141,624424,681624,606192,53.42,0.018,0.019,0.0,1.0,0.0,0.0,3.0,16,5,4-Seam Fastball,0,1,1,0,1,0,1,0,Standard,Standard,225.0,0.019,-0.232,70.4,6.9,,0.026,0.232,95.0,-1,1,0.391,0.609,23,23,24,23,1,0,7.0,1.0,7.0,1.0,1.22,0.89,-0.89,43.9,14.229385217128888,1.5877417449292175,29.638171466084813,38.58994077886549,33.96948556555225
FO,2025-04-12,85.1,-2.27,6.12,"Sasaki, Roki",691718,808963,,ball,,,,,11.0,,R,L,R,LAD,CHC,B,,,1,2,2025,0.28,-0.38,-1.185427259813202,3.769463196880884,,,,0,3,Top,,,,,,,2.013447342398868,-124.01215389914007,1.5899490884998395,2.449623139987595,24.70565723044749,-36.60040887556831,3.18000290628652,1.5066386383359,,,,86.6,589.0,7.1,778345,605131,518692,669242,571970,605141,624424,681624,606192,53.36,,,,,,,,16,4,Forkball,0,1,1,0,1,0,1,0,Standard,Standard,307.0,-0.004,0.043,,,,,-0.043,,-1,1,0.395,0.605,23,23,24,23,1,0,7.0,1.0,7.0,1.0,3.51,-0.28,0.28,45.9,,,,,
FO,2025-04-12,85.3,-2.16,6.13,"Sasaki, Roki",691718,808963,,ball,,,,,11.0,,R,L,R,LAD,CHC,B,,,0,2,2025,-0.05,-0.21,-2.1931447124590795,3.320671228536482,,,,0,3,Top,,,,,,,0.0386953035720726,-124.2995308578042,0.1022755966107191,-0.5460948409290607,24.824423069585517,-34.546929272768175,3.27195274452093,1.4976510118003,,,,86.6,456.0,7.1,778345,605131,518692,669242,571970,605141,624424,681624,606192,53.44,,,,,,,,16,3,Forkball,0,1,1,0,1,0,1,0,Standard,Standard,308.0,-0.002,0.024,,,,,-0.024,,-1,1,0.397,0.603,23,23,24,23,1,0,7.0,1.0,7.0,1.0,3.33,0.05,-0.05,44.0,,,,,
FF,2025-04-12,97.5,-2.19,6.09,"Sasaki, Roki",691718,808963,,foul,,,,,1.0,,R,L,R,LAD,CHC,S,,,0,1,2025,-0.85,1.26,-0.3334650021978486,2.7202742070025963,,,,0,3,Top,,,,,,,7.056858334591304,-141.69556260160255,-6.516971801752486,-13.104764082177896,33.52804933069432,-13.860011467720623,3.18,1.5,225.0,78.6,25.0,98.6,2276.0,7.1,778345,605131,518692,669242,571970,605141,624424,681624,606192,53.42,,,,,,,,16,2,4-Seam Fastball,0,1,1,0,1,0,1,0,Standard,Standard,229.0,0.006,-0.055,73.3,7.0,,,0.055,88.0,-1,1,0.391,0.609,23,23,24,23,1,0,7.0,1.0,7.0,1.0,1.15,0.85,-0.85,42.2,10.781421103234116,3.661687902900291,32.76176378299377,37.8889582034535,31.231277202240378
FF,2025-04-12,95.3,-2.31,6.05,"Sasaki, Roki",691718,808963,,foul,,,,,5.0,,R,L,R,LAD,CHC,S,,,0,0,2025,-0.87,1.32,-0.2309077771648353,2.55481623782718,,,,0,3,Top,,,,,,,7.556787659191117,-138.5019939323806,-6.611568441715693,-12.915060414292174,30.00694979911933,-13.8704887686808,3.18,1.5,,,,96.9,2045.0,7.2,778345,605131,518692,669242,571970,605141,624424,681624,606192,53.27,,,,,,,,16,1,4-Seam Fastball,0,1,1,0,1,0,1,0,Standard,Standard,229.0,0.003,-0.039,74.2,7.0,,,0.039,,-1,1,0.388,0.612,23,23,24,23,1,0,7.0,1.0,7.0,1.0,1.19,0.87,-0.87,42.9,12.349769892916154,0.7280211219913361,34.0643743313279,35.478398127801924,37.545133892618026
FF,2025-04-12,97.0,-2.22,6.07,"Sasaki, Roki",663538,808963,field_out,hit_into_play,,,,,2.0,"Nico Hoerner grounds out sharply, second baseman Tommy Edman to first baseman Freddie Freeman.",R,R,R,LAD,CHC,X,4.0,ground_ball,0,1,2025,-0.69,1.15,0.0490743150472207,2.826706623636974,,,,2,2,Top,130.11,144.88,,,,,7.771953682280848,-141.0540565314278,-5.861594562582141,-10.984251170026726,30.390108481162606,-15.69109219601978,3.3,1.57,18.0,100.3,-7.0,98.6,2216.0,7.1,778345,605131,518692,669242,571970,605141,624424,681624,606192,53.38,0.301,0.277,0.0,1.0,0.0,0.0,2.0,12,2,4-Seam Fastball,0,1,1,0,1,0,1,0,Infield shade,Standard,225.0,0.009,-0.217,65.7,6.6,,0.362,0.217,100.3,-1,1,0.434,0.566,23,28,24,28,1,0,7.0,1.0,7.0,1.0,1.27,0.69,0.69,42.8,6.84492682048603,7.3177844172155,28.352109767847036,35.160551312996525,20.70340820326216
ST,2025-04-12,82.4,-2.23,6.03,"Sasaki, Roki",663538,808963,,called_strike,,,,,8.0,,R,R,R,LAD,CHC,S,,,0,0,2025,1.17,-0.18,0.1063676199437742,1.996852801599478,,,,2,2,Top,,,,,,,3.071994680021507,-120.06084799268494,-2.363119132614577,10.82153480532588,22.309925990246576,-33.70605715207004,3.33302158958783,1.5959133519605,,,,84.0,1852.0,7.2,778345,605131,518692,669242,571970,605141,624424,681624,606192,53.33,,,,,,,,12,1,Sweeper,0,1,1,0,1,0,1,0,Standard,Standard,48.0,0.001,-0.043,,,,,0.043,,-1,1,0.433,0.567,23,28,24,28,1,0,7.0,1.0,7.0,1.0,3.52,-1.17,-1.17,48.1,,,,,
FF,2025-04-12,96.0,-2.2,6.12,"Sasaki, Roki",457759,808963,field_out,hit_into_play,,,,,5.0,"Justin Turner grounds out, third baseman Max Muncy to first baseman Freddie Freeman.",R,R,R,LAD,CHC,X,5.0,ground_ball,0,0,2025,-0.92,1.23,-0.0818120086365934,2.854722759279123,,,,1,2,Top,99.17,163.92,,,,,7.790036038272286,-139.6305718546286,-5.96262507588296,-13.664316416065532,28.975764832442557,-14.872098899178962,3.46,1.59,24.0,75.2,-4.0,97.8,2172.0,7.1,778345,605131,518692,669242,571970,605141,624424,681624,606192,53.35,0.08,0.072,0.0,1.0,0.0,0.0,2.0,11,1,4-Seam Fastball,0,1,1,0,1,0,1,0,Standard,Standard,221.0,0.015,-0.254,67.1,6.1,,0.118,0.254,88.0,-1,1,0.418,0.582,23,40,24,41,1,0,7.0,4.0,7.0,1.0,1.23,0.92,0.92,45.7,11.571256529415006,-0.0210893156275106,29.16921646838346,26.051297686520023,38.37151896316946
FO,2025-04-12,85.0,-2.1,6.08,"Sasaki, Roki",621020,808963,strikeout,foul_tip,,,,,7.0,Dansby Swanson strikes out on a foul tip.,R,R,R,LAD,CHC,S,2.0,,2,2,2025,-0.19,-0.73,-0.6587058814245415,1.6488805523712706,,,,0,2,Top,,,,,,,3.83809489139782,-123.76895160745325,-2.6027980436995106,-2.756926616283025,26.018474290509296,-39.28416990912544,3.57,1.65,,,,86.4,473.0,7.2,778345,605131,518692,669242,571970,605141,624424,681624,606192,53.26,,0.0,0.0,1.0,0.0,0.0,,10,6,Forkball,0,1,1,0,1,0,1,0,Standard,Standard,310.0,0.018,-0.232,73.5,7.8,,,0.232,,-1,1,0.4,0.6,23,31,24,31,1,0,7.0,1.0,7.0,1.0,3.89,0.19,0.19,49.6,17.68422951716306,-16.34026072075132,40.53960033058478,27.67646665764092,37.971114081039474
FF,2025-04-12,96.6,-2.17,6.1,"Sasaki, Roki",621020,808963,,foul,,,,,8.0,,R,R,R,LAD,CHC,S,,,2,2,2025,-0.92,0.94,-0.1282104023550963,2.1392203902551667,,,,0,2,Top,,,,,,,7.612164072208255,-140.40165551079326,-7.249720341386444,-13.768081875640176,29.27546801589937,-18.23484903992745,3.57,1.65,,,,98.0,2091.0,7.0,778345,605131,518692,669242,571970,605141,624424,681624,606192,53.51,,,,,,,,10,5,4-Seam Fastball,0,1,1,0,1,0,1,0,Standard,Standard,226.0,0.0,0.0,79.3,8.0,,,0.0,,-1,1,0.4,0.6,23,31,24,31,1,0,7.0,1.0,7.0,1.0,1.49,0.92,0.92,43.7,30.86804038952057,-9.49525932348944,34.52036852312785,32.56197330931298,41.08345088490855
FF,2025-04-12,96.8,-2.26,5.99,"Sasaki, Roki",621020,808963,,foul,,,,,8.0,,R,R,R,LAD,CHC,S,,,2,1,2025,-0.55,1.14,-0.1440329894755759,1.7574712139557302,,,,0,2,Top,,,,,,,7.0092357084575925,-140.71919459377764,-8.525874934121413,-8.778714234510035,29.2630153389802,-15.304698768967622,3.57,1.65,3.0,84.5,-33.0,98.8,2104.0,7.3,778345,605131,518692,669242,571970,605141,624424,681624,606192,53.25,,,,,,,,10,4,4-Seam Fastball,0,1,1,0,1,0,1,0,Standard,Standard,226.0,0.006,-0.073,80.6,7.6,,,0.073,88.0,-1,1,0.394,0.606,23,31,24,31,1,0,7.0,1.0,7.0,1.0,1.28,0.55,0.55,48.5,13.915585201223992,-6.7190549106428685,39.49588658222992,33.34846952328655,33.42872933484615
FF,2025-04-12,96.5,-2.27,6.01,"Sasaki, Roki",621020,808963,,swinging_strike,,,,,11.0,,R,R,R,LAD,CHC,S,,,2,0,2025,-0.53,1.19,-0.9591106699664002,2.8439014058633747,,,,0,2,Top,,,,,,,4.761888103618422,-140.39943062699942,-5.648950995751833,-8.107039476601884,30.458857375853427,-15.332429865841636,3.57,1.65,,,,97.9,2088.0,7.0,778345,605131,518692,669242,571970,605141,624424,681624,606192,53.51,,,,,,,,10,3,4-Seam Fastball,0,1,1,0,1,0,1,0,Standard,Standard,228.0,0.007,-0.072,70.8,7.1,1.554010284,,0.072,,-1,1,0.387,0.613,23,31,24,31,1,0,7.0,1.0,7.0,1.0,1.25,0.53,0.53,45.2,19.98457938711185,-21.145446266226724,29.206036653935875,21.8431819370343,40.08748143047062
ST,2025-04-12,82.9,-2.12,6.0,"Sasaki, Roki",621020,808963,,ball,,,,,14.0,,R,R,R,LAD,CHC,B,,,1,0,2025,0.88,0.45,1.0194554401815012,0.8879851733057853,,,,0,2,Top,,,,,,,5.527039536643819,-120.5567812501678,-6.145859801639107,7.452074476296005,24.004968493033957,-26.7342308135316,3.56999952497419,1.6736635499635,,,,83.8,1834.0,7.0,778345,605131,518692,669242,571970,605141,624424,681624,606192,53.5,,,,,,,,10,2,Sweeper,0,1,1,0,1,0,1,0,Standard,Standard,31.0,-0.007,0.077,,,,,-0.077,,-1,1,0.394,0.606,23,31,24,31,1,0,7.0,1.0,7.0,1.0,2.87,-0.88,-0.88,43.7,,,,,
ST,2025-04-12,82.8,-2.25,6.06,"Sasaki, Roki",621020,808963,,ball,,,,,3.0,,R,R,R,LAD,CHC,B,,,0,0,2025,0.81,0.48,0.7338436539221449,3.2451483215110875,,,,0,2,Top,,,,,,,5.306720564733064,-120.52350182504804,-0.8334294706007099,6.807174479859127,24.899575531904592,-27.55791191727418,3.56999454580319,1.66895715106552,,,,83.8,1773.0,7.1,778345,605131,518692,669242,571970,605141,624424,681624,606192,53.4,,,,,,,,10,1,Sweeper,0,1,1,0,1,0,1,0,Standard,Standard,43.0,-0.003,0.041,,,,,-0.041,,-1,1,0.397,0.603,23,31,24,31,1,0,7.0,1.0,7.0,1.0,2.86,-0.81,-0.81,44.5,,,,,
FF,2025-04-12,98.0,-2.23,6.11,"Sasaki, Roki",683737,808963,home_run,hit_into_play,,,,,1.0,Michael Busch homers (2) on a fly ball to left center field.,R,L,R,LAD,CHC,X,,fly_ball,2,2,2025,-0.73,1.2,-0.7946874273827496,2.9293503294045022,,,,0,2,Top,72.88,56.03,,,,,5.639405404404167,-142.6546713327116,-6.003630407215098,-11.273384105917312,31.475876008902656,-14.56850757643582,3.35,1.55,378.0,102.9,32.0,99.5,2086.0,7.0,778345,605131,518692,669242,571970,605141,624424,681624,606192,53.47,0.621,1.2407272727272731,2.0,1.0,0.0,3.0,6.0,9,6,4-Seam Fastball,0,0,0,0,1,0,1,0,Infield shade,Standard,224.0,-0.106,1.141,67.8,6.5,,2.442,-1.141,102.9,0,0,0.503,0.497,23,27,24,28,1,0,7.0,1.0,7.0,1.0,1.16,0.73,-0.73,45.3,9.87211181912371,13.574798549658365,29.898192128028345,41.96791366701794,24.93976786170076
FF,2025-04-12,97.4,-2.16,6.06,"Sasaki, Roki",683737,808963,,foul,,,,,4.0,,R,L,R,LAD,CHC,S,,,2,2,2025,-1.18,0.92,-0.5045641939429293,2.6070302691281686,,,,0,2,Top,,,,,,,7.246988563220331,-141.5781324059865,-5.950317244403895,-17.463078838547567,31.147407845061327,-18.57778153026662,3.35,1.55,239.0,92.5,61.0,98.8,2047.0,7.1,778345,605131,518692,669242,571970,605141,624424,681624,606192,53.43,,,,,,,,9,5,4-Seam Fastball,0,0,0,0,0,0,0,0,Infield shade,Standard,227.0,0.0,0.0,71.5,6.7,,,0.0,92.5,0,0,0.503,0.497,23,27,24,28,1,0,7.0,1.0,7.0,1.0,1.48,1.18,-1.18,40.4,11.063236789973212,7.049883733879272,36.2128639909489,37.31357336507497,27.94084675687815
FO,2025-04-12,88.1,-2.1,6.04,"Sasaki, Roki",683737,808963,,ball,,,,,13.0,,R,L,R,LAD,CHC,B,,,1,2,2025,-0.19,-0.17,-1.1498886230138048,0.8132637505231965,,,,0,2,Top,,,,,,,2.7526765713443027,-128.19725495402733,-6.3653604863288535,-2.6354226377859757,25.526576179900445,-32.93598282337366,3.3500002207243,1.67149661528539,,,,89.9,696.0,7.3,778345,605131,518692,669242,571970,605141,624424,681624,606192,53.21,,,,,,,,9,4,Forkball,0,0,0,0,0,0,0,0,Infield shade,Standard,285.0,-0.004,0.043,,,,,-0.043,,0,0,0.507,0.493,23,27,24,28,1,0,7.0,1.0,7.0,1.0,3.09,0.19,-0.19,48.4,,,,,
FO,2025-04-12,85.6,-2.23,6.14,"Sasaki, Roki",683737,808963,,ball,,,,,11.0,,R,L,R,LAD,CHC,B,,,0,2,2025,-0.1,-0.17,-1.521809423221656,2.8203797225742915,,,,0,2,Top,,,,,,,1.927269769794448,-124.766750356106,-1.2411889350127667,-1.4620320876787338,24.5698273020706,-33.92649840656215,3.40831161542901,1.69771949970564,,,,87.2,543.0,7.2,778345,605131,518692,669242,571970,605141,624424,681624,606192,53.32,,,,,,,,9,3,Forkball,0,0,0,0,0,0,0,0,Infield shade,Standard,299.0,-0.002,0.024,,,,,-0.024,,0,0,0.509,0.491,23,27,24,28,1,0,7.0,1.0,7.0,1.0,3.27,0.1,-0.1,47.6,,,,,
FF,2025-04-12,98.3,-2.26,6.1,"Sasaki, Roki",683737,808963,,swinging_strike,,,,,11.0,,R,L,R,LAD,CHC,S,,,0,1,2025,-0.98,1.32,-0.95016042900953,3.154287899122475,,,,0,2,Top,,,,,,,5.905214480595493,-142.97873730361766,-5.653945167475361,-14.7987645183182,33.73907158253733,-12.916431551017746,3.35,1.55,,,,99.6,2122.0,7.1,778345,605131,518692,669242,571970,605141,624424,681624,606192,53.42,,,,,,,,9,2,4-Seam Fastball,0,0,0,0,0,0,0,0,Standard,Standard,226.0,0.006,-0.055,65.5,6.7,1.04555808,,0.055,,0,0,0.503,0.497,23,27,24,28,1,0,7.0,1.0,7.0,1.0,1.04,0.98,-0.98,41.6,9.386223518048508,20.215081619579628,30.16076987900947,43.23004962938199,16.912637096307556
FF,2025-04-12,96.7,-2.34,6.04,"Sasaki, Roki",683737,808963,,foul,,,,,5.0,,R,L,R,LAD,CHC,S,,,0,0,2025,-1.22,1.2,-0.1559796477653809,2.394218060409242,,,,0,2,Top,,,,,,,8.719503985994823,-140.30311302383217,-6.920259232278182,-18.16093014397343,34.11812054668249,-14.841678241310303,3.35,1.55,232.0,87.0,63.0,97.4,2100.0,7.0,778345,605131,518692,669242,571970,605141,624424,681624,606192,53.46,,,,,,,,9,1,4-Seam Fastball,0,0,0,0,0,0,0,0,Standard,Standard,225.0,0.003,-0.039,65.8,7.2,,,0.039,88.0,0,0,0.5,0.5,23,27,24,28,1,0,7.0,1.0,7.0,1.0,1.26,1.22,-1.22,42.1,16.069877846953567,-11.058160477133686,41.42229771928214,34.052319782744064,32.94281621261858
FF,2025-04-12,97.8,-2.26,5.99,"Sasaki, Roki",673548,808963,field_out,hit_into_play,,,,,9.0,"Seiya Suzuki grounds out sharply, shortstop Mookie Betts to first baseman Freddie Freeman.",R,R,R,LAD,CHC,X,6.0,ground_ball,1,0,2025,-0.95,1.05,0.2837170784208771,1.5198370365015244,,,,2,1,Top,108.69,151.22,,,,,9.149134173184008,-141.94494581963917,-9.047061804524976,-14.90814445109662,32.483893480560944,-16.000574780113464,3.14,1.4,5.0,102.7,-16.0,98.8,2118.0,7.0,778345,605131,518692,669242,571970,605141,624424,681624,606192,53.54,0.223,0.204,0.0,1.0,0.0,0.0,2.0,3,2,4-Seam Fastball,0,0,0,0,0,0,0,0,Infield shade,Standard,225.0,0.011,-0.297,74.5,7.3,,0.224,0.297,102.7,0,0,0.537,0.463,23,30,24,31,1,0,7.0,1.0,7.0,4.0,1.34,0.95,0.95,40.3,-0.4461626700986826,2.126487740431404,37.61072842287281,39.39764914990839,27.23598092769317
ST,2025-04-12,84.8,-2.29,6.03,"Sasaki, Roki",673548,808963,,ball,,,,,11.0,,R,R,R,LAD,CHC,B,,,0,0,2025,0.72,-0.41,-1.1189327493807448,2.8453456220071245,,,,2,1,Top,,,,,,,1.327676601943506,-123.52183026599744,-0.2958757464917719,7.095753093726839,24.300077938771345,-36.56693760269761,3.14000133415797,1.40211444826425,,,,86.0,1839.0,7.0,778345,605131,518692,669242,571970,605141,624424,681624,606192,53.51,,,,,,,,3,1,Sweeper,0,0,0,0,0,0,0,0,Infield shade,Standard,44.0,-0.001,0.037,,,,,-0.037,,0,0,0.538,0.462,23,30,24,31,1,0,7.0,1.0,7.0,4.0,3.57,-0.72,-0.72,42.2,,,,,
FF,2025-04-12,96.4,-2.4,5.98,"Sasaki, Roki",663656,808963,field_out,hit_into_play,,,,,4.0,Kyle Tucker lines out sharply to center fielder Andy Pages.,R,L,R,LAD,CHC,X,8.0,line_drive,2,0,2025,-0.92,1.14,-0.4132916463701562,2.219688989187953,,,,1,1,Top,144.81,69.89,,,,,7.469655766993977,-140.17222903094185,-7.1139558501236495,-13.811420642615316,30.522199829510527,-15.73440010162994,3.4,1.6,324.0,101.4,18.0,97.8,1992.0,7.0,778345,605131,518692,669242,571970,605141,624424,681624,606192,53.46,0.403,0.463,0.0,1.0,0.0,0.0,5.0,2,3,4-Seam Fastball,0,0,0,0,0,0,0,0,Standard,Standard,226.0,0.023,-0.364,72.3,7.8,,0.717,0.364,101.4,0,0,0.515,0.485,23,28,24,28,1,0,7.0,1.0,7.0,1.0,1.31,0.92,-0.92,41.0,8.626439756723116,-1.0433361778386316,35.70463060715974,41.840101132632455,21.34275052656176
FO,2025-04-12,86.5,-2.15,5.98,"Sasaki, Roki",663656,808963,,ball,,,,,14.0,,R,L,R,LAD,CHC,B,,,1,0,2025,0.02,-0.42,1.1115126161848363,0.442074759542177,,,,1,1,Top,,,,,,,7.881993541321904,-125.68126832865144,-6.257466419125217,-1.3092698687731337,24.632664644379275,-35.53226041755835,3.39999965746048,1.5837568755083,,,,88.2,519.0,7.4,778345,605131,518692,669242,571970,605141,624424,681624,606192,53.14,,,,,,,,2,2,Forkball,0,0,0,0,0,0,0,0,Standard,Standard,302.0,-0.005,0.071,,,,,-0.071,,0,0,0.52,0.48,23,28,24,28,1,0,7.0,1.0,7.0,1.0,3.46,-0.02,0.02,45.7,,,,,
FF,2025-04-12,97.3,-2.33,6.05,"Sasaki, Roki",663656,808963,,ball,,,,,11.0,,R,L,R,LAD,CHC,B,,,0,0,2025,-1.13,1.09,-1.0203945964619496,3.1746966494516937,,,,1,1,Top,,,,,,,6.225555284071482,-141.64324086198542,-4.79746716826551,-16.66402295184165,29.20605070620953,-16.60126115702199,3.60755351255386,1.69381832897088,,,,99.2,1993.0,7.1,778345,605131,518692,669242,571970,605141,624424,681624,606192,53.4,,,,,,,,2,1,4-Seam Fastball,0,0,0,0,0,0,0,0,Standard,Standard,228.0,-0.002,0.039,,,,,-0.039,,0,0,0.522,0.478,23,28,24,28,1,0,7.0,1.0,7.0,1.0,1.3,1.13,-1.13,40.5,,,,,
FF,2025-04-12,96.2,-2.41,5.97,"Sasaki, Roki",664023,808963,field_out,hit_into_play,,,,,5.0,"Ian Happ grounds out, first baseman Freddie Freeman to pitcher Roki Sasaki.",R,L,R,LAD,CHC,X,3.0,ground_ball,3,1,2025,-1.03,1.27,0.0440086845287863,2.46774080152466,,,,0,1,Top,171.94,156.21,,,,,8.967138003381004,-139.8147388447615,-6.71343122795745,-15.459492590483448,28.547211795802117,-14.133457962815958,3.51,1.56,6.0,90.5,-21.0,97.8,2060.0,7.1,778345,605131,518692,669242,571970,605141,624424,681624,606192,53.43,0.079,0.075,0.0,1.0,0.0,0.0,2.0,1,5,4-Seam Fastball,0,0,0,0,0,0,0,0,Strategic,Standard,225.0,0.036,-0.439,71.8,6.7,,0.08,0.439,90.5,0,0,0.486,0.514,23,30,24,31,1,0,7.0,1.0,7.0,1.0,1.18,1.03,-1.03,41.0,10.046955474349897,-3.3199436909558133,32.91408873375332,32.12355292265193,33.13988979846995
FF,2025-04-12,97.2,-2.32,5.99,"Sasaki, Roki",664023,808963,,called_strike,,,,,7.0,,R,L,R,LAD,CHC,S,,,3,0,2025,-1.14,1.06,-0.4235665929673997,1.806114808798764,,,,0,1,Top,,,,,,,7.805340972610162,-141.27936586340397,-8.271681963064605,-16.995183782732656,28.5432521716013,-16.273832444517982,3.51000138713744,1.57047550288065,,,,98.8,2194.0,7.0,778345,605131,518692,669242,571970,605141,624424,681624,606192,53.49,,,,,,,,1,4,4-Seam Fastball,0,0,0,0,0,0,0,0,Strategic,Standard,229.0,0.008,-0.09,,,,,0.09,,0,0,0.478,0.522,23,30,24,31,1,0,7.0,1.0,7.0,1.0,1.33,1.14,-1.14,40.2,,,,,
FF,2025-04-12,96.2,-2.3,5.97,"Sasaki, Roki",664023,808963,,ball,,,,,14.0,,R,L,R,LAD,CHC,B,,,2,0,2025,-1.06,1.11,0.7760792601700548,1.2995214362090108,,,,0,1,Top,,,,,,,10.697532479874951,-139.554137379061,-9.45298972077482,-16.20764917453343,28.70382961418692,-15.716608443712436,3.65641405643098,1.80463943978422,,,,97.7,2152.0,7.1,778345,605131,518692,669242,571970,605141,624424,681624,606192,53.41,,,,,,,,1,3,4-Seam Fastball,0,0,0,0,0,0,0,0,Standard,Standard,228.0,-0.011,0.152,,,,,-0.152,,0,0,0.489,0.511,23,30,24,31,1,0,7.0,1.0,7.0,1.0,1.35,1.06,-1.06,41.3,,,,,
FF,2025-04-12,95.8,-2.29,5.93,"Sasaki, Roki",664023,808963,,ball,,,,,13.0,,R,L,R,LAD,CHC,B,,,1,0,2025,-1.15,1.0,-0.2066472179996381,0.9430894877247044,,,,0,1,Top,,,,,,,8.20064746706012,-139.11916369174477,-10.023797235745102,-16.66021819873312,27.73104362738787,-17.12319872673217,3.63837740891019,1.6903294755362,,,,97.6,2078.0,7.2,778345,605131,518692,669242,571970,605141,624424,681624,606192,53.35,,,,,,,,1,2,4-Seam Fastball,0,0,0,0,0,0,0,0,Standard,Standard,233.0,-0.007,0.077,,,,,-0.077,,0,0,0.496,0.504,23,30,24,31,1,0,7.0,1.0,7.0,1.0,1.47,1.15,-1.15,40.4,,,,,
FF,2025-04-12,96.6,-2.25,6.08,"Sasaki, Roki",664023,808963,,ball,,,,,7.0,,R,L,R,LAD,CHC,B,,,0,0,2025,-1.08,1.15,-0.5080350254537505,1.565453654622874,,,,0,1,Top,,,,,,,7.1716183395895055,-140.29163994548784,-9.202972284822003,-15.83104883626901,28.65938277977831,-15.188934950352497,3.51000066267337,1.62802372528358,,,,97.9,2172.0,6.9,778345,605131,518692,669242,571970,605141,624424,681624,606192,53.57,,,,,,,,1,1,4-Seam Fastball,0,0,0,0,0,0,0,0,Standard,Standard,223.0,-0.004,0.041,,,,,-0.041,,0,0,0.5,0.5,23,30,24,31,1,0,7.0,1.0,7.0,1.0,1.29,1.08,-1.08,39.1,,,,,
FF,2025-04-05,95.6,-2.5,6.22,"Sasaki, Roki",681082,808963,single,hit_into_play,,,,,8.0,Bryson Stott singles on a line drive to right fielder Teoscar Hernández. J.T. Realmuto to 2nd.,R,L,R,PHI,LAD,X,9.0,line_drive,2,2,2025,-0.7,1.17,-0.1408392744728006,2.121470219531746,,,592663.0,0,5,Bot,156.22,96.06,,,,,7.911111871745709,-138.82449340204485,-7.891861625719059,-10.84173976275444,31.557077353923127,-15.48473159404432,3.41,1.61,268.0,82.6,23.0,96.8,1974.0,7.1,778448,605131,571771,669242,571970,605141,624424,681624,606192,53.39,0.415,0.396,0.9,1.0,1.0,0.0,3.0,37,5,4-Seam Fastball,1,2,1,2,2,1,1,2,Infield shade,Strategic,227.0,0.088,0.511,71.8,7.6,,0.525,-0.511,88.0,-1,-1,0.463,0.463,23,27,24,28,2,1,7.0,1.0,7.0,1.0,1.34,0.7,-0.7,41.9,12.093531239135366,-3.976438348048093,36.75042522956994,35.68148772052651,31.19783971042358
FO,2025-04-05,85.8,-2.38,6.22,"Sasaki, Roki",681082,808963,,ball,,,,,13.0,,R,L,R,PHI,LAD,B,,,1,2,2025,-0.13,-0.79,-1.2427732596450634,1.3614119300048366,,,592663.0,0,5,Bot,,,,,,,2.9979913099292435,-124.79301332492278,-3.5949383902103724,-1.985099112380524,28.692072131444057,-39.71328521409029,3.35388011266687,1.59950725459978,,,,86.8,392.0,7.3,778448,605131,571771,669242,571970,605141,624424,681624,606192,53.21,,,,,,,,37,4,Forkball,1,2,1,2,2,1,1,2,Infield shade,Strategic,321.0,0.007,0.036,,,,,-0.036,,-1,-1,0.456,0.456,23,27,24,28,2,1,7.0,1.0,7.0,1.0,3.92,0.13,-0.13,46.8,,,,,
FF,2025-04-05,96.0,-2.53,6.15,"Sasaki, Roki",681082,808963,,called_strike,,,,,7.0,,R,L,R,PHI,LAD,S,,,1,1,2025,-0.79,1.08,-0.4777505198512198,2.1100483316486405,,,592663.0,0,5,Bot,,,,,,,7.297348868174505,-139.50327936150137,-7.582670053099366,-11.96542972165047,33.025437620849715,-16.551970107061596,3.58180098781366,1.68210232732802,,,,96.8,1972.0,6.9,778448,605131,571771,669242,571970,605141,624424,681624,606192,53.58,,,,,,,,37,3,4-Seam Fastball,1,2,1,2,2,1,1,2,Standard,Strategic,225.0,-0.012,-0.07,,,,,0.07,,-1,-1,0.468,0.468,23,27,24,28,2,1,7.0,1.0,7.0,1.0,1.41,0.79,-0.79,41.2,,,,,
FF,2025-04-05,96.7,-2.55,6.32,"Sasaki, Roki",681082,808963,,ball,,,,,11.0,,R,L,R,PHI,LAD,B,,,0,1,2025,-0.61,1.23,-1.1557067992282388,3.7381584931937857,,,592663.0,0,5,Bot,,,,,,,5.17675247064971,-140.76928858689686,-4.183795579463575,-9.250488270908535,31.57183908754426,-15.035495950805982,3.46843913565283,1.71401599357951,,,,97.9,2017.0,6.9,778448,605131,571771,669242,571970,605141,624424,681624,606192,53.58,,,,,,,,37,2,4-Seam Fastball,1,2,1,2,2,1,1,2,Infield shade,Strategic,230.0,0.005,0.034,,,,,-0.034,,-1,-1,0.463,0.463,23,27,24,28,2,1,7.0,1.0,7.0,1.0,1.2,0.61,-0.61,40.2,,,,,
FF,2025-04-05,97.1,-2.37,6.18,"Sasaki, Roki",681082,808963,,called_strike,,,,,7.0,,R,L,R,PHI,LAD,S,,,0,0,2025,-0.58,1.01,-0.3686586902047422,1.754795523198076,,,592663.0,0,5,Bot,,,,,,,6.794351699976415,-140.96025938781088,-8.68050024671923,-9.385572154272872,33.659527566748395,-16.858598981914398,3.53822781530339,1.60772699182952,,,,98.1,1984.0,7.1,778448,605131,571771,669242,571970,605141,624424,681624,606192,53.43,,,,,,,,37,1,4-Seam Fastball,1,2,1,2,2,1,1,2,Infield shade,Strategic,225.0,-0.008,-0.043,,,,,0.043,,-1,-1,0.471,0.471,23,27,24,28,2,1,7.0,1.0,7.0,1.0,1.43,0.58,-0.58,41.9,,,,,
ST,2025-04-05,83.5,-2.51,6.3,"Sasaki, Roki",592663,808963,walk,ball,,,,,13.0,J.T. Realmuto walks.,R,R,R,PHI,LAD,B,,,3,2,2025,0.89,-0.59,-0.6418568143310782,1.3442099210329972,,,,0,5,Bot,,,,,,,2.590474481560868,-121.53454812734932,-3.807661493487833,8.202236161498744,25.45820143799356,-37.42755648194406,3.6499893297409,1.7636670353827,,,,84.7,1863.0,7.2,778448,605131,571771,669242,571970,605141,624424,681624,606192,53.27,,0.691497,0.7,1.0,0.0,0.0,,36,8,Sweeper,1,2,1,2,2,1,1,2,Standard,Standard,42.0,0.048,0.356,,,,,-0.356,,-1,-1,0.423,0.423,23,34,24,34,2,1,7.0,1.0,7.0,3.0,3.88,-0.89,-0.89,46.9,,,,,
ST,2025-04-05,81.2,-2.57,6.33,"Sasaki, Roki",592663,808963,,ball,,,,,1.0,,R,R,R,PHI,LAD,B,,,2,2,2025,1.5,0.18,-0.6299706612183895,3.5613910264667785,,,,0,5,Bot,,,,,,,1.4960386413338302,-118.2486065580474,0.0840312360018582,13.735079744241306,22.942913584282696,-30.714279337953077,3.84403512027156,1.8486926732669,,,,82.2,1833.0,7.0,778448,605131,571771,669242,571970,605141,624424,681624,606192,53.53,,,,,,,,36,7,Sweeper,1,2,1,2,2,1,1,2,Standard,Standard,56.0,0.013,0.112,,,,,-0.112,,-1,-1,0.41,0.41,23,34,24,34,2,1,7.0,1.0,7.0,3.0,3.28,-1.5,-1.5,46.4,,,,,
FF,2025-04-05,98.1,-2.43,6.24,"Sasaki, Roki",592663,808963,,foul,,,,,6.0,,R,R,R,PHI,LAD,S,,,2,2,2025,-0.82,1.01,0.4461428889548369,2.345987992591096,,,,0,5,Bot,,,,,,,9.827229787463564,-142.27244021922252,-7.420156815191737,-13.528512207242375,34.807868589933854,-16.803618875051047,3.65,1.73,289.0,88.6,34.0,99.1,2109.0,7.2,778448,605131,571771,669242,571970,605141,624424,681624,606192,53.34,,,,,,,,36,6,4-Seam Fastball,1,2,1,2,2,1,1,2,Infield shade,Standard,229.0,0.0,0.0,67.3,7.1,,,0.0,88.6,-1,-1,0.41,0.41,23,34,24,34,2,1,7.0,1.0,7.0,3.0,1.38,0.82,0.82,44.0,7.343741175347474,20.31748216497773,32.88041395274198,42.12967161658712,16.36866185622709
FF,2025-04-05,98.1,-2.44,6.22,"Sasaki, Roki",592663,808963,,foul,,,,,9.0,,R,R,R,PHI,LAD,S,,,2,2,2025,-0.8,1.18,0.7144424864954408,1.871481298964452,,,,0,5,Bot,,,,,,,10.533568640862288,-142.18942541699224,-9.056921952190208,-13.478998646143683,37.4287520220279,-14.029741327896136,3.65,1.73,135.0,74.7,12.0,98.8,2152.0,7.3,778448,605131,571771,669242,571970,605141,624424,681624,606192,53.25,,,,,,,,36,5,4-Seam Fastball,1,2,1,2,2,1,1,2,Infield shade,Standard,222.0,0.0,0.0,65.6,7.0,,,0.0,88.0,-1,-1,0.41,0.41,23,34,24,34,2,1,7.0,1.0,7.0,3.0,1.23,0.8,0.8,44.4,-5.377893087673096,25.13625228650564,38.632985744044895,45.0710192769896,7.324736450373653
FO,2025-04-05,86.7,-2.51,6.3,"Sasaki, Roki",592663,808963,,ball,,,,,13.0,,R,R,R,PHI,LAD,B,,,1,2,2025,-0.31,-0.91,-1.7225424328836654,2.2156070242283445,,,,0,5,Bot,,,,,,,2.5427821493499243,-126.02528359790789,-1.5332994892786578,-3.865379119196944,31.983620038725704,-41.58415768573016,3.78650361278643,1.82271226176607,,,,87.0,439.0,7.1,778448,605131,571771,669242,571970,605141,624424,681624,606192,53.41,,,,,,,,36,4,Forkball,1,2,1,2,2,1,1,2,Infield shade,Standard,315.0,0.005,0.043,,,,,-0.043,,-1,-1,0.405,0.405,23,34,24,34,2,1,7.0,1.0,7.0,3.0,4.01,0.31,0.31,47.4,,,,,
FF,2025-04-05,97.8,-2.56,6.24,"Sasaki, Roki",592663,808963,,called_strike,,,,,9.0,,R,R,R,PHI,LAD,S,,,1,1,2025,-1.02,1.36,0.628349959136342,1.6524326412401606,,,,0,5,Bot,,,,,,,11.102077329077712,-141.5728940941678,-10.036200001460315,-16.416459912844513,35.261774463987905,-11.644329113320058,3.71904564627071,1.75561541165684,,,,98.5,2146.0,7.2,778448,605131,571771,669242,571970,605141,624424,681624,606192,53.32,,,,,,,,36,3,4-Seam Fastball,1,2,1,2,2,1,1,2,Infield shade,Standard,229.0,-0.008,-0.061,,,,,0.061,,-1,-1,0.413,0.413,23,34,24,34,2,1,7.0,1.0,7.0,3.0,1.07,1.02,1.02,47.0,,,,,
FO,2025-04-05,86.8,-2.46,6.28,"Sasaki, Roki",592663,808963,,ball,,,,,13.0,,R,R,R,PHI,LAD,B,,,0,1,2025,-0.48,-0.38,-1.424689283165533,2.029077088716213,,,,0,5,Bot,,,,,,,3.5084800049811977,-126.20863845836958,-3.133143507459533,-5.9454325111763,29.611707640353693,-35.69991528772941,3.6143910791504,1.72763591349226,,,,87.4,523.0,7.0,778448,605131,571771,669242,571970,605141,624424,681624,606192,53.47,,,,,,,,36,2,Forkball,1,2,1,2,2,1,1,2,Infield shade,Standard,312.0,0.003,0.031,,,,,-0.031,,-1,-1,0.41,0.41,23,34,24,34,2,1,7.0,1.0,7.0,3.0,3.45,0.48,0.48,47.0,,,,,
ST,2025-04-05,81.2,-2.4,6.22,"Sasaki, Roki",592663,808963,,called_strike,,,,,8.0,,R,R,R,PHI,LAD,S,,,0,0,2025,1.11,-0.27,-0.054037275399276,1.9638777773746967,,,,0,5,Bot,,,,,,,3.151078724338642,-118.16819863283258,-2.3658377833107345,9.74680185860976,23.923773007772866,-34.46611335607016,3.72586933688114,1.78250688189154,,,,82.0,1675.0,7.0,778448,605131,571771,669242,571970,605141,624424,681624,606192,53.5,,,,,,,,36,1,Sweeper,1,2,1,2,2,1,1,2,Infield shade,Standard,58.0,-0.005,-0.039,,,,,0.039,,-1,-1,0.415,0.415,23,34,24,34,2,1,7.0,1.0,7.0,3.0,3.75,-1.11,-1.11,47.7,,,,,
FO,2025-04-05,85.7,-2.33,6.19,"Sasaki, Roki",592206,808963,strikeout,swinging_strike_blocked,,,,,14.0,Nick Castellanos strikes out swinging.,R,R,R,PHI,LAD,S,2.0,,1,2,2025,0.18,-0.45,0.3556693185953442,0.5988711830999254,,,547180.0,2,4,Bot,,,,,,,6.087673654116295,-124.39259535396462,-5.943900769285673,0.3543924514409018,30.15035960195055,-35.59758033506836,3.86,1.84,,,,86.4,544.0,7.4,778448,605131,571771,669242,571970,605141,624424,681624,606192,53.15,,0.0,0.0,1.0,0.0,0.0,,32,4,Forkball,1,2,1,2,2,1,1,2,Infield shade,Standard,327.0,-0.021,-0.183,50.2,8.2,6.848042772,,0.183,,-1,-1,0.383,0.383,23,33,24,33,2,1,7.0,1.0,7.0,1.0,3.63,-0.18,-0.18,42.6,14.738488786775052,-11.349570443503136,46.03177167379901,41.14341544407361,35.82973573617564
FO,2025-04-05,85.6,-2.42,6.32,"Sasaki, Roki",592206,808963,,ball,,,,,13.0,,R,R,R,PHI,LAD,B,,,0,2,2025,-0.11,-0.54,-1.7917490293114429,2.1160771122847484,,,547180.0,2,4,Bot,,,,,,,1.7321953604661071,-124.52835798880156,-2.445311804203188,-1.5863785016722416,29.907263694560648,-37.36775726870101,3.86,1.84,,,,86.1,589.0,7.1,778448,605131,571771,669242,571970,605141,624424,681624,606192,53.42,,,,,,,,32,3,Forkball,1,2,1,2,2,1,1,2,Infield shade,Standard,340.0,0.003,0.009,,,,,-0.009,,-1,-1,0.38,0.38,23,33,24,33,2,1,7.0,1.0,7.0,1.0,3.7,0.11,0.11,43.3,,,,,
FO,2025-04-05,86.8,-2.27,6.27,"Sasaki, Roki",592206,808963,,swinging_strike_blocked,,,,,14.0,,R,R,R,PHI,LAD,S,,,0,1,2025,-0.53,-0.51,0.3657499637604579,-0.3727767270811419,,,547180.0,2,4,Bot,,,,,,,7.508550863248216,-125.80281833472417,-8.6176433297757,-7.353700029764615,30.69249002648449,-35.613348621811475,3.86,1.84,,,,87.5,391.0,7.4,778448,605131,571771,669242,571970,605141,624424,681624,606192,53.11,,,,,,,,32,2,Forkball,1,2,1,2,2,1,1,2,Infield shade,Standard,310.0,-0.008,-0.055,67.5,8.8,26.712185004,,0.055,,-1,-1,0.388,0.388,23,33,24,33,2,1,7.0,1.0,7.0,1.0,3.61,0.53,0.53,45.2,32.90308966851957,-33.87610932089181,46.63035144379941,40.91891261089696,56.92890148753471
FO,2025-04-05,85.4,-2.35,6.25,"Sasaki, Roki",592206,808963,,called_strike,,,,,7.0,,R,R,R,PHI,LAD,S,,,0,0,2025,0.25,-0.3,-0.4473876108714347,1.822404648763423,,,547180.0,2,4,Bot,,,,,,,4.05358029512663,-124.21903757347756,-3.5002260810565757,1.654575974936207,28.007492465895123,-34.72291582263853,3.85419486325398,1.94051644574399,,,,86.6,459.0,7.4,778448,605131,571771,669242,571970,605141,624424,681624,606192,53.11,,,,,,,,32,1,Forkball,1,2,1,2,2,1,1,2,Infield shade,Standard,319.0,-0.004,-0.042,,,,,0.042,,-1,-1,0.392,0.392,23,33,24,33,2,1,7.0,1.0,7.0,1.0,3.46,-0.25,-0.25,46.7,,,,,
FF,2025-04-05,96.7,-2.48,6.19,"Sasaki, Roki",596146,808963,field_out,hit_into_play,,,,,1.0,Max Kepler flies out to center fielder Andy Pages.,R,L,R,PHI,LAD,X,8.0,fly_ball,0,0,2025,-0.65,1.11,-0.3216259300552266,3.125300414389746,,,547180.0,1,4,Bot,110.49,77.26,,,,,7.323013539665021,-140.56050272355515,-5.129878856789523,-10.38894620563068,35.83747483417963,-16.464832960500583,3.44,1.67,306.0,97.2,37.0,97.3,2109.0,7.0,778448,605131,571771,669242,571970,605141,624424,681624,606192,53.52,0.114,0.208,0.0,1.0,0.0,0.0,3.0,31,1,4-Seam Fastball,1,2,1,2,2,1,1,2,Infield shade,Standard,227.0,-0.04,-0.256,72.7,7.1,,0.4,0.256,97.2,-1,-1,0.432,0.432,23,32,24,32,2,1,7.0,1.0,7.0,1.0,1.36,0.65,-0.65,42.7,6.943913720760438,-0.843791350928239,20.68023552158731,44.74896256333707,28.55953818485313
FF,2025-04-05,96.7,-2.46,6.23,"Sasaki, Roki",664761,808963,field_out,hit_into_play,,,,,4.0,Alec Bohm flies out to right fielder Teoscar Hernández.,R,R,R,PHI,LAD,X,9.0,fly_ball,0,0,2025,-1.04,1.51,-0.4621836358583335,2.389967556124569,,,547180.0,0,4,Bot,166.19,120.58,,,,,7.811569959141312,-140.3177670304348,-8.11022300586584,-15.658867063877434,37.03745051997493,-10.52140106571449,3.61,1.7,222.0,76.9,47.0,97.2,2099.0,7.1,778448,605131,571771,669242,571970,605141,624424,681624,606192,53.38,0.089,0.092,0.0,1.0,0.0,0.0,3.0,30,1,4-Seam Fastball,1,2,1,2,2,1,1,2,Standard,Standard,227.0,-0.045,-0.242,70.4,7.6,,0.119,0.242,88.0,-1,-1,0.477,0.477,23,28,24,29,2,1,7.0,1.0,7.0,3.0,0.98,1.04,1.04,40.5,3.623362660364579,-0.2568635206440248,36.51648982620416,33.023423317127715,24.9281356467756
FO,2025-04-05,85.9,-2.45,6.33,"Sasaki, Roki",547180,808963,walk,ball,,,,,13.0,Bryce Harper walks.,R,L,R,PHI,LAD,B,,,3,2,2025,-0.19,-0.85,-1.2267208459512249,2.015122018239334,,,,0,4,Bot,,,,,,,3.341765435657837,-124.97907212183492,-2.1180873821921886,-2.8070208100356164,30.710028456553705,-40.65365174392646,3.05842423936264,1.5855277663535,,,,86.3,450.0,7.0,778448,605131,571771,669242,571970,605141,624424,681624,606192,53.47,,0.691497,0.7,1.0,0.0,0.0,,29,6,Forkball,1,2,1,2,2,1,1,2,Infield shade,Standard,313.0,0.042,0.356,,,,,-0.356,,-1,-1,0.435,0.435,23,32,24,33,2,1,7.0,1.0,7.0,1.0,3.99,0.19,-0.19,45.8,,,,,
FF,2025-04-05,96.7,-2.53,6.21,"Sasaki, Roki",547180,808963,,foul,,,,,5.0,,R,L,R,PHI,LAD,S,,,3,1,2025,-0.88,1.27,-0.0185269133489996,2.1454640101798272,,,,0,4,Bot,,,,,,,8.79567330966476,-140.26534311199356,-8.221125172401049,-13.649998757895451,34.29930193231504,-13.583103547594009,3.26,1.61,211.0,78.2,57.0,97.4,2061.0,7.1,778448,605131,571771,669242,571970,605141,624424,681624,606192,53.43,,,,,,,,29,5,4-Seam Fastball,1,2,1,2,2,1,1,2,Infield shade,Standard,232.0,-0.013,-0.094,72.1,7.5,,,0.094,88.0,-1,-1,0.448,0.448,23,32,24,33,2,1,7.0,1.0,7.0,1.0,1.19,0.88,-0.88,44.1,11.401972209447845,-10.210532888347403,41.201411407070815,37.78941268185599,30.460705115325283
FF,2025-04-05,96.7,-2.56,6.23,"Sasaki, Roki",547180,808963,,ball,,,,,11.0,,R,L,R,PHI,LAD,B,,,2,1,2025,-0.91,1.17,-1.0793795430309938,3.1612836180575137,,,,0,4,Bot,,,,,,,6.115211786695696,-140.62616644501972,-5.355885488954722,-13.48340144087321,32.52363428397535,-15.594912755573333,3.18004317705564,1.68360267299857,,,,97.8,1932.0,7.0,778448,605131,571771,669242,571970,605141,624424,681624,606192,53.49,,,,,,,,29,4,4-Seam Fastball,1,2,1,2,2,1,1,2,Infield shade,Standard,231.0,0.015,0.134,,,,,-0.134,,-1,-1,0.433,0.433,23,32,24,33,2,1,7.0,1.0,7.0,1.0,1.27,0.91,-0.91,40.9,,,,,
FO,2025-04-05,86.5,-2.46,6.36,"Sasaki, Roki",547180,808963,,ball,,,,,11.0,,R,L,R,PHI,LAD,B,,,1,1,2025,-0.5,-0.76,-1.547325707764676,3.670136760662999,,,,0,4,Bot,,,,,,,3.248623808932748,-125.80561458635982,1.4673777468743376,-5.980409878562484,28.361027901911186,-40.77708535022095,3.2737930593738,1.70503533069831,,,,87.4,501.0,7.2,778448,605131,571771,669242,571970,605141,624424,681624,606192,53.34,,,,,,,,29,3,Forkball,1,2,1,2,2,1,1,2,Infield shade,Standard,316.0,0.007,0.055,,,,,-0.055,,-1,-1,0.426,0.426,23,32,24,33,2,1,7.0,1.0,7.0,1.0,3.84,0.5,-0.5,45.4,,,,,
FF,2025-04-05,97.8,-2.52,6.15,"Sasaki, Roki",547180,808963,,swinging_strike,,,,,5.0,,R,L,R,PHI,LAD,S,,,1,0,2025,-0.97,1.14,-0.1482105145729408,2.566895353743864,,,,0,4,Bot,,,,,,,8.796872090285897,-141.94061928715894,-6.827578221169326,-15.260641536436932,34.664619468802826,-15.370326527323538,3.26,1.61,,,,99.0,2147.0,7.3,778448,605131,571771,669242,571970,605141,624424,681624,606192,53.24,,,,,,,,29,2,4-Seam Fastball,1,2,1,2,2,1,1,2,Standard,Standard,228.0,-0.007,-0.05,73.7,6.7,0.1,,0.05,,-1,-1,0.433,0.433,23,32,24,33,2,1,7.0,1.0,7.0,1.0,1.27,0.97,-0.97,41.3,0.9847493460223824,18.63678553763216,40.27825776273468,40.69123179849346,14.688222117797045
FF,2025-04-05,97.8,-2.43,6.17,"Sasaki, Roki",547180,808963,,ball,,,,,14.0,,R,L,R,PHI,LAD,B,,,0,0,2025,-1.13,1.27,0.7388605873844851,0.7751517689746772,,,,0,4,Bot,,,,,,,11.28424329376567,-141.52567444752924,-12.068453663126537,-17.7459825173617,33.23454578424131,-12.32345615344978,3.30183975426786,1.67079364269326,,,,98.8,2073.0,7.2,778448,605131,571771,669242,571970,605141,624424,681624,606192,53.26,,,,,,,,29,1,4-Seam Fastball,1,2,1,2,2,1,1,2,Standard,Standard,230.0,0.005,0.041,,,,,-0.041,,-1,-1,0.428,0.428,23,32,24,33,2,1,7.0,1.0,7.0,1.0,1.14,1.13,-1.13,39.5,,,,,
FO,2025-04-05,85.0,-2.55,6.2,"Sasaki, Roki",607208,808963,field_out,hit_into_play,,,,,8.0,Trea Turner flies out to left fielder Michael Conforto.,R,R,R,PHI,LAD,X,7.0,fly_ball,1,1,2025,0.47,-0.24,-0.2197041223065617,2.063550448712002,,,,2,3,Bot,72.46,84.29,,,,,4.59336192235239,-123.664147450714,-2.853940162313052,3.809406742201755,26.591841824433665,-34.276352650449475,3.37,1.66,313.0,91.6,36.0,86.1,496.0,7.2,778448,605131,571771,669242,571970,605141,624424,681624,606192,53.31,0.043,0.069,0.0,1.0,0.0,0.0,3.0,24,3,Forkball,1,2,1,2,2,1,1,2,Infield shade,Standard,336.0,-0.012,-0.244,64.2,7.9,,0.125,0.244,91.6,-1,-1,0.389,0.389,23,32,24,32,2,1,7.0,1.0,7.0,1.0,3.42,-0.47,-0.47,44.6,7.474405006904438,-21.760761352966902,28.044196512861763,35.58492698683632,35.63738191381391
FO,2025-04-05,85.3,-2.44,6.23,"Sasaki, Roki",607208,808963,,ball,,,,,13.0,,R,R,R,PHI,LAD,B,,,0,1,2025,-0.24,-0.35,-1.7550885698533154,1.1662235739705138,,,,2,3,Bot,,,,,,,2.1406353326958474,-124.14262802266992,-4.895102868179054,-2.9406882062925144,27.73895844092564,-34.92028181328577,3.49349583411931,1.75685513457721,,,,86.3,533.0,7.2,778448,605131,571771,669242,571970,605141,624424,681624,606192,53.28,,,,,,,,24,2,Forkball,1,2,1,2,2,1,1,2,Infield shade,Standard,323.0,0.001,0.027,,,,,-0.027,,-1,-1,0.388,0.388,23,32,24,32,2,1,7.0,1.0,7.0,1.0,3.51,0.24,0.24,43.1,,,,,
ST,2025-04-05,82.8,-2.46,6.3,"Sasaki, Roki",607208,808963,,called_strike,,,,,9.0,,R,R,R,PHI,LAD,S,,,0,0,2025,1.29,-0.64,0.546131844782525,1.9572450496596825,,,,2,3,Bot,,,,,,,4.391664722994393,-120.4901483675052,-2.058141100033984,11.337627674446056,27.838698513370844,-38.12524002563138,3.30639623358928,1.51561082755853,,,,83.2,1769.0,7.0,778448,605131,571771,669242,571970,605141,624424,681624,606192,53.53,,,,,,,,24,1,Sweeper,1,2,1,2,2,1,1,2,Infield shade,Standard,50.0,-0.002,-0.043,,,,,0.043,,-1,-1,0.39,0.39,23,32,24,32,2,1,7.0,1.0,7.0,1.0,4.02,-1.29,-1.29,44.1,,,,,
FO,2025-04-05,87.1,-2.4,6.27,"Sasaki, Roki",656941,808963,strikeout,swinging_strike_blocked,,,,,13.0,Kyle Schwarber strikes out swinging.,R,L,R,PHI,LAD,S,2.0,,0,2,2025,-0.29,-0.83,-0.3277779437607727,0.4380629096635466,,,,1,3,Bot,,,,,,,5.635055059092208,-126.58377388167948,-6.068345477958954,-4.387092221994574,30.240758233878683,-39.81017945550644,3.29,1.52,,,,87.6,504.0,7.1,778448,605131,571771,669242,571970,605141,624424,681624,606192,53.45,,0.0,0.0,1.0,0.0,0.0,,23,3,Forkball,1,2,1,2,2,1,1,2,Infield shade,Standard,310.0,-0.011,-0.163,44.6,7.7,7.459387764,,0.163,,-1,-1,0.401,0.401,23,32,24,32,2,1,7.0,1.0,7.0,1.0,3.89,0.29,-0.29,43.7,18.81306323182332,0.0837548545717393,35.557582522274764,40.011216244597136,31.36683171272097
FF,2025-04-05,97.6,-2.46,6.2,"Sasaki, Roki",656941,808963,,swinging_strike,,,,,4.0,,R,L,R,PHI,LAD,S,,,0,1,2025,-1.1,1.24,-0.795591579924241,2.7229825393559506,,,,1,3,Bot,,,,,,,7.096060947230313,-141.77111554085954,-6.727157146488244,-16.493275475254002,34.70785587118891,-14.089265175935084,3.29,1.52,,,,98.3,2251.0,7.0,778448,605131,571771,669242,571970,605141,624424,681624,606192,53.54,,,,,,,,23,2,4-Seam Fastball,1,2,1,2,2,1,1,2,Infield shade,Standard,230.0,-0.005,-0.052,75.0,6.9,0.993711972,,0.052,,-1,-1,0.406,0.406,23,32,24,32,2,1,7.0,1.0,7.0,1.0,1.18,1.1,-1.1,42.0,7.11665711864215,16.134079307336286,26.332099201608216,45.33496054067624,19.846722811444987
FF,2025-04-05,96.5,-2.46,6.15,"Sasaki, Roki",656941,808963,,called_strike,,,,,4.0,,R,L,R,PHI,LAD,S,,,0,0,2025,-0.87,1.03,-0.6507940402733358,2.4400237011974677,,,,1,3,Bot,,,,,,,6.898505685567182,-140.27350198424006,-6.687931608122306,-13.145865169251106,34.385066668819,-17.16589541284818,3.38990551266695,1.55881395980063,,,,97.3,2022.0,7.0,778448,605131,571771,669242,571970,605141,624424,681624,606192,53.5,,,,,,,,23,1,4-Seam Fastball,1,2,1,2,2,1,1,2,Infield shade,Standard,229.0,-0.003,-0.039,,,,,0.039,,-1,-1,0.409,0.409,23,32,24,32,2,1,7.0,1.0,7.0,1.0,1.44,0.87,-0.87,41.0,,,,,
FO,2025-04-05,85.4,-2.47,6.29,"Sasaki, Roki",669016,808963,strikeout,swinging_strike,,,,,13.0,Brandon Marsh strikes out swinging.,R,L,R,PHI,LAD,S,2.0,,0,2,2025,-0.13,-0.45,-0.3801975563365324,1.0278738269291376,,,,0,3,Bot,,,,,,,5.269140840216744,-124.2399349543938,-5.210046698927444,-2.506026367887907,26.33331102957415,-35.91634817692168,3.28,1.58,,,,86.5,551.0,7.1,778448,605131,571771,669242,571970,605141,624424,681624,606192,53.38,,0.0,0.0,1.0,0.0,0.0,,22,4,Forkball,1,2,1,2,2,1,1,2,Infield shade,Standard,313.0,-0.017,-0.165,65.2,8.6,5.80720182,,0.165,,-1,-1,0.426,0.426,23,27,24,28,1,0,7.0,1.0,7.0,1.0,3.59,0.13,-0.13,43.5,27.593282331433265,-28.25981871295332,37.353535058328106,44.28142740661731,43.65452949488733
FO,2025-04-05,85.3,-2.32,6.38,"Sasaki, Roki",669016,808963,,foul,,,,,4.0,,R,L,R,PHI,LAD,S,,,0,2,2025,-0.15,-0.49,-0.4666788053331834,2.241726327506944,,,,0,3,Bot,,,,,,,4.726346582748927,-124.16347744006524,-2.412922399894318,-2.5416788568493063,27.594930202283308,-36.859563021032,3.28,1.58,,,,86.1,495.0,7.0,778448,605131,571771,669242,571970,605141,624424,681624,606192,53.47,,,,,,,,22,3,Forkball,1,2,1,2,2,1,1,2,Infield shade,Standard,326.0,0.0,0.0,65.0,7.6,,,0.0,,-1,-1,0.426,0.426,23,27,24,28,1,0,7.0,1.0,7.0,1.0,3.65,0.15,-0.15,44.7,19.301028462195728,-2.84102204808884,32.84797440294312,43.22757820351964,29.37020148353972
FO,2025-04-05,86.1,-2.49,6.32,"Sasaki, Roki",669016,808963,,foul,,,,,11.0,,R,L,R,PHI,LAD,S,,,0,1,2025,-0.47,0.04,-0.9093846738861736,2.595708624247637,,,,0,3,Bot,,,,,,,4.766983863764727,-125.24211054578436,-2.6567465199496905,-5.944061116183441,26.795223335199072,-31.44498534907581,3.28,1.58,179.0,67.0,49.0,86.9,537.0,7.0,778448,605131,571771,669242,571970,605141,624424,681624,606192,53.53,,,,,,,,22,2,Forkball,1,2,1,2,2,1,1,2,Standard,Standard,302.0,-0.007,-0.055,73.7,7.1,,,0.055,88.0,-1,-1,0.433,0.433,23,27,24,28,1,0,7.0,1.0,7.0,1.0,3.06,0.47,-0.47,44.4,12.929439545903442,2.254221165876978,32.984482094034355,48.72760964182326,29.063390822844365
FF,2025-04-05,95.1,-2.42,6.14,"Sasaki, Roki",669016,808963,,called_strike,,,,,11.0,,R,L,R,PHI,LAD,S,,,0,0,2025,-0.91,0.66,-0.9420507542938128,2.9198576982084106,,,,0,3,Bot,,,,,,,6.001158669942291,-138.23283995433474,-4.215999972389167,-13.095590818447302,35.885650832527524,-22.906938012580664,3.29634109838194,1.67668859108968,,,,95.4,1923.0,6.9,778448,605131,571771,669242,571970,605141,624424,681624,606192,53.59,,,,,,,,22,1,4-Seam Fastball,1,2,1,2,2,1,1,2,Standard,Standard,235.0,-0.004,-0.039,,,,,0.039,,-1,-1,0.437,0.437,23,27,24,28,1,0,7.0,1.0,7.0,1.0,1.9,0.91,-0.91,39.9,,,,,
FO,2025-04-05,86.4,-2.5,6.31,"Sasaki, Roki",681082,808963,field_out,hit_into_play,,,,,8.0,"Bryson Stott grounds out, shortstop Mookie Betts to first baseman Enrique Hernández.",R,L,R,PHI,LAD,X,6.0,ground_ball,2,2,2025,0.57,-0.23,0.1810244852961027,1.719299473873563,,,,2,2,Bot,133.15,136.12,,,,,5.3037438185436665,-125.7398755579574,-4.293298317287745,4.949456639968998,25.860146877192708,-33.920401808691125,3.41,1.61,55.0,82.7,2.0,87.7,517.0,7.1,778448,605131,571771,669242,571970,605141,624424,681624,606192,53.39,0.27,0.247,0.0,1.0,0.0,0.0,2.0,17,5,Forkball,1,2,1,2,2,1,1,2,Strategic,Strategic,335.0,-0.01,-0.224,58.8,7.3,,0.345,0.224,88.0,-1,-1,0.398,0.398,23,27,24,28,1,0,7.0,1.0,7.0,1.0,3.28,-0.57,0.57,44.6,3.066588184233064,5.158340282695667,32.240125844448315,31.72031087746433,22.605254783915186
FO,2025-04-05,85.3,-2.47,6.35,"Sasaki, Roki",681082,808963,,ball,,,,,11.0,,R,L,R,PHI,LAD,B,,,1,2,2025,-0.38,0.0,-1.9888963774504984,3.301689956076668,,,,2,2,Bot,,,,,,,1.921164191116285,-124.20949850642148,-0.8636200663030146,-4.2760198342530025,25.78919587118426,-32.21725451081304,3.38966956070953,1.64438736169773,,,,86.5,552.0,7.1,778448,605131,571771,669242,571970,605141,624424,681624,606192,53.42,,,,,,,,17,4,Forkball,1,2,1,2,2,1,1,2,Strategic,Strategic,338.0,0.002,0.042,,,,,-0.042,,-1,-1,0.396,0.396,23,27,24,28,1,0,7.0,1.0,7.0,1.0,3.14,0.38,-0.38,44.6,,,,,
FF,2025-04-05,97.4,-2.56,6.17,"Sasaki, Roki",681082,808963,,foul,,,,,4.0,,R,L,R,PHI,LAD,S,,,1,1,2025,-0.67,1.11,-0.3100440056003273,2.294655177658446,,,,2,2,Bot,,,,,,,7.693140536597927,-141.39857101544598,-7.43307030761768,-10.923125741875015,38.388219679745454,-15.614848784376482,3.41,1.61,211.0,83.1,58.0,97.9,2184.0,7.1,778448,605131,571771,669242,571970,605141,624424,681624,606192,53.36,,,,,,,,17,3,4-Seam Fastball,1,2,1,2,2,1,1,2,Standard,Strategic,223.0,-0.003,-0.062,69.3,7.4,,,0.062,88.0,-1,-1,0.399,0.399,23,27,24,28,1,0,7.0,1.0,7.0,1.0,1.34,0.67,-0.67,41.4,9.854304881609789,8.145332057990892,34.816237808261825,38.19806608936349,26.74550515408589
FO,2025-04-05,86.9,-2.48,6.2,"Sasaki, Roki",681082,808963,,ball,,,,,14.0,,R,L,R,PHI,LAD,B,,,0,1,2025,0.01,-0.84,0.399562058140419,0.0884806729338723,,,,2,2,Bot,,,,,,,6.994185931013143,-126.15578850183516,-6.645312534980885,-1.7047865846786867,31.945941349879792,-39.52308286675075,3.51962126095921,1.70646936148029,,,,87.3,478.0,7.2,778448,605131,571771,669242,571970,605141,624424,681624,606192,53.27,,,,,,,,17,2,Forkball,1,2,1,2,2,1,1,2,Standard,Strategic,314.0,0.001,0.027,,,,,-0.027,,-1,-1,0.398,0.398,23,27,24,28,1,0,7.0,1.0,7.0,1.0,3.93,-0.01,0.01,43.3,,,,,
FF,2025-04-05,97.4,-2.51,6.25,"Sasaki, Roki",681082,808963,,called_strike,,,,,5.0,,R,L,R,PHI,LAD,S,,,0,0,2025,-1.06,1.28,-0.2444105690543778,2.780324347970978,,,,2,2,Bot,,,,,,,8.639160076133829,-141.3605877543844,-6.719296216338529,-16.338464930862113,36.763721398463375,-13.60522165010766,3.58845355327509,1.64749561935989,,,,97.9,2203.0,7.1,778448,605131,571771,669242,571970,605141,624424,681624,606192,53.45,,,,,,,,17,1,4-Seam Fastball,1,2,1,2,2,1,1,2,Standard,Strategic,232.0,-0.002,-0.043,,,,,0.043,,-1,-1,0.4,0.4,23,27,24,28,1,0,7.0,1.0,7.0,1.0,1.16,1.06,-1.06,42.0,,,,,
FF,2025-04-05,97.5,-2.5,6.17,"Sasaki, Roki",592663,808963,field_out,hit_into_play,,,,,4.0,J.T. Realmuto lines out sharply to left fielder Michael Conforto.,R,R,R,PHI,LAD,X,7.0,line_drive,3,2,2025,-0.87,1.22,-0.3844063298853241,2.7183751579806703,,,,1,2,Bot,58.59,84.69,,,,,7.812325595890384,-141.63550743290554,-6.631321911044685,-13.548134883933743,33.940531206355764,-14.333144950221673,3.65,1.73,328.0,104.5,16.0,98.6,2132.0,7.1,778448,605131,571771,669242,571970,605141,624424,681624,606192,53.4,0.527,0.556,0.0,1.0,0.0,0.0,5.0,16,6,4-Seam Fastball,1,2,1,2,2,1,1,2,Standard,Standard,226.0,-0.022,-0.332,70.7,7.3,,0.817,0.332,104.5,-1,-1,0.422,0.422,23,34,24,34,1,0,7.0,1.0,7.0,3.0,1.19,0.87,0.87,41.0,15.886189401660154,-8.683236020709517,33.28767774678796,30.422762043949515,29.49630829934612
FF,2025-04-05,97.7,-2.44,6.27,"Sasaki, Roki",592663,808963,,ball,,,,,11.0,,R,R,R,PHI,LAD,B,,,2,2,2025,-0.71,1.38,-0.7540415777655112,4.300173195983361,,,,1,2,Bot,,,,,,,6.282424072178293,-142.126974199478,-2.97437878994278,-11.150883319750116,36.18576102695228,-13.046880509804762,3.74983991822005,1.83872707445961,,,,98.7,2126.0,7.1,778448,605131,571771,669242,571970,605141,624424,681624,606192,53.4,,,,,,,,16,5,4-Seam Fastball,1,2,1,2,2,1,1,2,Standard,Standard,222.0,0.007,0.104,,,,,-0.104,,-1,-1,0.415,0.415,23,34,24,34,1,0,7.0,1.0,7.0,3.0,1.03,0.71,0.71,42.1,,,,,
FO,2025-04-05,87.3,-2.46,6.31,"Sasaki, Roki",592663,808963,,ball,,,,,13.0,,R,R,R,PHI,LAD,B,,,1,2,2025,-0.17,-0.62,-0.6483930875766765,1.1891487462540282,,,,1,2,Bot,,,,,,,4.768866749370675,-126.90174879927996,-4.8366989344305376,-2.905869311716324,29.495903555173776,-37.88837021818165,3.85842464807662,1.87396056504416,,,,87.8,520.0,7.0,778448,605131,571771,669242,571970,605141,624424,681624,606192,53.55,,,,,,,,16,4,Forkball,1,2,1,2,2,1,1,2,Standard,Standard,306.0,0.002,0.048,,,,,-0.048,,-1,-1,0.413,0.413,23,34,24,34,1,0,7.0,1.0,7.0,3.0,3.65,0.17,0.17,46.2,,,,,
FF,2025-04-05,97.0,-2.4,6.21,"Sasaki, Roki",592663,808963,,swinging_strike,,,,,5.0,,R,R,R,PHI,LAD,S,,,1,1,2025,-0.92,1.36,-0.2407173778303508,2.3684419746326677,,,,1,2,Bot,,,,,,,7.992404813744168,-140.7532110310051,-7.864883977249294,-14.175555396941794,35.99083210631129,-12.437873648892063,3.65,1.73,,,,97.7,2133.0,7.1,778448,605131,571771,669242,571970,605141,624424,681624,606192,53.36,,,,,,,,16,3,4-Seam Fastball,1,2,1,2,2,1,1,2,Standard,Standard,227.0,-0.004,-0.064,75.2,7.3,0.15564198,,0.064,,-1,-1,0.417,0.417,23,34,24,34,1,0,7.0,1.0,7.0,3.0,1.1,0.92,0.92,39.0,4.084391971301573,13.1167370307465,40.5964125530469,32.99974476845698,19.74207427982382
FO,2025-04-05,85.6,-2.45,6.33,"Sasaki, Roki",592663,808963,,ball,,,,,13.0,,R,R,R,PHI,LAD,B,,,0,1,2025,0.24,-0.59,-0.6444777155945396,1.2463580329413664,,,,1,2,Bot,,,,,,,3.840453917811178,-124.50547366630362,-4.501421130988205,1.6224815743878969,27.892205492914908,-37.5212607560747,3.66673951485306,1.7311374770515,,,,86.4,537.0,7.1,778448,605131,571771,669242,571970,605141,624424,681624,606192,53.39,,,,,,,,16,2,Forkball,1,2,1,2,2,1,1,2,Standard,Standard,334.0,0.002,0.029,,,,,-0.029,,-1,-1,0.415,0.415,23,34,24,34,1,0,7.0,1.0,7.0,3.0,3.74,-0.24,-0.24,44.6,,,,,
FF,2025-04-05,96.2,-2.4,6.26,"Sasaki, Roki",592663,808963,,called_strike,,,,,9.0,,R,R,R,PHI,LAD,S,,,0,0,2025,-0.91,1.02,0.5284235388622057,2.319450498102248,,,,1,2,Bot,,,,,,,9.96492931529749,-139.59573123612384,-7.180949109891532,-14.322066728028863,34.81479374124438,-17.326212748556856,3.74881504574829,1.83622447483568,,,,96.9,2103.0,7.1,778448,605131,571771,669242,571970,605141,624424,681624,606192,53.39,,,,,,,,16,1,4-Seam Fastball,1,2,1,2,2,1,1,2,Standard,Standard,229.0,-0.003,-0.039,,,,,0.039,,-1,-1,0.418,0.418,23,34,24,34,1,0,7.0,1.0,7.0,3.0,1.48,0.91,0.91,42.6,,,,,
FF,2025-04-05,97.8,-2.6,6.32,"Sasaki, Roki",592206,808963,field_out,hit_into_play,,,,,1.0,Nick Castellanos lines out to right fielder Teoscar Hernández.,R,R,R,PHI,LAD,X,9.0,line_drive,2,1,2025,-0.92,1.34,-0.528714143996144,3.590326989274635,,,,0,2,Bot,172.65,100.14,,,,,7.766583155076019,-142.13194205601422,-4.94789288746527,-14.259686267625463,35.41055609601608,-13.064711491710744,3.86,1.84,273.0,86.7,24.0,98.4,2199.0,6.9,778448,605131,571771,669242,571970,605141,624424,681624,606192,53.62,0.177,0.188,0.0,1.0,0.0,0.0,3.0,15,4,4-Seam Fastball,1,2,1,2,2,1,1,2,Infield shade,Standard,224.0,-0.029,-0.305,64.5,6.1,,0.273,0.305,88.0,-1,-1,0.447,0.447,23,33,24,33,1,0,7.0,1.0,7.0,1.0,1.06,0.92,0.92,40.1,6.42590954667529,15.56945727186525,34.86733418238072,31.28527463111955,18.42625455574011
FF,2025-04-05,95.7,-2.6,6.21,"Sasaki, Roki",592206,808963,,called_strike,,,,,14.0,,R,R,R,PHI,LAD,S,,,2,0,2025,-0.88,1.22,0.9612201479575152,2.041756402543704,,,,0,2,Bot,,,,,,,11.499591531245011,-138.7175698892626,-8.170791669661721,-14.0031669133077,32.46574713364686,-14.666563380870446,3.95471057421426,1.91245200261138,,,,96.4,1998.0,7.0,778448,605131,571771,669242,571970,605141,624424,681624,606192,53.47,,,,,,,,15,3,4-Seam Fastball,1,2,1,2,2,1,1,2,Infield shade,Standard,228.0,-0.008,-0.072,,,,,0.072,,-1,-1,0.455,0.455,23,33,24,33,1,0,7.0,1.0,7.0,1.0,1.3,0.88,0.88,40.3,,,,,
FO,2025-04-05,85.2,-2.43,6.28,"Sasaki, Roki",592206,808963,,ball,,,,,13.0,,R,R,R,PHI,LAD,B,,,1,0,2025,0.04,-0.54,-1.1759993501285662,2.381699955078469,,,,0,2,Bot,,,,,,,2.9004396809173483,-123.98973138482656,-1.698453674648738,-0.2542708166329288,27.65142190871977,-37.54646692754344,3.94755329530196,1.99775768504063,,,,85.7,589.0,6.9,778448,605131,571771,669242,571970,605141,624424,681624,606192,53.6,,,,,,,,15,2,Forkball,1,2,1,2,2,1,1,2,Infield shade,Standard,289.0,0.008,0.077,,,,,-0.077,,-1,-1,0.447,0.447,23,33,24,33,1,0,7.0,1.0,7.0,1.0,3.71,-0.04,-0.04,43.2,,,,,
ST,2025-04-05,84.1,-2.44,6.28,"Sasaki, Roki",592206,808963,,ball,,,,,14.0,,R,R,R,PHI,LAD,B,,,0,0,2025,0.8,-0.78,0.739517389890048,0.9113810192124192,,,,0,2,Bot,,,,,,,5.833126237426886,-122.09748431762074,-4.362238850349048,6.446826004523036,30.05779570401301,-39.00336492037807,4.13327722389888,1.96131167463538,,,,84.1,1726.0,7.0,778448,605131,571771,669242,571970,605141,624424,681624,606192,53.47,,,,,,,,15,1,Sweeper,1,2,1,2,2,1,1,2,Infield shade,Standard,50.0,0.004,0.041,,,,,-0.041,,-1,-1,0.443,0.443,23,33,24,33,1,0,7.0,1.0,7.0,1.0,4.09,-0.8,-0.8,45.2,,,,,
FF,2025-04-05,96.6,-2.51,6.1,"Sasaki, Roki",596146,808963,field_out,hit_into_play,,,,,7.0,"Max Kepler grounds out, second baseman Tommy Edman to first baseman Enrique Hernández.",R,L,R,PHI,LAD,X,4.0,ground_ball,3,1,2025,-0.93,1.31,-0.4751381822959376,2.0573580219973127,607208.0,,,2,1,Bot,150.11,155.58,,,,,7.66795415691731,-140.26690712888694,-8.26830527157776,-14.035153950653669,32.130185283299085,-13.203735824453933,3.44,1.67,9.0,96.1,-13.0,97.9,2082.0,7.2,778448,605131,571771,669242,571970,605141,624424,681624,606192,53.33,0.155,0.145,0.0,1.0,0.0,0.0,2.0,9,5,4-Seam Fastball,1,0,1,0,0,1,1,0,Standard,Standard,236.0,-0.037,-0.325,75.0,7.5,,0.156,0.325,96.1,1,1,0.64,0.64,23,32,24,32,1,0,7.0,1.0,7.0,1.0,1.15,0.93,-0.93,37.1,4.125070344826525,0.1773963424734652,30.10944889338667,47.001977593514674,28.10618957608925
FF,2025-04-05,96.1,-2.53,6.19,"Sasaki, Roki",596146,808963,,called_strike,,,,,5.0,,R,L,R,PHI,LAD,S,,,3,0,2025,-1.05,1.14,-0.0748320155463839,2.553485076786335,607208.0,,,2,1,Bot,,,,,,,8.999105651038803,-139.59909679701937,-6.691072389463278,-15.828304381294634,31.76420565196009,-15.91152197235467,3.40297274770151,1.71467567671567,,,,97.1,1975.0,7.0,778448,605131,571771,669242,571970,605141,624424,681624,606192,53.53,,,,,,,,9,4,4-Seam Fastball,1,0,1,0,0,1,1,0,Strategic,Standard,224.0,-0.002,-0.045,,,,,0.045,,1,1,0.642,0.642,23,32,24,32,1,0,7.0,1.0,7.0,1.0,1.34,1.05,-1.05,38.5,,,,,
FF,2025-04-05,95.6,-2.47,6.23,"Sasaki, Roki",596146,808963,,ball,,,,,11.0,,R,L,R,PHI,LAD,B,,,2,0,2025,-1.07,1.36,-1.0462410434386205,3.969781991082449,607208.0,,,2,1,Bot,,,,,,,6.258451589468322,-139.06815386819565,-3.4322600612790293,-15.299177248495496,30.717015194397163,-13.949514456062344,3.36495660313377,1.6393768633529,,,,96.9,2001.0,7.0,778448,605131,571771,669242,571970,605141,624424,681624,606192,53.51,,,,,,,,9,3,4-Seam Fastball,1,0,1,0,0,1,1,0,Standard,Standard,230.0,0.003,0.044,,,,,-0.044,,1,1,0.639,0.639,23,32,24,32,1,0,7.0,1.0,7.0,1.0,1.13,1.07,-1.07,40.3,,,,,
FF,2025-04-05,96.5,-2.44,6.33,"Sasaki, Roki",596146,808963,,ball,,,,,11.0,,R,L,R,PHI,LAD,B,,,1,0,2025,-1.15,1.38,-0.870471531877776,3.528445417925149,607208.0,,,2,1,Bot,,,,,,,6.87542350344877,-140.29843894630983,-5.098903740256268,-16.67727240102973,30.72328479049967,-13.02431211354155,3.38209451685002,1.60681357723547,,,,97.9,2103.0,7.0,778448,605131,571771,669242,571970,605141,624424,681624,606192,53.46,,,,,,,,9,2,4-Seam Fastball,1,0,1,0,0,1,1,0,Standard,Standard,226.0,0.002,0.024,,,,,-0.024,,1,1,0.637,0.637,23,32,24,32,1,0,7.0,1.0,7.0,1.0,1.07,1.15,-1.15,38.4,,,,,
FO,2025-04-05,83.6,-2.37,6.36,"Sasaki, Roki",596146,808963,,ball,,,,,11.0,,R,L,R,PHI,LAD,B,,,0,0,2025,0.14,-0.29,-1.853649216171398,3.9378894473976023,607208.0,,,2,1,Bot,,,,,,,0.919397572717772,-121.64532295583192,1.4826863268979085,1.2376607845890588,25.521128140829845,-35.53191065387704,3.42692705732748,1.59654625876479,,,,84.4,563.0,7.0,778448,605131,571771,669242,571970,605141,624424,681624,606192,53.55,,,,,,,,9,1,Forkball,1,0,1,0,0,1,1,0,Standard,Standard,340.0,0.001,0.028,,,,,-0.028,,1,1,0.636,0.636,23,32,24,32,1,0,7.0,1.0,7.0,1.0,3.57,-0.14,0.14,44.5,,,,,
FF,2025-04-05,97.7,-2.44,6.35,"Sasaki, Roki",664761,808963,field_out,hit_into_play,,,,,5.0,"Alec Bohm grounds out, second baseman Tommy Edman to first baseman Enrique Hernández. Kyle Schwarber scores. Trea Turner to 3rd.",R,R,R,PHI,LAD,X,4.0,ground_ball,1,0,2025,-0.99,1.18,-0.0653877319435636,2.875277654520932,656941.0,607208.0,,1,1,Bot,134.39,159.63,,,,,8.785237995746632,-141.831761999715,-6.611217917712355,-15.416913597115654,34.66024161235533,-14.818559261982871,3.61,1.7,2.0,,-53.0,98.6,2174.0,7.1,778448,605131,571771,669242,571970,605141,624424,681624,606192,53.42,,,0.0,,0.0,0.0,,8,2,4-Seam Fastball,0,0,0,0,0,1,1,0,Standard,Standard,229.0,0.002,-0.259,67.3,6.5,,,0.259,,0,0,0.634,0.634,23,28,24,29,1,0,7.0,1.0,7.0,3.0,1.23,0.99,0.99,41.3,-1.36668493571918,22.276251730249317,26.307327212453306,35.65897713160855,13.117830237501185
FF,2025-04-05,97.1,-2.33,6.25,"Sasaki, Roki",664761,808963,,ball,,,,,14.0,,R,R,R,PHI,LAD,B,,,0,0,2025,-1.11,1.11,0.9426970848323868,1.9523691941872616,656941.0,607208.0,,1,1,Bot,,,,,,,11.448456500039054,-140.75090470302956,-8.568488090326928,-17.40091285640887,32.914045721629925,-15.574508397210495,3.71589349417091,1.6981626360595,,,,98.1,2139.0,7.1,778448,605131,571771,669242,571970,605141,624424,681624,606192,53.35,,,,,,,,8,1,4-Seam Fastball,0,0,0,0,0,0,0,0,Standard,Standard,226.0,0.001,0.03,,,,,-0.03,,0,0,0.633,0.633,23,28,24,29,1,0,7.0,1.0,7.0,3.0,1.34,1.11,1.11,39.8,,,,,
FO,2025-04-05,85.7,-2.36,6.28,"Sasaki, Roki",547180,808963,strikeout,swinging_strike,,,,,14.0,Bryce Harper strikes out swinging.,R,L,R,PHI,LAD,S,2.0,,1,2,2025,-0.04,-0.11,1.0650516154489698,1.607462115695156,656941.0,607208.0,,0,1,Bot,,,,,,,8.276078651479365,-124.52545795465488,-4.573745546316227,-2.063643298036092,25.071894994340443,-32.56386879420605,3.26,1.61,,,,86.7,519.0,7.0,778448,605131,571771,669242,571970,605141,624424,681624,606192,53.52,,0.0,0.0,1.0,0.0,0.0,,7,4,Forkball,0,0,0,0,0,0,0,0,Standard,Standard,326.0,-0.034,-0.226,68.6,8.3,5.795236416,,0.226,,0,0,0.667,0.667,23,32,24,33,1,0,7.0,1.0,7.0,1.0,3.22,0.04,-0.04,42.5,30.461519235620656,-45.40909137269077,39.14373046155623,25.095227431539293,53.36474403293478
FO,2025-04-05,86.0,-2.32,6.39,"Sasaki, Roki",547180,808963,,ball,,,,,13.0,,R,L,R,PHI,LAD,B,,,0,2,2025,-0.63,-0.19,-2.0947207154371847,2.261909917179112,656941.0,607208.0,,0,1,Bot,,,,,,,1.8475101313542013,-125.29518928689107,-3.176537061835999,-7.028837627615569,26.125883051256736,-33.730238056093185,3.44431376750882,1.69070802896939,,,,87.1,524.0,7.0,778448,605131,571771,669242,571970,605141,624424,681624,606192,53.49,,,,,,,,7,3,Forkball,0,0,0,0,0,0,0,0,Standard,Standard,313.0,0.005,0.019,,,,,-0.019,,0,0,0.662,0.662,23,32,24,33,1,0,7.0,1.0,7.0,1.0,3.27,0.63,-0.63,44.6,,,,,
FO,2025-04-05,85.8,-2.24,6.33,"Sasaki, Roki",547180,808963,,foul,,,,,14.0,,R,L,R,PHI,LAD,S,,,0,1,2025,0.17,-0.34,0.0804126819028985,1.4158364028712347,656941.0,607208.0,,0,1,Bot,,,,,,,5.229019700131997,-124.72835662038143,-4.669254137028973,0.6262848944760104,26.99782088364597,-34.90255993890092,3.26,1.61,3.0,83.9,-34.0,86.7,539.0,7.1,778448,605131,571771,669242,571970,605141,624424,681624,606192,53.41,,,,,,,,7,2,Forkball,0,0,0,0,0,0,0,0,Standard,Standard,322.0,-0.012,-0.058,68.1,8.7,,,0.058,88.0,0,0,0.674,0.674,23,32,24,33,1,0,7.0,1.0,7.0,1.0,3.46,-0.17,0.17,43.7,26.846041562299856,-26.837995586135463,37.05682941934383,37.51206669367719,45.27286851037888
FO,2025-04-05,83.8,-2.27,6.31,"Sasaki, Roki",547180,808963,,called_strike,,,,,8.0,,R,L,R,PHI,LAD,S,,,0,0,2025,0.11,0.0,-0.0713919526779979,2.012451706372699,656941.0,,607208.0,0,1,Bot,,,,,,,4.958168613775628,-121.86384674283455,-3.509420595115293,0.0464286506330999,25.23502227583996,-31.703808723440776,3.22902868997594,1.59736696605742,,,,85.1,513.0,7.3,778448,605131,571771,669242,571970,605141,624424,681624,606192,53.24,,,,,,,,7,1,Forkball,0,0,0,0,0,0,0,0,Infield shade,Standard,337.0,0.01,-0.054,,,,,0.054,,0,0,0.664,0.664,23,32,24,33,1,0,7.0,1.0,7.0,1.0,3.27,-0.11,0.11,43.5,,,,,
FF,2025-04-05,96.9,-2.41,6.24,"Sasaki, Roki",607208,808963,single,hit_into_play,,,,,8.0,Trea Turner singles on a sharp line drive to right fielder Teoscar Hernández. Kyle Schwarber to 3rd.,R,R,R,PHI,LAD,X,9.0,line_drive,0,0,2025,-0.81,1.22,0.0717287591175788,2.1222553900920342,,,656941.0,0,1,Bot,182.9,120.0,,,,,8.557662817490728,-140.53946749186795,-8.235060938506008,-12.799296629339723,35.777913564374416,-14.192902799800914,3.37,1.66,243.0,100.0,12.0,97.3,2087.0,7.0,778448,605131,571771,669242,571970,605141,624424,681624,606192,53.5,0.916,0.871,0.9,1.0,1.0,0.0,4.0,6,1,4-Seam Fastball,0,0,0,0,0,0,0,0,Standard,Standard,228.0,0.081,0.469,67.3,7.0,,1.102,-0.469,100.0,0,0,0.583,0.583,23,32,24,32,1,0,7.0,1.0,7.0,1.0,1.25,0.81,0.81,41.6,-1.889426037722311,16.360514513498586,30.451270721585097,37.99114505175718,12.45708841361255
FF,2025-04-05,96.8,-2.48,6.15,"Sasaki, Roki",656941,808963,single,hit_into_play,,,,,5.0,Kyle Schwarber singles on a ground ball to right fielder Teoscar Hernández.,R,L,R,PHI,LAD,X,9.0,ground_ball,3,2,2025,-1.04,1.0,-0.2295739018923366,2.341446319166764,,,,0,1,Bot,177.49,123.5,,,,,8.490285103392129,-140.63681653795507,-6.955886269905552,-15.727468078776903,32.05089316383835,-17.463545733940347,3.29,1.52,13.0,103.0,-9.0,98.0,2039.0,7.1,778448,605131,571771,669242,571970,605141,624424,681624,606192,53.45,0.268,0.241,0.9,1.0,1.0,0.0,2.0,5,6,4-Seam Fastball,0,0,0,0,0,0,0,0,Infield shade,Standard,231.0,0.03,0.353,80.4,7.5,,0.268,-0.353,103.0,0,0,0.553,0.553,23,32,24,32,1,0,7.0,1.0,7.0,1.0,1.44,1.04,-1.04,41.7,14.888732589012603,-8.2411692357502,29.63118762640145,37.031298201931584,31.304887998652845
FO,2025-04-05,85.7,-2.45,6.26,"Sasaki, Roki",656941,808963,,ball,,,,,13.0,,R,L,R,PHI,LAD,B,,,2,2,2025,-0.35,-0.45,-1.7260968587098229,1.882331875058434,,,,0,1,Bot,,,,,,,2.4504941991235336,-124.75450253936346,-3.1121478808972496,-4.17088343632807,27.86461000876604,-36.41741361877134,3.3522232680794,1.58139363936667,,,,86.6,445.0,7.1,778448,605131,571771,669242,571970,605141,624424,681624,606192,53.41,,,,,,,,5,5,Forkball,0,0,0,0,0,0,0,0,Infield shade,Standard,305.0,0.008,0.112,,,,,-0.112,,0,0,0.545,0.545,23,32,24,32,1,0,7.0,1.0,7.0,1.0,3.58,0.35,-0.35,43.1,,,,,
FF,2025-04-05,96.5,-2.48,6.15,"Sasaki, Roki",656941,808963,,foul,,,,,6.0,,R,L,R,PHI,LAD,S,,,2,1,2025,-0.95,1.17,0.3491317383148596,2.349419805843002,,,,0,1,Bot,,,,,,,9.81659037023238,-139.97604442272072,-7.241090965298653,-14.722121061198113,33.434241473782535,-15.2440394813256,3.29,1.52,296.0,115.1,16.0,97.5,1970.0,7.2,778448,605131,571771,669242,571970,605141,624424,681624,606192,53.33,,,,,,,,5,4,4-Seam Fastball,0,0,0,0,0,0,0,0,Strategic,Standard,228.0,-0.006,-0.073,79.8,7.8,,,0.073,115.1,0,0,0.551,0.551,23,32,24,32,1,0,7.0,1.0,7.0,1.0,1.3,0.95,-0.95,44.2,16.11069481965947,-16.764027716230316,34.74484292418646,30.965197714301254,36.010597168191154
FF,2025-04-05,97.0,-2.47,6.37,"Sasaki, Roki",656941,808963,,ball,,,,,11.0,,R,L,R,PHI,LAD,B,,,1,1,2025,-0.82,1.22,-1.3028953874938511,3.546110869330202,,,,0,1,Bot,,,,,,,5.057127139116686,-141.12106402426008,-4.781329450656371,-12.138099501545586,35.38607490119424,-15.060807884110943,3.39788299297779,1.6399353422217,,,,97.6,1959.0,6.9,778448,605131,571771,669242,571970,605141,624424,681624,606192,53.63,,,,,,,,5,3,4-Seam Fastball,0,0,0,0,0,0,0,0,Strategic,Standard,229.0,0.004,0.055,,,,,-0.055,,0,0,0.547,0.547,23,32,24,32,1,0,7.0,1.0,7.0,1.0,1.23,0.82,-0.82,39.3,,,,,
FO,2025-04-05,87.2,-2.48,6.21,"Sasaki, Roki",656941,808963,,ball,,,,,14.0,,R,L,R,PHI,LAD,B,,,0,1,2025,-0.59,-0.15,1.0267009868101695,0.8265488316774809,,,,0,1,Bot,,,,,,,9.781193801199349,-126.4620492196122,-6.487275803341008,-8.41602739720252,27.15194469248912,-32.52682815305154,3.40069896631659,1.6655563851654,,,,88.1,544.0,7.1,778448,605131,571771,669242,571970,605141,624424,681624,606192,53.35,,,,,,,,5,2,Forkball,0,0,0,0,0,0,0,0,Standard,Standard,299.0,0.002,0.031,,,,,-0.031,,0,0,0.545,0.545,23,32,24,32,1,0,7.0,1.0,7.0,1.0,3.18,0.59,-0.59,41.5,,,,,
FF,2025-04-05,96.6,-2.57,6.16,"Sasaki, Roki",656941,808963,,called_strike,,,,,7.0,,R,L,R,PHI,LAD,S,,,0,0,2025,-1.11,1.34,-0.4552719156406475,1.8582492681335852,,,,0,1,Bot,,,,,,,8.2842425561134,-140.2231176238123,-9.052970636702945,-16.499743304361516,31.924238925541417,-12.58789609650531,3.40363456582698,1.59760891631466,,,,97.9,2113.0,7.2,778448,605131,571771,669242,571970,605141,624424,681624,606192,53.35,,,,,,,,5,1,4-Seam Fastball,0,0,0,0,0,0,0,0,Standard,Standard,233.0,-0.003,-0.039,,,,,0.039,,0,0,0.548,0.548,23,32,24,32,1,0,7.0,1.0,7.0,1.0,1.12,1.11,-1.11,39.4,,,,,
FF,2025-03-29,96.6,-2.57,5.97,"Sasaki, Roki",679529,808963,walk,ball,,,,,14.0,Spencer Torkelson walks.,R,R,R,LAD,DET,B,,,3,2,2025,-0.87,1.33,1.116873744449596,2.2989449447797523,,668952.0,,2,2,Top,,,,,,,11.949945037702165,-140.03355770801946,-7.304819184612529,-14.11556060848996,31.01509953984589,-13.1385506931834,3.51887334598988,1.6270247549064,,,,97.9,2205.0,7.2,778533,669257,518692,669242,571970,500743,624424,681624,606192,53.32,,0.691497,0.7,1.0,0.0,0.0,,16,6,4-Seam Fastball,1,2,2,1,2,1,2,1,Infield shade,Standard,220.0,-0.008,0.134,,,,,-0.134,,-1,1,0.41,0.59,23,25,24,26,2,1,10.0,1.0,7.0,2.0,1.13,0.87,0.87,41.8,,,,,
FF,2025-03-29,95.7,-2.64,5.82,"Sasaki, Roki",679529,808963,,called_strike,,,,,9.0,,R,R,R,LAD,DET,S,,,3,1,2025,-0.95,1.35,0.2847275439591773,1.5096211975392464,,668952.0,,2,2,Top,,,,,,,10.036826118998958,-138.91018549730245,-8.974955955112193,-14.467310686355816,28.441673158309516,-12.81636463409808,3.47607820387532,1.56304234758804,,,,97.6,2221.0,7.3,778533,669257,518692,669242,571970,500743,624424,681624,606192,53.22,,,,,,,,16,5,4-Seam Fastball,1,2,2,1,2,1,2,1,Standard,Standard,224.0,0.003,-0.063,,,,,0.063,,-1,1,0.407,0.593,23,25,24,26,2,1,10.0,1.0,7.0,2.0,1.13,0.95,0.95,40.2,,,,,
ST,2025-03-29,82.7,-2.54,6.0,"Sasaki, Roki",679529,808963,,blocked_ball,,,,,14.0,,R,R,R,LAD,DET,B,,,2,1,2025,0.78,0.26,1.0808585165966504,-0.0506863484255908,,668952.0,,2,2,Top,,,,,,,6.836710101041971,-120.08702052618986,-7.880279456172343,6.180338908632576,23.51890448447157,-28.29724500109923,3.43328687941968,1.6056962790308,,,,83.9,1979.0,7.2,778533,669257,518692,669242,571970,500743,624424,681624,606192,53.26,,,,,,,,16,4,Sweeper,1,2,2,1,2,1,2,1,Infield shade,Standard,34.0,-0.003,0.055,,,,,-0.055,,-1,1,0.41,0.59,23,25,24,26,2,1,10.0,1.0,7.0,2.0,3.09,-0.78,-0.78,44.0,,,,,
FF,2025-03-29,95.9,-2.53,5.91,"Sasaki, Roki",679529,808963,,called_strike,,,,,8.0,,R,R,R,LAD,DET,S,,,2,0,2025,-0.92,1.3,0.1803340832513592,1.670080920808143,,668952.0,,2,2,Top,,,,,,,9.383199483972705,-139.1174883600946,-8.63151752185833,-14.107617217089969,30.966515434018344,-13.51185209099598,3.51887334598988,1.64835423657694,,,,97.1,2150.0,7.1,778533,669257,518692,669242,571970,500743,624424,681624,606192,53.4,,,,,,,,16,3,4-Seam Fastball,1,2,2,1,2,1,2,1,Infield shade,Standard,228.0,0.002,-0.051,,,,,0.051,,-1,1,0.408,0.592,23,25,24,26,2,1,10.0,1.0,7.0,2.0,1.2,0.92,0.92,42.6,,,,,
FO,2025-03-29,84.0,-2.45,5.92,"Sasaki, Roki",679529,808963,,blocked_ball,,,,,13.0,,R,R,R,LAD,DET,B,,,1,0,2025,-0.36,-0.65,-0.3811482848099568,0.5073676234997699,,668952.0,,2,2,Top,,,,,,,5.584310394154969,-122.03305594717544,-4.775345873643501,-4.83534694346917,27.79130565102514,-37.7422240547542,3.54027234677261,1.6270247549064,,,,84.7,419.0,7.2,778533,669257,518692,669242,571970,500743,624424,681624,606192,53.3,,,,,,,,16,2,Forkball,1,2,2,1,2,1,2,1,Infield shade,Standard,311.0,-0.002,0.028,,,,,-0.028,,-1,1,0.41,0.59,23,25,24,26,2,1,10.0,1.0,7.0,2.0,3.93,0.36,0.36,46.1,,,,,
FF,2025-03-29,95.7,-2.6,5.89,"Sasaki, Roki",679529,808963,,ball,,,,,14.0,,R,R,R,LAD,DET,B,,,0,0,2025,-1.07,1.2,0.6589339218228898,1.2583253566603405,,668952.0,,2,2,Top,,,,,,,11.150089899701827,-138.73710506022994,-9.410226913778004,-16.279974608178684,30.89027390806135,-14.64287131653305,3.49747529810436,1.6056962790308,,,,96.9,2034.0,7.2,778533,669257,518692,669242,571970,500743,624424,681624,606192,53.31,,,,,,,,16,1,4-Seam Fastball,1,2,2,1,2,1,2,1,Infield shade,Standard,224.0,-0.001,0.019,,,,,-0.019,,-1,1,0.411,0.589,23,25,24,26,2,1,10.0,1.0,7.0,2.0,1.31,1.07,1.07,45.1,,,,,
ST,2025-03-29,82.5,-2.66,5.95,"Sasaki, Roki",682985,808963,field_out,hit_into_play,,,,,11.0,Riley Greene pops out to shortstop Miguel Rojas.,R,L,R,LAD,DET,X,6.0,popup,2,1,2025,0.94,0.14,-1.0563925258649012,2.532567213635724,,668952.0,,1,2,Top,108.69,155.19,,,,,1.8470522646700451,-120.25912314238772,-1.606969805133579,8.824523855917805,21.46398087621237,-30.75069603914681,3.41,1.65,126.0,86.8,68.0,84.0,1806.0,7.0,778533,669257,518692,669242,571970,500743,624424,681624,606192,53.48,0.008,0.007,0.0,1.0,0.0,0.0,3.0,15,4,Sweeper,1,2,2,1,2,1,2,1,Standard,Standard,49.0,0.035,-0.278,76.5,7.9,,0.008,0.278,88.0,-1,1,0.376,0.624,23,24,24,25,2,1,10.0,1.0,7.0,2.0,3.18,-0.94,0.94,42.0,26.1896807162714,-7.0424973721912885,39.8918624975684,43.51868193993992,37.94420323075569
FF,2025-03-29,96.8,-2.66,5.93,"Sasaki, Roki",682985,808963,,ball,,,,,14.0,,R,L,R,LAD,DET,B,,,1,1,2025,-0.89,1.3,0.6132491495240172,0.92312298653804,,668952.0,,1,2,Top,,,,,,,10.916025374424786,-140.2927755400638,-10.945505975206792,-13.977447302958945,27.85540996217681,-12.710388338435433,3.58307320399283,1.69101621438161,,,,98.6,2164.0,7.2,778533,669257,518692,669242,571970,500743,624424,681624,606192,53.28,,,,,,,,15,3,4-Seam Fastball,1,2,2,1,2,1,2,1,Standard,Standard,228.0,-0.004,0.03,,,,,-0.03,,-1,1,0.38,0.62,23,24,24,25,2,1,10.0,1.0,7.0,2.0,1.13,0.89,-0.89,37.6,,,,,
FO,2025-03-29,85.7,-2.4,6.03,"Sasaki, Roki",682985,808963,,blocked_ball,,,,,14.0,,R,L,R,LAD,DET,B,,,0,1,2025,-0.65,-0.03,0.2301576289967701,0.2775430991572851,,668952.0,,1,2,Top,,,,,,,7.658303005728289,-124.51033698868612,-7.36105209631638,-8.259359915684842,25.15731775576911,-31.19559805410011,3.5615908067433,1.7122795779887,,,,87.1,541.0,7.3,778533,669257,518692,669242,571970,500743,624424,681624,606192,53.2,,,,,,,,15,2,Forkball,1,2,2,1,2,1,2,1,Standard,Standard,305.0,-0.003,0.025,,,,,-0.025,,-1,1,0.383,0.617,23,24,24,25,2,1,10.0,1.0,7.0,2.0,3.15,0.65,-0.65,43.6,,,,,
FO,2025-03-29,85.5,-2.5,5.96,"Sasaki, Roki",682985,808963,,swinging_strike_blocked,,,,,13.0,,R,L,R,LAD,DET,S,,,0,0,2025,-0.42,-0.26,-0.3570264195248721,0.68384405199668,,668952.0,,1,2,Top,,,,,,,6.0410252866649925,-124.30160853534213,-5.680821374748118,-5.637443574677021,26.27336468579949,-33.845594529503245,3.41,1.65,,,,87.0,418.0,7.4,778533,669257,518692,669242,571970,500743,624424,681624,606192,53.06,,,,,,,,15,1,Forkball,1,2,2,1,2,1,2,1,Standard,Standard,306.0,0.005,-0.038,76.1,8.8,15.273416628,,0.038,,-1,1,0.378,0.622,23,24,24,25,2,1,10.0,1.0,7.0,2.0,3.4,0.42,-0.42,45.8,36.92342465737792,-24.95255222045864,44.70578714984169,36.25534560515371,60.22663742320496
FF,2025-03-29,95.4,-2.66,5.88,"Sasaki, Roki",656716,808963,strikeout,called_strike,,,,,9.0,Zach McKinstry called out on strikes.,R,L,R,LAD,DET,S,2.0,,2,2,2025,-1.1,1.32,0.7874663999774494,1.9231516498255172,,668952.0,,0,2,Top,,,,,,,11.718871266630948,-138.25348159918747,-7.837914377211208,-16.665821703320272,30.16427672276277,-13.634071890707396,3.36902718553374,1.58430075185804,,,,96.9,2218.0,7.3,778533,669257,518692,669242,571970,500743,624424,681624,606192,53.16,,0.0,0.0,1.0,0.0,0.0,,14,5,4-Seam Fastball,1,2,2,1,2,1,2,1,Standard,Standard,226.0,0.032,-0.286,,,,,0.286,,-1,1,0.346,0.654,23,30,24,30,2,1,10.0,1.0,7.0,2.0,1.21,1.1,-1.1,37.9,,,,,
FO,2025-03-29,86.2,-2.45,5.98,"Sasaki, Roki",656716,808963,,ball,,,,,14.0,,R,L,R,LAD,DET,B,,,1,2,2025,-0.12,-0.47,0.1885721114389407,-0.9822502019733684,,,668952.0,0,2,Top,,,,,,,6.618219034856909,-125.05994902359494,-9.412292239099196,-2.680849165575811,26.949555212824546,-35.27164115653787,3.26208089743809,1.54164919334265,,,,87.3,514.0,7.3,778533,669257,518692,669242,571970,500743,624424,681624,606192,53.17,,,,,,,,14,4,Forkball,1,2,2,1,2,1,2,1,Infield shade,Standard,289.0,-0.027,0.036,,,,,-0.036,,-1,1,0.373,0.627,23,30,24,30,2,1,10.0,1.0,7.0,2.0,3.58,0.12,-0.12,45.6,,,,,
FO,2025-03-29,85.3,-2.5,5.95,"Sasaki, Roki",656716,808963,,blocked_ball,,,,,13.0,,R,L,R,LAD,DET,B,,,0,2,2025,-0.41,-0.68,-0.052704677055062,-0.4050357425413846,,,668952.0,0,2,Top,,,,,,,6.719417295397247,-123.8639539628188,-7.325124760217575,-5.657320458021246,26.570747799826307,-37.77846886078269,3.30485653204266,1.47767942268999,,,,86.6,478.0,7.4,778533,669257,518692,669242,571970,500743,624424,681624,606192,53.1,,,,,,,,14,3,Forkball,1,2,2,1,2,1,2,1,Infield shade,Standard,296.0,-0.003,0.017,,,,,-0.017,,-1,1,0.376,0.624,23,30,24,30,2,1,10.0,1.0,7.0,2.0,3.85,0.41,-0.41,43.1,,,,,
ST,2025-03-29,83.7,-2.66,5.96,"Sasaki, Roki",656716,808963,,called_strike,,,,,4.0,,R,L,R,LAD,DET,S,,,0,1,2025,0.87,0.03,-0.4701804486491282,2.115842165544509,,,668952.0,0,2,Top,,,,,,,3.399064664404307,-121.90153784962524,-2.5680727725067607,7.989321584275498,23.831105695655165,-31.537054028752816,3.30485653204266,1.45635818662239,,,,85.2,1854.0,7.2,778533,669257,518692,669242,571970,500743,624424,681624,606192,53.28,,,,,,,,14,2,Sweeper,1,2,2,1,2,1,2,1,Standard,Standard,47.0,0.008,-0.053,,,,,0.053,,-1,1,0.368,0.632,23,30,24,30,2,1,10.0,1.0,7.0,2.0,3.21,-0.87,0.87,42.5,,,,,
ST,2025-03-29,82.8,-2.56,5.99,"Sasaki, Roki",656716,808963,,swinging_strike,,,,,13.0,,R,L,R,LAD,DET,S,,,0,0,2025,0.8,-0.22,-0.0376036101543817,1.2257427839572972,,,668952.0,0,2,Top,,,,,,,4.259818585023939,-120.51978350733864,-4.017856203849995,7.006002595250241,23.27484651948727,-33.70648527629137,3.19,1.54,,,,84.3,1800.0,7.2,778533,669257,518692,669242,571970,500743,624424,681624,606192,53.27,,,,,,,,14,1,Sweeper,1,2,2,1,2,1,2,1,Standard,Standard,34.0,0.005,-0.043,62.1,7.7,0.299388324,,0.043,,-1,1,0.363,0.637,23,30,24,30,2,1,10.0,1.0,7.0,2.0,3.54,-0.8,0.8,44.2,27.17402185531817,-17.42749391308052,39.43221850047658,34.455118082003594,38.41381281510301
FF,2025-03-29,96.0,-2.7,6.0,"Sasaki, Roki",668952,808963,walk,ball,,,,,11.0,Ryan Kreidler walks.,R,R,R,LAD,DET,B,,,3,1,2025,-0.86,1.12,-1.1136070759793415,4.052178316369053,,,,0,2,Top,,,,,,,6.23347939321125,-139.66563086489066,-2.1200358461053104,-12.59120402458779,30.560126644867644,-17.213245464794447,3.51879221183775,1.54164919334265,,,,97.6,2045.0,7.1,778533,669257,518692,669242,571970,500743,624424,681624,606192,53.38,,0.691497,0.7,1.0,0.0,0.0,,13,5,4-Seam Fastball,1,2,2,1,2,1,2,1,Standard,Standard,228.0,-0.02,0.262,,,,,-0.262,,-1,1,0.383,0.617,23,27,24,28,1,0,10.0,1.0,7.0,3.0,1.35,0.86,0.86,41.3,,,,,
ST,2025-03-29,83.8,-2.7,5.98,"Sasaki, Roki",668952,808963,,ball,,,,,14.0,,R,R,R,LAD,DET,B,,,2,1,2025,0.89,-0.69,0.9212104357168256,-0.4784200512273893,,,,0,2,Top,,,,,,,6.7164132189585874,-121.6267669055696,-7.121820750545462,7.2538866168954845,27.150231319693667,-37.57900736139007,3.54019103322542,1.58430075185804,,,,84.7,1795.0,7.3,778533,669257,518692,669242,571970,500743,624424,681624,606192,53.18,,,,,,,,13,4,Sweeper,1,2,2,1,2,1,2,1,Standard,Standard,26.0,-0.011,0.134,,,,,-0.134,,-1,1,0.394,0.606,23,27,24,28,1,0,10.0,1.0,7.0,3.0,3.99,-0.89,-0.89,43.2,,,,,
FF,2025-03-29,95.9,-2.66,5.95,"Sasaki, Roki",668952,808963,,ball,,,,,13.0,,R,R,R,LAD,DET,B,,,1,1,2025,-1.05,1.28,-1.213665721602622,2.5160162333328198,,,,0,2,Top,,,,,,,6.290101131817384,-139.47706734801017,-6.472379486188418,-15.067367215687758,31.87784485114213,-14.13650635914703,3.49739434334007,1.58430075185804,,,,97.3,2130.0,7.1,778533,669257,518692,669242,571970,500743,624424,681624,606192,53.38,,,,,,,,13,3,4-Seam Fastball,1,2,2,1,2,1,2,1,Standard,Standard,225.0,-0.004,0.055,,,,,-0.055,,-1,1,0.398,0.602,23,27,24,28,1,0,10.0,1.0,7.0,3.0,1.2,1.05,1.05,41.1,,,,,
ST,2025-03-29,83.9,-2.65,5.99,"Sasaki, Roki",668952,808963,,ball,,,,,14.0,,R,R,R,LAD,DET,B,,,0,1,2025,1.21,-0.23,1.4690040465512788,0.3663582755945196,,,,0,2,Top,,,,,,,7.280296802040601,-121.87747771910468,-6.182682099673066,10.351365702690986,26.431631313733607,-33.2672827667896,3.51879221183775,1.47767942268999,,,,85.2,1956.0,7.5,778533,669257,518692,669242,571970,500743,624424,681624,606192,53.03,,,,,,,,13,2,Sweeper,1,2,2,1,2,1,2,1,Standard,Standard,43.0,-0.002,0.031,,,,,-0.031,,-1,1,0.4,0.6,23,27,24,28,1,0,10.0,1.0,7.0,3.0,3.5,-1.21,-1.21,44.1,,,,,
FF,2025-03-29,96.6,-2.65,5.92,"Sasaki, Roki",668952,808963,,called_strike,,,,,9.0,,R,R,R,LAD,DET,S,,,0,0,2025,-1.07,1.12,0.3789494535025626,1.6184263338054354,,,,0,2,Top,,,,,,,10.674408579822986,-140.11028300523313,-8.57292344536339,-16.46399372097848,29.74833420868017,-15.56767651075338,3.5615908067433,1.66961595002696,,,,98.2,2075.0,7.2,778533,669257,518692,669242,571970,500743,624424,681624,606192,53.26,,,,,,,,13,1,4-Seam Fastball,1,2,2,1,2,1,2,1,Standard,Standard,224.0,0.003,-0.039,,,,,0.039,,-1,1,0.397,0.603,23,27,24,28,1,0,10.0,1.0,7.0,3.0,1.32,1.07,1.07,38.7,,,,,
ST,2025-03-29,81.8,-2.48,6.01,"Sasaki, Roki",668670,808963,force_out,hit_into_play,,,,,6.0,"Jake Rogers grounds into a force out, fielded by third baseman Max Muncy. Manuel Margot out at 3rd.",R,R,R,LAD,DET,X,5.0,ground_ball,0,2,2025,1.08,-0.02,0.4558925875542369,2.1330387884460538,690993.0,622534.0,700242.0,2,1,Top,101.55,167.09,,,,,4.606039283613533,-119.06062136883862,-2.136082322694195,9.324304904652996,23.36433062874364,-32.17466783692236,3.34,1.51,6.0,75.7,-22.0,82.9,1854.0,7.1,778533,669257,518692,669242,571970,500743,624424,681624,606192,53.43,0.052,0.05,0.0,1.0,0.0,0.0,2.0,8,3,Sweeper,0,2,2,0,2,0,2,0,Standard,Standard,50.0,0.034,-0.17,69.4,7.3,,0.052,0.17,88.0,-2,2,0.318,0.682,23,30,24,30,1,0,10.0,2.0,7.0,3.0,3.43,-1.08,-1.08,40.5,14.597727774824834,-7.395099205661165,29.2296198777356,38.80318740982709,41.45317053581178
FF,2025-03-29,96.1,-2.39,6.02,"Sasaki, Roki",668670,808963,,called_strike,,,,,8.0,,R,R,R,LAD,DET,S,,,0,1,2025,-1.2,1.11,-0.2602994317735458,2.1007849346331486,690993.0,622534.0,700242.0,2,1,Top,,,,,,,8.496632000291292,-139.52699917213832,-7.398591762886152,-17.604435754690677,31.53316513331085,-16.1545434903825,3.49739434334007,1.60562804235468,,,,97.5,2104.0,7.2,778533,669257,518692,669242,571970,500743,624424,681624,606192,53.29,,,,,,,,8,2,4-Seam Fastball,0,2,2,0,2,0,2,0,Standard,Standard,223.0,0.014,-0.05,,,,,0.05,,-2,2,0.304,0.696,23,30,24,30,1,0,10.0,2.0,7.0,3.0,1.37,1.2,1.2,45.8,,,,,
ST,2025-03-29,82.6,-2.6,5.98,"Sasaki, Roki",668670,808963,,foul,,,,,2.0,,R,R,R,LAD,DET,S,,,0,0,2025,0.62,0.48,0.0846849586376926,2.864891567145316,690993.0,622534.0,700242.0,2,1,Top,,,,,,,4.988312246648024,-120.29131068330568,-1.561949093307056,5.043809751027237,22.84504706022553,-27.37897949367873,3.34,1.51,124.0,70.4,20.0,84.0,1855.0,7.1,778533,669257,518692,669242,571970,500743,624424,681624,606192,53.38,,,,,,,,8,1,Sweeper,0,2,2,0,2,0,2,0,Standard,Standard,49.0,0.008,-0.035,61.4,7.1,,,0.035,88.0,-2,2,0.296,0.704,23,30,24,30,1,0,10.0,2.0,7.0,3.0,2.85,-0.62,-0.62,41.2,16.94688405457171,-0.8461683909891361,30.26380398969575,36.49614432775552,32.33301459184358
FF,2025-03-29,95.5,-2.72,5.97,"Sasaki, Roki",700242,808963,walk,ball,,,,,11.0,Trey Sweeney walks. Spencer Torkelson scores. Colt Keith to 3rd. Manuel Margot to 2nd.,R,L,R,LAD,DET,B,,,3,2,2025,-0.85,0.95,-1.4791761024873211,3.367504999489257,679529.0,690993.0,622534.0,2,1,Top,,,,,,,5.261830830894387,-139.00644155014447,-3.44036641803912,-12.196340033803615,30.292289666917767,-19.25262259848421,3.6900094000309,1.62695633936866,,,,97.1,2006.0,7.1,778533,669257,518692,669242,571970,500743,624424,681624,606192,53.36,,0.691497,0.7,1.0,0.0,0.0,,7,10,4-Seam Fastball,0,1,1,0,2,0,2,0,Strategic,Standard,227.0,-0.073,0.301,,,,,-0.301,,-1,1,0.369,0.631,23,25,24,25,1,0,10.0,1.0,7.0,2.0,1.54,0.85,-0.85,39.5,,,,,
FF,2025-03-29,95.7,-2.6,5.99,"Sasaki, Roki",700242,808963,,foul,,,,,1.0,,R,L,R,LAD,DET,S,,,3,2,2025,-0.77,1.18,-0.6234569161188338,3.545361808562665,679529.0,690993.0,622534.0,2,1,Top,,,,,,,7.056354846863978,-139.27013831037405,-3.5622906025778427,-11.546086141565446,30.763531184307343,-16.230705401391532,3.61,1.67,71.0,81.4,82.0,97.2,1888.0,7.1,778533,669257,518692,669242,571970,500743,624424,681624,606192,53.42,,,,,,,,7,9,4-Seam Fastball,0,1,1,0,1,0,1,0,Strategic,Standard,221.0,0.0,0.0,74.8,7.2,,,0.0,88.0,-1,1,0.369,0.631,23,25,24,25,1,0,10.0,1.0,7.0,2.0,1.31,0.77,-0.77,41.8,8.412107952130244,2.7658653492470777,16.877016025186002,38.40875592022424,33.25875464981627
FF,2025-03-29,96.0,-2.76,5.96,"Sasaki, Roki",700242,808963,,foul,,,,,11.0,,R,L,R,LAD,DET,S,,,3,2,2025,-0.72,1.24,-1.2688113026196826,3.2160047784574166,679529.0,690993.0,622534.0,2,1,Top,,,,,,,5.663299733606421,-139.69981516311847,-4.516027582395232,-10.701670433556874,31.709476485744784,-15.119552089822646,3.61,1.67,229.0,77.4,25.0,97.3,2029.0,7.0,778533,669257,518692,669242,571970,500743,624424,681624,606192,53.47,,,,,,,,7,8,4-Seam Fastball,0,1,1,0,1,0,1,0,Strategic,Standard,227.0,0.0,0.0,70.6,6.9,,,0.0,88.0,-1,1,0.369,0.631,23,25,24,25,1,0,10.0,1.0,7.0,2.0,1.23,0.72,-0.72,40.1,-0.0581215755667435,19.04218173381925,18.020992218557875,46.21760172477303,19.573212485563097
FF,2025-03-29,96.0,-2.65,5.9,"Sasaki, Roki",700242,808963,,foul,,,,,5.0,,R,L,R,LAD,DET,S,,,3,2,2025,-0.96,1.33,0.0577869923606818,2.5136816669208697,679529.0,690993.0,622534.0,2,1,Top,,,,,,,9.484939820546916,-139.44776463319627,-6.484282966875636,-14.556372248481145,29.87961136823219,-13.54116741380346,3.61,1.67,184.0,66.8,47.0,97.8,2074.0,7.3,778533,669257,518692,669242,571970,500743,624424,681624,606192,53.23,,,,,,,,7,7,4-Seam Fastball,0,1,1,0,1,0,1,0,Strategic,Standard,226.0,0.0,0.0,71.4,6.8,,,0.0,88.0,-1,1,0.369,0.631,23,25,24,25,1,0,10.0,1.0,7.0,2.0,1.15,0.96,-0.96,41.4,-2.50839047957685,9.795153756233017,29.717986064983133,30.597081305913047,26.20393575293936
FF,2025-03-29,96.5,-2.65,5.96,"Sasaki, Roki",700242,808963,,foul,,,,,5.0,,R,L,R,LAD,DET,S,,,3,2,2025,-0.91,1.23,-0.0316966451624796,2.3912471005377234,679529.0,690993.0,622534.0,2,1,Top,,,,,,,9.19014536862578,-140.11915381791545,-6.809242771905559,-14.079197254152152,31.29425341170601,-14.633143846084096,3.61,1.67,124.0,76.8,78.0,98.1,2076.0,7.3,778533,669257,518692,669242,571970,500743,624424,681624,606192,53.22,,,,,,,,7,6,4-Seam Fastball,0,1,1,0,1,0,1,0,Strategic,Standard,226.0,0.0,0.0,75.8,7.7,,,0.0,88.0,-1,1,0.369,0.631,23,25,24,25,1,0,10.0,1.0,7.0,2.0,1.23,0.91,-0.91,40.6,8.074085220371256,-11.639350130529262,30.76481016922957,31.552922026662152,32.984145549842175
FO,2025-03-29,83.0,-2.49,5.93,"Sasaki, Roki",700242,808963,,ball,,,,,11.0,,R,L,R,LAD,DET,B,,,2,2,2025,-0.13,-0.22,-1.733883946232954,2.7976794236710187,679529.0,690993.0,622534.0,2,1,Top,,,,,,,2.0357604185205544,-120.82949668084665,-0.1759880340120712,-1.7028020650593048,26.537607749911015,-34.47190819033289,3.64719940692686,1.56297446861043,,,,84.2,478.0,7.3,778533,669257,518692,669242,571970,500743,624424,681624,606192,53.17,,,,,,,,7,5,Forkball,0,1,1,0,1,0,1,0,Strategic,Standard,325.0,-0.023,0.064,,,,,-0.064,,-1,1,0.392,0.608,23,25,24,25,1,0,10.0,1.0,7.0,2.0,3.56,0.13,-0.13,43.6,,,,,
FF,2025-03-29,96.2,-2.62,5.96,"Sasaki, Roki",700242,808963,,foul,,,,,4.0,,R,L,R,LAD,DET,S,,,2,1,2025,-0.91,1.16,-0.4831087479906184,2.5872712948934917,679529.0,690993.0,622534.0,2,1,Top,,,,,,,7.854632069922515,-139.79947140864567,-6.100164227298008,-13.663323015175209,29.763264616108263,-15.696736914995244,3.61,1.67,141.0,80.3,67.0,97.8,1955.0,7.1,778533,669257,518692,669242,571970,500743,624424,681624,606192,53.38,,,,,,,,7,4,4-Seam Fastball,0,1,1,0,1,0,1,0,Strategic,Standard,229.0,0.019,-0.051,75.5,7.5,,,0.051,88.0,-1,1,0.373,0.627,23,25,24,25,1,0,10.0,1.0,7.0,2.0,1.29,0.91,-0.91,39.8,4.358620014395903,5.762785339067119,24.47325902471836,37.23849251880945,28.72770453690681
FF,2025-03-29,96.0,-2.67,6.0,"Sasaki, Roki",700242,808963,,ball,,,,,11.0,,R,L,R,LAD,DET,B,,,1,1,2025,-1.02,0.96,-1.9782568343463232,3.6199093947529706,679529.0,690993.0,622534.0,2,1,Top,,,,,,,4.2130950900103885,-139.8202446338019,-2.934716311710808,-14.352352844896735,29.87445651772959,-19.089953761885702,3.66860392969605,1.54164919334265,,,,97.5,2001.0,7.0,778533,669257,518692,669242,571970,500743,624424,681624,606192,53.53,,,,,,,,7,3,4-Seam Fastball,0,1,1,0,1,0,1,0,Strategic,Standard,226.0,-0.012,0.034,,,,,-0.034,,-1,1,0.385,0.615,23,25,24,25,1,0,10.0,1.0,7.0,2.0,1.5,1.02,-1.02,40.9,,,,,
FF,2025-03-29,96.0,-2.64,5.96,"Sasaki, Roki",700242,808963,,swinging_strike,,,,,4.0,,R,L,R,LAD,DET,S,,,1,0,2025,-0.8,1.27,-0.6286883985143842,2.9701333489969213,679529.0,690993.0,622534.0,2,1,Top,,,,,,,7.229196531106744,-139.5481853896717,-5.267298092082332,-12.037770636027163,30.28011381441804,-14.565877198018942,3.61,1.67,,,,97.5,1984.0,7.1,778533,669257,518692,669242,571970,500743,624424,681624,606192,53.37,,,,,,,,7,2,4-Seam Fastball,0,1,1,0,1,0,1,0,Standard,Standard,231.0,0.012,-0.035,73.7,7.1,0.24479346,,0.035,,-1,1,0.373,0.627,23,25,24,25,1,0,10.0,1.0,7.0,2.0,1.2,0.8,-0.8,41.4,-0.4222100451714037,15.470263105221507,23.812892564716982,40.551721245667615,20.74126745254272
FO,2025-03-29,84.7,-2.47,5.95,"Sasaki, Roki",700242,808963,,blocked_ball,,,,,14.0,,R,L,R,LAD,DET,B,,,0,0,2025,-0.29,-0.43,0.5935465651255417,0.4090854246646587,679529.0,690993.0,622534.0,2,1,Top,,,,,,,7.907383842719347,-122.9657547884316,-5.734276635648017,-4.68772038181769,27.11942871037659,-35.480327993310105,3.6900094000309,1.58430075185804,,,,86.0,539.0,7.5,778533,669257,518692,669242,571970,500743,624424,681624,606192,53.03,,,,,,,,7,1,Forkball,0,1,1,0,1,0,1,0,Standard,Standard,311.0,-0.009,0.032,,,,,-0.032,,-1,1,0.382,0.618,23,25,24,25,1,0,10.0,1.0,7.0,2.0,3.66,0.29,-0.29,42.7,,,,,
FF,2025-03-29,96.9,-2.64,5.98,"Sasaki, Roki",622534,808963,single,hit_into_play,,,,,4.0,Manuel Margot singles on a soft ground ball to pitcher Roki Sasaki. Zach McKinstry scores. Spencer Torkelson to 3rd. Colt Keith to 2nd.,R,R,R,LAD,DET,X,1.0,ground_ball,0,0,2025,-1.22,0.99,-0.6560382406241678,2.632738199762964,656716.0,679529.0,690993.0,2,1,Top,122.17,192.48,,,,,8.224028232932826,-140.89762383392156,-5.784866255630017,-18.0418312104916,30.42865178436116,-17.83164022907761,3.44,1.65,1.0,43.9,-70.0,98.8,2038.0,7.3,778533,669257,518692,669242,571970,500743,624424,681624,606192,53.2,0.256,0.235,0.9,1.0,1.0,0.0,1.0,6,1,4-Seam Fastball,0,0,0,0,1,0,1,0,Infield shade,Standard,230.0,-0.093,0.531,62.3,6.0,,0.259,-0.531,88.0,0,0,0.475,0.525,23,30,24,31,1,0,10.0,1.0,7.0,3.0,1.43,1.22,1.22,38.5,-0.7529483744225333,16.728333344938598,27.62533155092055,28.89386185830054,20.501428090433656
FO,2025-03-29,84.5,-2.42,5.96,"Sasaki, Roki",690993,808963,walk,blocked_ball,,,,,14.0,Colt Keith walks. Zach McKinstry to 3rd. Spencer Torkelson to 2nd.,R,L,R,LAD,DET,B,,,3,2,2025,0.47,-0.15,1.275051421221897,0.5495513132247023,,656716.0,679529.0,2,1,Top,,,,,,,7.829035456864163,-122.70884041641276,-5.9700059961000775,2.9933706467740904,27.03670882507002,-32.53535469033918,3.30485653204266,1.56297446861043,,,,85.8,511.0,7.5,778533,669257,518692,669242,571970,500743,624424,681624,606192,52.99,,0.691497,0.7,1.0,0.0,0.0,,5,7,Forkball,0,0,0,0,0,0,0,0,Strategic,Standard,327.0,-0.025,0.195,,,,,-0.195,,0,0,0.5,0.5,23,23,24,24,1,0,10.0,1.0,7.0,2.0,3.38,-0.47,0.47,43.1,,,,,
FO,2025-03-29,83.0,-2.4,6.02,"Sasaki, Roki",690993,808963,,foul,,,,,7.0,,R,L,R,LAD,DET,S,,,3,2,2025,-0.42,-0.39,-0.2937848116573203,1.947908416830269,,656716.0,679529.0,2,1,Top,,,,,,,5.773514901598382,-120.77766288454742,-2.1010775869377447,-5.24984212977679,23.27665660106493,-35.814107675689655,3.28,1.58,3.0,70.6,-40.0,84.8,596.0,7.4,778533,669257,518692,669242,571970,500743,624424,681624,606192,53.07,,,,,,,,5,6,Forkball,0,0,0,0,0,0,0,0,Standard,Standard,339.0,0.0,0.0,60.1,7.2,,,0.0,88.0,0,0,0.5,0.5,23,23,24,24,1,0,10.0,1.0,7.0,2.0,3.7,0.42,-0.42,44.3,16.871711862558413,-10.03158588089772,31.10527591628069,41.59418839306006,36.46544153735309
FO,2025-03-29,83.7,-2.6,6.0,"Sasaki, Roki",690993,808963,,ball,,,,,11.0,,R,L,R,LAD,DET,B,,,2,2,2025,0.01,-0.43,-2.476073114610672,3.194945756967525,,656716.0,679529.0,2,1,Top,,,,,,,0.275875575587343,-121.93637347148524,0.8337766941543214,0.0174113772614618,24.4393154409691,-36.86598574166528,3.30485653204266,1.58430075185804,,,,85.1,723.0,7.2,778533,669257,518692,669242,571970,500743,624424,681624,606192,53.34,,,,,,,,5,5,Forkball,0,0,0,0,0,0,0,0,Standard,Standard,1.0,-0.011,0.079,,,,,-0.079,,0,0,0.511,0.489,23,23,24,24,1,0,10.0,1.0,7.0,2.0,3.68,-0.01,0.01,41.7,,,,,
FF,2025-03-29,96.1,-2.61,5.97,"Sasaki, Roki",690993,808963,,foul,,,,,4.0,,R,L,R,LAD,DET,S,,,2,1,2025,-1.03,1.15,-0.3886207591189226,2.375509530299903,,656716.0,679529.0,2,1,Top,,,,,,,8.360891967159112,-139.5514658715483,-6.633732371431419,-15.372363676074642,31.642267586973823,-15.766516003878232,3.28,1.58,310.0,93.9,37.0,97.5,2070.0,7.2,778533,669257,518692,669242,571970,500743,624424,681624,606192,53.28,,,,,,,,5,4,4-Seam Fastball,0,0,0,0,0,0,0,0,Standard,Standard,224.0,0.009,-0.08,68.1,6.3,,,0.08,93.9,0,0,0.502,0.498,23,23,24,24,1,0,10.0,1.0,7.0,2.0,1.33,1.03,-1.03,39.4,-0.3942540729161516,11.682296466875115,35.52785455593602,42.837315904438015,20.22365487123556
FO,2025-03-29,84.2,-2.46,5.98,"Sasaki, Roki",690993,808963,,ball,,,,,13.0,,R,L,R,LAD,DET,B,,,1,1,2025,0.11,-0.4,-0.2705541370951807,1.381746414946956,,656716.0,679529.0,2,1,Top,,,,,,,4.943249095012456,-122.48346171982062,-3.491255538868636,0.0513251171862378,26.738722822628706,-35.59401626737782,3.34763600849999,1.58430075185804,,,,85.4,518.0,7.3,778533,669257,518692,669242,571970,500743,624424,681624,606192,53.15,,,,,,,,5,3,Forkball,0,0,0,0,0,0,0,0,Standard,Standard,341.0,-0.005,0.03,,,,,-0.03,,0,0,0.507,0.493,23,23,24,24,1,0,10.0,1.0,7.0,2.0,3.64,-0.11,0.11,42.3,,,,,
FO,2025-03-29,83.9,-2.48,6.06,"Sasaki, Roki",690993,808963,,swinging_strike,,,,,8.0,,R,L,R,LAD,DET,S,,,1,0,2025,0.24,-0.11,-0.0233867287376193,1.5116187201948068,,656716.0,679529.0,2,1,Top,,,,,,,5.285437481011591,-121.99249507702636,-3.879283196242926,1.2767667172241437,26.288877511607843,-32.66332163064982,3.28,1.58,,,,85.0,506.0,7.2,778533,669257,518692,669242,571970,500743,624424,681624,606192,53.26,,,,,,,,5,2,Forkball,0,0,0,0,0,0,0,0,Standard,Standard,334.0,0.005,-0.052,33.3,6.0,3.85622508,,0.052,,0,0,0.502,0.498,23,23,24,24,1,0,10.0,1.0,7.0,2.0,3.38,-0.24,0.24,44.7,-1.5519395472904922,21.694720065421123,33.588969643285765,37.00037975922564,16.512041803239292
FO,2025-03-29,83.2,-2.56,5.97,"Sasaki, Roki",690993,808963,,ball,,,,,11.0,,R,L,R,LAD,DET,B,,,0,0,2025,-0.37,-0.17,-2.595213505661571,3.1153833542863123,,656716.0,679529.0,2,1,Top,,,,,,,0.6384876013311752,-121.16697390735769,0.3214132264976024,-3.715113622903766,26.671080082529805,-34.107722621968755,3.36902718553374,1.60562804235468,,,,83.9,460.0,7.0,778533,669257,518692,669242,571970,500743,624424,681624,606192,53.47,,,,,,,,5,1,Forkball,0,0,0,0,0,0,0,0,Standard,Standard,323.0,-0.003,0.024,,,,,-0.024,,0,0,0.505,0.495,23,23,24,24,1,0,10.0,1.0,7.0,2.0,3.49,0.37,-0.37,43.0,,,,,
FF,2025-03-29,96.5,-2.7,6.0,"Sasaki, Roki",681481,808963,field_out,hit_into_play,,,,,11.0,Kerry Carpenter pops out to shortstop Miguel Rojas on the infield fly rule.,R,L,R,LAD,DET,X,6.0,popup,1,1,2025,-0.89,1.1,-0.2548776480915861,3.5750954958965258,,656716.0,679529.0,1,1,Top,119.73,172.45,,,,,8.659103088674607,-140.2549706736934,-3.419554778119614,-13.671317924606589,31.316724032086373,-17.10502523706519,3.27,1.6,77.0,93.9,75.0,97.9,2121.0,7.1,778533,669257,518692,669242,571970,500743,624424,681624,606192,53.38,0.003,0.002,0.0,1.0,0.0,0.0,3.0,4,3,4-Seam Fastball,0,0,0,0,0,0,0,0,Standard,Standard,231.0,0.043,-0.229,78.3,7.4,,0.003,0.229,93.9,0,0,0.462,0.538,23,27,24,28,1,0,10.0,1.0,7.0,2.0,1.35,0.89,-0.89,37.7,19.8056896121065,-8.975978227152115,25.304923240407906,40.24052439171047,25.756857203657628
ST,2025-03-29,82.6,-2.54,6.01,"Sasaki, Roki",681481,808963,,called_strike,,,,,4.0,,R,L,R,LAD,DET,S,,,1,0,2025,1.06,-0.56,-0.3582350530868879,2.4620656915762296,,656716.0,679529.0,1,1,Top,,,,,,,2.913133275426936,-120.20876170209026,-0.4136462074789625,9.58962032918,26.09720005025316,-37.68491886142503,3.3262457904165,1.47767942268999,,,,82.9,1898.0,6.8,778533,669257,518692,669242,571970,500743,624424,681624,606192,53.74,,,,,,,,4,2,Sweeper,0,0,0,0,0,0,0,0,Standard,Standard,44.0,0.008,-0.045,,,,,0.045,,0,0,0.454,0.546,23,27,24,28,1,0,10.0,1.0,7.0,2.0,3.93,-1.06,1.06,43.1,,,,,
ST,2025-03-29,82.0,-2.68,5.99,"Sasaki, Roki",681481,808963,,ball,,,,,11.0,,R,L,R,LAD,DET,B,,,0,0,2025,0.77,-0.31,-1.4279526766622537,2.937355687593789,,656716.0,679529.0,1,1,Top,,,,,,,1.349586629047697,-119.42569442987126,0.2716386586074815,7.086615712082812,23.8966215380769,-35.36762082588871,3.27063572895905,1.35829355380946,,,,82.6,1837.0,6.7,778533,669257,518692,669242,571970,500743,624424,681624,606192,53.76,,,,,,,,4,1,Sweeper,0,0,0,0,0,0,0,0,Standard,Standard,50.0,-0.006,0.031,,,,,-0.031,,0,0,0.46,0.54,23,27,24,28,1,0,10.0,1.0,7.0,2.0,3.7,-0.77,0.77,44.8,,,,,
FF,2025-03-29,96.1,-2.53,6.05,"Sasaki, Roki",679529,808963,single,hit_into_play,,,,,4.0,Spencer Torkelson singles on a ground ball to left fielder Michael Conforto. Zach McKinstry to 2nd.,R,R,R,LAD,DET,X,7.0,ground_ball,3,2,2025,-1.06,1.04,-0.4366716246114948,2.518887780904697,,,656716.0,1,1,Top,75.36,116.31,,,,,8.072211804318066,-139.6778113867312,-6.186246591233023,-15.715345874103615,32.32304171944398,-17.303412469183847,3.44,1.59,75.0,89.3,4.0,97.4,1990.0,7.2,778533,669257,518692,669242,571970,500743,624424,681624,606192,53.35,0.423,0.385,0.9,1.0,1.0,0.0,4.0,3,7,4-Seam Fastball,0,0,0,0,0,0,0,0,Standard,Standard,231.0,-0.032,0.341,72.0,7.4,,0.469,-0.341,89.3,0,0,0.492,0.508,23,25,24,26,1,0,10.0,1.0,7.0,2.0,1.44,1.06,1.06,41.3,5.168216408498309,-5.6629549998937785,40.18777925818372,32.35691451040438,26.70379412125356
FO,2025-03-29,84.1,-2.57,5.95,"Sasaki, Roki",679529,808963,,foul,,,,,4.0,,R,R,R,LAD,DET,S,,,3,2,2025,0.19,-0.02,-0.5641925195565838,2.334507817991731,,,656716.0,1,1,Top,,,,,,,4.3533002330372,-122.42192299812012,-1.937211163418174,0.967189497088514,25.656639046930454,-32.185207555148175,3.44,1.59,272.0,105.7,20.0,85.5,499.0,7.3,778533,669257,518692,669242,571970,500743,624424,681624,606192,53.2,,,,,,,,3,6,Forkball,0,0,0,0,0,0,0,0,Standard,Standard,346.0,0.0,0.0,83.1,8.0,,,0.0,105.7,0,0,0.492,0.508,23,25,24,26,1,0,10.0,1.0,7.0,2.0,3.26,-0.19,-0.19,44.0,24.111439438548217,-25.0769613573444,42.06883830176792,29.53090305519077,36.55900137385716
FF,2025-03-29,96.1,-2.6,5.93,"Sasaki, Roki",679529,808963,,foul,,,,,4.0,,R,R,R,LAD,DET,S,,,3,1,2025,-1.14,0.89,-0.5412194425099,2.281079142923262,,,656716.0,1,1,Top,,,,,,,8.186050901334934,-139.60741949436488,-6.2052427504027765,-16.7417694150422,30.231426790391374,-19.28016862626153,3.44,1.59,17.0,92.5,-7.0,97.8,1974.0,7.3,778533,669257,518692,669242,571970,500743,624424,681624,606192,53.23,,,,,,,,3,5,4-Seam Fastball,0,0,0,0,0,0,0,0,Standard,Standard,229.0,0.009,-0.085,75.3,7.4,,,0.085,92.5,0,0,0.483,0.517,23,25,24,26,1,0,10.0,1.0,7.0,2.0,1.58,1.14,1.14,37.4,10.786001750467657,-7.294346422235144,42.02150657128662,29.953308090439247,27.9850953865756
ST,2025-03-29,82.5,-2.67,6.01,"Sasaki, Roki",679529,808963,,ball,,,,,11.0,,R,R,R,LAD,DET,B,,,2,1,2025,0.67,-0.22,-1.6166273282606265,2.809222522134489,,,656716.0,1,1,Top,,,,,,,1.123381024731642,-120.27434292839024,-0.4193636938524877,6.302949023580804,21.52645858809897,-34.39988093291852,3.54875084066556,1.61415925262326,,,,83.8,1826.0,6.8,778533,669257,518692,669242,571970,500743,624424,681624,606192,53.65,,,,,,,,3,4,Sweeper,0,0,0,0,0,0,0,0,Infield shade,Standard,50.0,-0.011,0.109,,,,,-0.109,,0,0,0.494,0.506,23,25,24,26,1,0,10.0,1.0,7.0,2.0,3.53,-0.67,-0.67,42.3,,,,,
FF,2025-03-29,96.4,-2.63,5.86,"Sasaki, Roki",679529,808963,,foul,,,,,4.0,,R,R,R,LAD,DET,S,,,2,0,2025,-1.33,1.11,-0.362045876609157,2.834624008669132,,,656716.0,1,1,Top,,,,,,,9.206025699919309,-140.06092684476778,-5.081155915520587,-19.525586581542125,30.450129916303037,-16.598939986885473,3.44,1.59,208.0,71.3,44.0,98.1,2103.0,7.3,778533,669257,518692,669242,571970,500743,624424,681624,606192,53.24,,,,,,,,3,3,4-Seam Fastball,0,0,0,0,0,0,0,0,Infield shade,Standard,226.0,0.007,-0.062,70.1,6.6,,,0.062,88.0,0,0,0.487,0.513,23,25,24,26,1,0,10.0,1.0,7.0,2.0,1.35,1.33,1.33,39.2,-1.427187563599596,12.253519663056462,39.14902088045574,32.50002511839988,18.223307938831823
FF,2025-03-29,96.9,-2.6,5.95,"Sasaki, Roki",679529,808963,,ball,,,,,13.0,,R,R,R,LAD,DET,B,,,1,0,2025,-1.18,0.96,-1.1677675875438722,2.1407228666212603,,,656716.0,1,1,Top,,,,,,,6.591680637326441,-140.84808186595987,-6.916465333770774,-17.13152741885176,30.87518367320887,-17.95252023338114,3.52735163833322,1.69948008033851,,,,98.2,2009.0,7.0,778533,669257,518692,669242,571970,500743,624424,681624,606192,53.47,,,,,,,,3,2,4-Seam Fastball,0,0,0,0,0,0,0,0,Infield shade,Standard,224.0,-0.007,0.068,,,,,-0.068,,0,0,0.494,0.506,23,25,24,26,1,0,10.0,1.0,7.0,2.0,1.46,1.18,1.18,38.2,,,,,
ST,2025-03-29,82.0,-2.63,5.87,"Sasaki, Roki",679529,808963,,ball,,,,,14.0,,R,R,R,LAD,DET,B,,,0,0,2025,0.79,0.05,0.7372890222595044,1.492478322865022,,,656716.0,1,1,Top,,,,,,,6.176214096329487,-119.24584258044328,-3.401741893366866,6.150255754600836,25.650143826316647,-31.19318805645368,3.47362006147851,1.66724587525198,,,,83.0,1868.0,7.3,778533,669257,518692,669242,571970,500743,624424,681624,606192,53.23,,,,,,,,3,1,Sweeper,0,0,0,0,0,0,0,0,Infield shade,Standard,38.0,-0.004,0.035,,,,,-0.035,,0,0,0.498,0.502,23,25,24,26,1,0,10.0,1.0,7.0,2.0,3.38,-0.79,-0.79,40.2,,,,,
FF,2025-03-29,96.7,-2.72,5.99,"Sasaki, Roki",682985,808963,strikeout,swinging_strike,,,,,11.0,Riley Greene strikes out swinging.,R,L,R,LAD,DET,S,2.0,,3,2,2025,-1.05,1.07,-1.1365812069377446,3.73599489391034,,,656716.0,0,1,Top,,,,,,,6.691460563013367,-140.63278403312054,-2.929734997501754,-15.39569264668527,31.486321834077422,-17.446070051475242,3.41,1.65,,,,98.0,1975.0,7.0,778533,669257,518692,669242,571970,500743,624424,681624,606192,53.49,,0.0,0.0,1.0,0.0,0.0,,2,7,4-Seam Fastball,0,0,0,0,0,0,0,0,Infield shade,Standard,228.0,0.042,-0.315,71.2,6.0,1.195053912,,0.315,,0,0,0.456,0.544,23,24,24,25,1,0,10.0,1.0,7.0,2.0,1.36,1.05,-1.05,38.8,6.553724010272777,21.061176588556663,37.02029762151273,41.99005796148694,16.779169672456902
FF,2025-03-29,96.8,-2.58,5.95,"Sasaki, Roki",682985,808963,,foul,,,,,7.0,,R,L,R,LAD,DET,S,,,3,2,2025,-1.04,1.13,-0.3817126386172051,2.0230086421132096,,,656716.0,0,1,Top,,,,,,,8.370693049571905,-140.52029243229816,-7.549265283547489,-15.79206616833942,34.95913884646969,-15.575203383572871,3.41,1.65,171.0,74.2,26.0,97.7,2120.0,7.1,778533,669257,518692,669242,571970,500743,624424,681624,606192,53.38,,,,,,,,2,6,4-Seam Fastball,0,0,0,0,0,0,0,0,Infield shade,Standard,230.0,0.0,0.0,73.6,6.3,,,0.0,88.0,0,0,0.456,0.544,23,24,24,25,1,0,10.0,1.0,7.0,2.0,1.33,1.04,-1.04,39.4,-8.54002767704912,11.872425946752315,55.17500776219328,32.65137983840819,23.272637742664145
FF,2025-03-29,95.5,-2.7,5.9,"Sasaki, Roki",682985,808963,,foul,,,,,13.0,,R,L,R,LAD,DET,S,,,3,1,2025,-1.13,1.13,-1.356708670748377,2.474910064788457,,,656716.0,0,1,Top,,,,,,,6.162072849646995,-138.8581357685588,-6.009241820719151,-16.006834592485777,30.6669989879192,-16.347905109661173,3.41,1.65,,,,96.6,2058.0,6.9,778533,669257,518692,669242,571970,500743,624424,681624,606192,53.57,,,,,,,,2,5,4-Seam Fastball,0,0,0,0,0,0,0,0,Infield shade,Standard,229.0,0.014,-0.081,77.0,7.3,,,0.081,,0,0,0.442,0.558,23,24,24,25,1,0,10.0,1.0,7.0,2.0,1.37,1.13,-1.13,36.3,14.78615275602283,9.365162468418642,37.9586216311321,46.92924476994648,24.53766020594942
ST,2025-03-29,82.7,-2.58,5.92,"Sasaki, Roki",682985,808963,,ball,,,,,13.0,,R,L,R,LAD,DET,B,,,2,1,2025,0.5,0.73,-0.7157949746013046,0.9743469271998269,,,656716.0,0,1,Top,,,,,,,3.3331324179684114,-120.3177781721898,-6.300208386495445,4.198723865977933,22.590630890282966,-24.060391388816143,3.50595338858756,1.65681765695113,,,,83.8,1849.0,7.0,778533,669257,518692,669242,571970,500743,624424,681624,606192,53.52,,,,,,,,2,4,Sweeper,0,0,0,0,0,0,0,0,Infield shade,Standard,41.0,-0.017,0.116,,,,,-0.116,,0,0,0.459,0.541,23,24,24,25,1,0,10.0,1.0,7.0,2.0,2.59,-0.5,0.5,41.9,,,,,
FF,2025-03-29,95.4,-2.61,6.0,"Sasaki, Roki",682985,808963,,ball,,,,,11.0,,R,L,R,LAD,DET,B,,,1,1,2025,-1.11,1.09,-1.9765298452900284,3.9261566420185714,,,656716.0,0,1,Top,,,,,,,4.229452460081413,-138.86295309188637,-2.276820209729774,-15.352781937661128,30.94354667559266,-17.823349406497993,3.52735163833322,1.6781483666289,,,,96.4,2048.0,6.9,778533,669257,518692,669242,571970,500743,624424,681624,606192,53.64,,,,,,,,2,3,4-Seam Fastball,0,0,0,0,0,0,0,0,Infield shade,Standard,231.0,-0.007,0.044,,,,,-0.044,,0,0,0.466,0.534,23,24,24,25,1,0,10.0,1.0,7.0,2.0,1.42,1.11,-1.11,38.3,,,,,
FF,2025-03-29,95.6,-2.76,5.94,"Sasaki, Roki",682985,808963,,ball,,,,,11.0,,R,L,R,LAD,DET,B,,,0,1,2025,-1.25,0.82,-1.988045653838337,3.351673654219482,,,656716.0,0,1,Top,,,,,,,4.924752476083805,-139.09221194448818,-3.0931693798473203,-17.279577572296997,31.64859560239401,-21.029224101872583,3.67716601641204,1.63548795203961,,,,96.9,1999.0,7.1,778533,669257,518692,669242,571970,500743,624424,681624,606192,53.43,,,,,,,,2,2,4-Seam Fastball,0,0,0,0,0,0,0,0,Infield shade,Standard,232.0,-0.003,0.034,,,,,-0.034,,0,0,0.469,0.531,23,24,24,25,1,0,10.0,1.0,7.0,2.0,1.68,1.25,-1.25,36.0,,,,,
ST,2025-03-29,82.7,-2.59,5.94,"Sasaki, Roki",682985,808963,,swinging_strike,,,,,4.0,,R,L,R,LAD,DET,S,,,0,0,2025,0.93,-0.04,-0.7367651589906224,2.39386975159477,,,656716.0,0,1,Top,,,,,,,2.446741457785725,-120.38599777313804,-1.500460310992345,8.529087742140407,24.31049148665416,-32.481692758552505,3.41,1.65,,,,83.7,1819.0,7.0,778533,669257,518692,669242,571970,500743,624424,681624,606192,53.51,,,,,,,,2,1,Sweeper,0,0,0,0,0,0,0,0,Infield shade,Standard,49.0,0.005,-0.043,74.1,7.2,1.152428052,,0.043,,0,0,0.464,0.536,23,24,24,25,1,0,10.0,1.0,7.0,2.0,3.38,-0.93,0.93,40.3,12.76535339224829,9.557024383108809,48.24147409178619,40.026733569318246,23.76259945784204
FF,2025-03-29,96.0,-2.57,6.03,"Sasaki, Roki",656716,808963,single,hit_into_play,,,,,4.0,Zach McKinstry singles on a line drive to left fielder Michael Conforto.,R,L,R,LAD,DET,X,7.0,line_drive,2,0,2025,-1.07,0.94,-0.735683770819249,2.5713867990636725,,,,0,1,Top,61.04,102.43,,,,,7.365228021164215,-139.5828799103563,-5.783542222897399,-15.563852524234964,30.236729617577435,-18.714789780606463,3.19,1.54,248.0,97.5,14.0,97.4,1969.0,7.1,778533,669257,518692,669242,571970,500743,624424,681624,606192,53.44,0.863,0.851,0.9,1.0,1.0,0.0,4.0,1,3,4-Seam Fastball,0,0,0,0,0,0,0,0,Standard,Standard,232.0,-0.025,0.32,66.8,5.8,,1.076,-0.32,97.5,0,0,0.489,0.511,23,30,24,30,1,0,10.0,1.0,7.0,2.0,1.53,1.07,-1.07,40.8,-1.6853206943269412,14.314498170870618,37.108173879312375,40.66815110585377,18.3325660755155
FF,2025-03-29,96.7,-2.63,6.01,"Sasaki, Roki",656716,808963,,ball,,,,,14.0,,R,L,R,LAD,DET,B,,,1,0,2025,-1.29,1.05,1.864514076414053,0.9958330239073574,,,,0,1,Top,,,,,,,15.025855705072166,-139.7634487583725,-10.271918498227308,-20.18717954619567,30.43191187406443,-16.04632732137483,3.30913440481562,1.56723974226906,,,,97.5,2126.0,7.0,778533,669257,518692,669242,571970,500743,624424,681624,606192,53.48,,,,,,,,1,2,4-Seam Fastball,0,0,0,0,0,0,0,0,Standard,Standard,231.0,-0.007,0.077,,,,,-0.077,,0,0,0.496,0.504,23,30,24,30,1,0,10.0,1.0,7.0,2.0,1.41,1.29,-1.29,41.4,,,,,
FF,2025-03-29,96.5,-2.62,6.14,"Sasaki, Roki",656716,808963,,ball,,,,,11.0,,R,L,R,LAD,DET,B,,,0,0,2025,-1.08,1.13,-2.031828677924685,3.284990627592598,,,,0,1,Top,,,,,,,4.069940948868953,-140.4715783541833,-4.674489507897074,-15.203732813307392,30.52099816551918,-16.396861480536955,3.27645432445592,1.4766968850107,,,,98.1,1949.0,7.1,778533,669257,518692,669242,571970,500743,624424,681624,606192,53.45,,,,,,,,1,1,4-Seam Fastball,0,0,0,0,0,0,0,0,Standard,Standard,230.0,-0.004,0.041,,,,,-0.041,,0,0,0.5,0.5,23,30,24,30,1,0,10.0,1.0,7.0,2.0,1.31,1.08,-1.08,40.3,,,,,
ST,2025-03-19,85.5,-2.61,6.2,"Sasaki, Roki",807713,808963,strikeout,swinging_strike,,,,,14.0,Matt Shaw strikes out swinging.,R,R,R,CHC,LAD,S,2.0,,1,2,2025,1.04,-0.09,0.1826371821192928,0.9514196147108892,664023.0,673548.0,663656.0,2,3,Bot,,,,,,,4.560894785617848,-124.28766274653208,-5.9156109515166895,9.662674942803974,27.11832077077192,-32.065528282684475,3.301,1.504,,,,86.5,1871.0,7.2,778564,669257,571771,669242,571970,500743,624424,681624,606192,53.31,,0.0,0.0,1.0,0.0,0.0,,26,4,Sweeper,1,3,1,3,3,1,1,3,Standard,Standard,49.0,-0.062,-0.202,56.8,8.3,,,0.202,,-2,-2,0.333,0.333,23,23,24,24,2,1,,1.0,10.0,8.0,3.24,-1.04,-1.04,,24.424067383909943,-22.541344379691587,38.94880782961874,40.30650764180151,43.06949299159544
FO,2025-03-19,85.1,-2.45,6.22,"Sasaki, Roki",807713,808963,,blocked_ball,,,,,13.0,,R,R,R,CHC,LAD,B,,,0,2,2025,-0.44,-0.88,-0.1549467847249918,0.4267313877980432,664023.0,673548.0,663656.0,2,3,Bot,,,,,,,6.391141006933294,-123.6510585491375,-5.479954391093187,-5.887001069047495,28.50139122844058,-40.038078513650106,3.301,1.504,,,,86.3,444.0,7.5,778564,669257,571771,669242,571970,500743,624424,681624,606192,53.03,,,,,,,,26,3,Forkball,1,3,1,3,3,1,1,3,,,310.0,0.009,0.031,,,,,-0.031,,-2,-2,0.324,0.324,23,23,24,24,2,1,,1.0,10.0,8.0,4.08,0.44,0.44,,,,,,
ST,2025-03-19,85.5,-2.65,6.17,"Sasaki, Roki",807713,808963,,swinging_strike,,,,,8.0,,R,R,R,CHC,LAD,S,,,0,1,2025,0.62,0.19,0.1116213520450604,1.6583435162329128,664023.0,673548.0,663656.0,2,3,Bot,,,,,,,5.328174667236421,-124.32075941152443,-4.702055583275477,5.232541061741332,27.72898534362505,-29.435489352189432,3.301,1.504,,,,86.3,1827.0,7.1,778564,669257,571771,669242,571970,500743,624424,681624,606192,53.38,,,,,,,,26,2,Sweeper,1,3,1,3,3,1,1,3,,,51.0,-0.023,-0.05,57.9,8.5,,,0.05,,-2,-2,0.347,0.347,23,23,24,24,2,1,,1.0,10.0,8.0,2.97,-0.62,-0.62,,23.447968453827805,-36.19654091374294,28.19163963832568,,
FF,2025-03-19,98.8,-2.6,6.1,"Sasaki, Roki",807713,808963,,swinging_strike,,,,,9.0,,R,R,R,CHC,LAD,S,,,0,0,2025,-0.89,1.19,0.3322572970949081,1.7394099906242635,664023.0,673548.0,663656.0,2,3,Bot,,,,,,,10.21775544958851,-143.26182674370813,-9.326035099520825,-14.653241714952058,32.654526845295074,-13.71204205945397,3.301,1.504,,,,100.2,2132.0,7.2,778564,669257,571771,669242,571970,500743,624424,681624,606192,53.3,,,,,,,,26,1,4-Seam Fastball,1,3,1,3,3,1,1,3,,,228.0,-0.013,-0.035,64.1,6.1,,,0.035,,-2,-2,0.36,0.36,23,23,24,24,2,1,,1.0,10.0,8.0,1.16,0.89,0.89,,-5.183280111519744,33.309606127512865,26.856880592663774,,
FF,2025-03-19,97.5,-2.61,6.15,"Sasaki, Roki",683737,808963,strikeout,called_strike,,,,,4.0,Michael Busch called out on strikes.,R,L,R,CHC,LAD,S,2.0,,2,2,2025,-0.88,1.11,-0.5699748791005026,2.1562672411031616,664023.0,673548.0,663656.0,1,3,Bot,,,,,,,7.611254193332788,-141.65711127016544,-7.866249450308855,-13.57531631803716,32.30375336407472,-15.613323389145924,3.19,1.53,,,,98.9,2016.0,7.1,778564,669257,571771,669242,571970,500743,624424,681624,606192,53.37,,0.0,0.0,1.0,0.0,0.0,,25,5,4-Seam Fastball,1,3,1,3,3,1,1,3,,,230.0,-0.077,-0.273,,,,,0.273,,-2,-2,0.437,0.437,23,27,24,28,2,1,,1.0,10.0,8.0,1.3,0.88,-0.88,,,,,,
FO,2025-03-19,84.2,-2.57,6.2,"Sasaki, Roki",683737,808963,,ball,,,,,11.0,,R,L,R,CHC,LAD,B,,,1,2,2025,0.13,-0.5,-1.5054626312618875,2.403152075425826,664023.0,673548.0,663656.0,1,3,Bot,,,,,,,2.2399156415058536,-122.5949715778013,-1.3945457078085544,0.8813733861890027,25.665894948067866,-37.17604498027554,3.19,1.53,,,,85.4,533.0,7.2,778564,669257,571771,669242,571970,500743,624424,681624,606192,53.34,,,,,,,,25,4,Forkball,1,3,1,3,3,1,1,3,,,357.0,0.013,0.05,,,,,-0.05,,-2,-2,0.424,0.424,23,27,24,28,2,1,,1.0,10.0,8.0,3.73,-0.13,0.13,,,,,,
FF,2025-03-19,96.9,-2.62,6.14,"Sasaki, Roki",683737,808963,,foul,,,,,1.0,,R,L,R,CHC,LAD,S,,,1,1,2025,-0.91,1.13,-0.5049394090969277,2.7764646352588827,664023.0,673548.0,663656.0,1,3,Bot,,,,,,,7.845042314791505,-140.89390234628442,-6.111417737297356,-13.88104876372949,31.985137372676498,-15.848160143671524,3.19,1.53,291.0,84.1,39.0,98.2,2055.0,7.1,778564,669257,571771,669242,571970,500743,624424,681624,606192,53.43,,,,,,,,25,3,4-Seam Fastball,1,3,1,3,3,1,1,3,,,232.0,-0.022,-0.073,62.3,6.2,,,0.073,88.0,-2,-2,0.446,0.446,23,27,24,28,2,1,,1.0,10.0,8.0,1.3,0.91,-0.91,13.3,-3.851594960029249,22.3286451133483,36.2736243809094,,
FF,2025-03-19,95.6,-2.73,6.07,"Sasaki, Roki",683737,808963,,called_strike,,,,,1.0,,R,L,R,CHC,LAD,S,,,1,0,2025,-0.99,1.09,-0.7349249534949276,3.039235855853522,664023.0,673548.0,663656.0,1,3,Bot,,,,,,,7.590670576921592,-138.94357169662342,-4.868654835626671,-14.52073126924752,31.853297990231745,-17.116134262034596,3.19,1.53,,,,96.7,2037.0,7.1,778564,669257,571771,669242,571970,500743,624424,681624,606192,53.44,,,,,,,,25,2,4-Seam Fastball,1,3,1,3,3,1,1,3,,,229.0,-0.016,-0.053,,,,,0.053,,-2,-2,0.462,0.462,23,27,24,28,2,1,,1.0,10.0,8.0,1.41,0.99,-0.99,,,,,,
FF,2025-03-19,97.1,-2.64,6.1,"Sasaki, Roki",683737,808963,,ball,,,,,11.0,,R,L,R,CHC,LAD,B,,,0,0,2025,-0.99,1.13,-0.080811698455306,3.5730958566573374,664023.0,673548.0,663656.0,1,3,Bot,,,,,,,9.242062728356624,-141.02874645694538,-3.808015817599401,-15.446701408654295,34.23106192645005,-16.447598145886733,3.19,1.53,,,,98.0,2093.0,7.0,778564,669257,571771,669242,571970,500743,624424,681624,606192,53.46,,,,,,,,25,1,4-Seam Fastball,1,3,1,3,3,1,1,3,,,231.0,0.011,0.038,,,,,-0.038,,-2,-2,0.451,0.451,23,27,24,28,2,1,,1.0,10.0,8.0,1.31,0.99,-0.99,,,,,,
FF,2025-03-19,98.0,-2.6,6.03,"Sasaki, Roki",663656,808963,walk,ball,,,,,14.0,Kyle Tucker walks. Jon Berti scores. Ian Happ to 3rd. Seiya Suzuki to 2nd.,R,L,R,CHC,LAD,B,,,3,1,2025,-1.01,1.08,0.7817896864483032,0.5400878316967,542932.0,664023.0,673548.0,1,3,Bot,,,,,,,11.607046306785216,-141.783428708337,-11.899692808168368,-16.336097343326106,34.53013455673628,-14.840471712942191,3.47,1.67,,,,98.8,1958.0,7.2,778564,669257,571771,669242,571970,500743,624424,681624,606192,53.28,,0.691497,0.7,1.0,0.0,0.0,,24,5,4-Seam Fastball,0,3,0,3,3,1,1,3,,,231.0,0.061,0.242,,,,,-0.242,,-3,-3,0.39,0.39,23,28,24,28,2,1,,1.0,10.0,8.0,1.34,1.01,-1.01,,,,,,
FF,2025-03-19,97.9,-2.48,6.13,"Sasaki, Roki",663656,808963,,ball,,,,,14.0,,R,L,R,CHC,LAD,B,,,2,1,2025,-0.9,1.19,1.360656662875979,1.663554126327738,542932.0,664023.0,673548.0,1,3,Bot,,,,,,,12.597858459719388,-141.7403962190268,-9.376395017862906,-15.0907918441887,34.2341053784131,-13.98379136649934,3.47,1.67,,,,98.8,2036.0,7.2,778564,669257,571771,669242,571970,500743,624424,681624,606192,53.28,,,,,,,,24,4,4-Seam Fastball,0,3,0,3,3,0,0,3,,,229.0,0.03,0.064,,,,,-0.064,,-3,-3,0.36,0.36,23,28,24,28,2,1,,1.0,10.0,8.0,1.22,0.9,-0.9,,,,,,
FO,2025-03-19,84.4,-2.46,6.13,"Sasaki, Roki",663656,808963,,ball,,,,,13.0,,R,L,R,CHC,LAD,B,,,1,1,2025,-0.78,-0.54,-1.6932556156319838,1.048653923673033,542932.0,664023.0,673548.0,1,3,Bot,,,,,,,3.414220134216748,-122.69612978694336,-4.321187943211209,-8.585211313309317,29.205438092249093,-36.733665509146846,3.47,1.67,,,,85.3,551.0,7.4,778564,669257,571771,669242,571970,500743,624424,681624,606192,53.1,,,,,,,,24,3,Forkball,0,3,0,3,3,0,0,3,,,334.0,0.014,0.074,,,,,-0.074,,-3,-3,0.346,0.346,23,28,24,28,2,1,,1.0,10.0,8.0,3.8,0.78,-0.78,,,,,,
FF,2025-03-19,98.4,-2.56,6.16,"Sasaki, Roki",663656,808963,,foul,,,,,9.0,,R,L,R,CHC,LAD,S,,,1,0,2025,-0.88,1.19,0.2867493114943653,1.9695980675801703,542932.0,664023.0,673548.0,1,3,Bot,,,,,,,9.914748275071092,-142.7627367545639,-8.742704381375376,-14.419147612887858,34.16368347063404,-13.966007650401096,3.47,1.67,224.0,79.7,52.0,99.5,2069.0,7.2,778564,669257,571771,669242,571970,500743,624424,681624,606192,53.33,,,,,,,,24,2,4-Seam Fastball,0,3,0,3,3,0,0,3,,,229.0,-0.014,-0.053,68.5,7.7,,,0.053,88.0,-3,-3,0.36,0.36,23,28,24,28,2,1,,1.0,10.0,8.0,1.19,0.88,-0.88,,3.0989281082585585,-4.1665712394614935,42.700775668938455,,
FO,2025-03-19,84.6,-2.46,6.13,"Sasaki, Roki",663656,808963,,ball,,,,,13.0,,R,L,R,CHC,LAD,B,,,0,0,2025,-0.5,-0.67,-1.6384372668951253,0.9831058357378876,542932.0,664023.0,673548.0,1,3,Bot,,,,,,,2.9675900356741143,-123.01236431714068,-4.276355292505673,-5.64340648926664,27.59633596453964,-38.2224584092827,3.47,1.67,,,,85.5,478.0,7.2,778564,669257,571771,669242,571970,500743,624424,681624,606192,53.27,,,,,,,,24,1,Forkball,0,3,0,3,3,0,0,3,,,320.0,0.01,0.038,,,,,-0.038,,-3,-3,0.35,0.35,23,28,24,28,2,1,,1.0,10.0,8.0,3.9,0.5,-0.5,45.5,,,,,
FF,2025-03-19,98.2,-2.52,6.14,"Sasaki, Roki",673548,808963,walk,ball,,,,,14.0,Seiya Suzuki walks. Jon Berti to 3rd. Ian Happ to 2nd.,R,R,R,CHC,LAD,B,,,3,1,2025,-0.9,1.2,0.5947284306953944,1.3034465273955038,,542932.0,664023.0,1,3,Bot,,,,,,,10.681358239371818,-142.20110403948345,-10.508491024695486,-14.723767019057345,33.66055736885603,-13.479522840984728,3.18,1.43,,,,99.3,1969.0,7.3,778564,669257,571771,669242,571970,500743,624424,681624,606192,53.24,,0.691497,0.7,1.0,0.0,0.0,,23,5,4-Seam Fastball,0,3,0,3,3,0,0,3,,,229.0,0.041,0.212,,,,,-0.212,,-3,-3,0.309,0.309,23,30,24,31,2,1,,1.0,10.0,8.0,1.19,0.9,0.9,,,,,,
FO,2025-03-19,82.6,-2.59,6.18,"Sasaki, Roki",673548,808963,,ball,,,,,11.0,,R,R,R,CHC,LAD,B,,,2,1,2025,0.04,-0.27,-1.4549628079380863,2.663580915405414,,542932.0,664023.0,1,3,Bot,,,,,,,2.56245705455591,-120.27720477391628,-0.9087625005154096,-0.1931808857883967,26.14825883322161,-34.767949779629724,3.18,1.43,,,,83.5,501.0,7.1,778564,669257,571771,669242,571970,500743,624424,681624,606192,53.39,,,,,,,,23,4,Forkball,0,3,0,3,3,0,0,3,,,328.0,0.02,0.108,,,,,-0.108,,-3,-3,0.289,0.289,23,30,24,31,2,1,,1.0,10.0,8.0,3.63,-0.04,-0.04,,,,,,
FO,2025-03-19,83.5,-2.38,6.23,"Sasaki, Roki",673548,808963,,ball,,,,,13.0,,R,R,R,CHC,LAD,B,,,1,1,2025,-0.09,-0.51,-1.7248873197848311,1.8262914476567111,,542932.0,664023.0,1,3,Bot,,,,,,,1.717731643112132,-121.5005187055542,-2.65855710102759,-1.277202567838681,26.533302809438062,-36.85381762593444,3.18,1.43,,,,84.5,492.0,7.2,778564,669257,571771,669242,571970,500743,624424,681624,606192,53.28,,,,,,,,23,3,Forkball,0,3,0,3,3,0,0,3,,,332.0,0.01,0.048,,,,,-0.048,,-3,-3,0.279,0.279,23,30,24,31,2,1,,1.0,10.0,8.0,3.81,0.09,0.09,,,,,,
FF,2025-03-19,97.1,-2.49,6.12,"Sasaki, Roki",673548,808963,,foul,,,,,14.0,,R,R,R,CHC,LAD,S,,,1,0,2025,-0.97,1.43,0.1092295676536111,1.1721918904301836,,542932.0,664023.0,1,3,Bot,,,,,,,9.279641601695491,-140.5719260410361,-10.99644665017282,-15.07200728426798,36.42326459905367,-10.715546983488696,3.18,1.43,1.0,66.1,-38.0,97.6,2122.0,7.2,778564,669257,571771,669242,571970,500743,624424,681624,606192,53.31,,,,,,,,23,2,4-Seam Fastball,0,3,0,3,3,0,0,3,,,225.0,-0.01,-0.045,73.5,7.9,,,0.045,88.0,-3,-3,0.289,0.289,23,30,24,31,2,1,,1.0,10.0,8.0,1.04,0.97,0.97,,12.549892845856837,-0.3185314337948805,35.71391879851735,,
ST,2025-03-19,83.5,-2.63,6.12,"Sasaki, Roki",673548,808963,,blocked_ball,,,,,13.0,,R,R,R,CHC,LAD,B,,,0,0,2025,1.24,-0.44,-1.1158215451886009,0.6995425787257585,,542932.0,664023.0,1,3,Bot,,,,,,,1.0681832735344787,-121.5058126978187,-5.148242496173848,11.880532015229862,26.93474356587565,-35.61741540349028,3.18,1.43,,,,84.3,1799.0,7.1,778564,669257,571771,669242,571970,500743,624424,681624,606192,53.4,,,,,,,,23,1,Sweeper,0,3,0,3,3,0,0,3,,,60.0,0.007,0.031,,,,,-0.031,,-3,-3,0.282,0.282,23,30,24,31,2,1,,1.0,10.0,8.0,3.75,-1.24,-1.24,,,,,,
FO,2025-03-19,85.2,-2.47,6.12,"Sasaki, Roki",664023,808963,walk,ball,,,,,13.0,Ian Happ walks.,R,L,R,CHC,LAD,B,,,3,2,2025,-0.59,-0.44,-0.3004695194676773,0.7723359856967287,,542932.0,,1,3,Bot,,,,,,,6.39583483154581,-123.90076745733955,-5.436148332591134,-7.392265460438793,24.879043123633096,-35.84288422150087,3.51,1.63,,,,86.7,512.0,7.3,778564,669257,571771,669242,571970,500743,624424,681624,606192,53.22,,0.691497,0.7,1.0,0.0,0.0,,22,6,Forkball,0,3,0,3,3,0,0,3,,,298.0,0.024,0.212,,,,,-0.212,,-3,-3,0.258,0.258,23,30,24,31,2,1,,1.0,10.0,8.0,3.59,0.59,-0.59,,,,,,
FO,2025-03-19,84.3,-2.5,6.12,"Sasaki, Roki",664023,808963,,swinging_strike_blocked,,,,,13.0,,R,L,R,CHC,LAD,S,,,3,1,2025,-0.06,0.14,-0.0437523641168277,0.599829341677462,,542932.0,,1,3,Bot,,,,,,,5.937398210338222,-122.46897313211758,-6.795771212845184,-1.819691658507867,25.005430260475748,-29.541349633939927,3.51,1.63,,,,85.6,478.0,7.3,778564,669257,571771,669242,571970,500743,624424,681624,606192,53.23,,,,,,,,22,5,Forkball,0,3,0,3,3,0,0,3,,,304.0,-0.007,-0.068,52.7,8.5,,,0.068,,-3,-3,0.265,0.265,23,30,24,31,2,1,,1.0,10.0,8.0,3.08,0.06,-0.06,,28.61321686324284,-31.025110107098627,34.929141657223546,,
FF,2025-03-19,96.5,-2.66,6.16,"Sasaki, Roki",664023,808963,,called_strike,,,,,4.0,,R,L,R,CHC,LAD,S,,,3,0,2025,-0.88,1.07,-0.5519577792196162,2.8569969287992123,,,542932.0,1,3,Bot,,,,,,,7.711021693732294,-140.40715381647158,-5.762073898173123,-13.34001071144407,29.3718114574402,-16.95182906379522,3.51,1.63,,,,98.1,1979.0,7.0,778564,669257,571771,669242,571970,500743,624424,681624,606192,53.5,,,,,,,,22,4,4-Seam Fastball,0,3,0,3,3,0,0,3,,,230.0,0.0,-0.05,,,,,0.05,,-3,-3,0.265,0.265,23,30,24,31,2,1,,1.0,10.0,8.0,1.37,0.88,-0.88,,,,,,
FF,2025-03-19,96.9,-2.67,6.17,"Sasaki, Roki",664023,808963,,ball,,,,,11.0,,R,L,R,CHC,LAD,B,,,2,0,2025,-0.75,1.06,-0.9597253301448097,3.022562128367245,,,542932.0,1,3,Bot,,,,,,,6.362201035185269,-140.98541069516787,-5.391316537719137,-11.398994168551118,30.54253033027097,-16.935964948112254,3.51,1.63,,,,98.3,1885.0,7.0,778564,669257,571771,669242,571970,500743,624424,681624,606192,53.51,,,,,,,,22,3,4-Seam Fastball,0,3,0,3,3,0,0,3,,,229.0,0.013,0.097,,,,,-0.097,,-3,-3,0.252,0.252,23,30,24,31,2,1,,1.0,10.0,8.0,1.35,0.75,-0.75,,,,,,
FF,2025-03-19,97.3,-2.71,6.14,"Sasaki, Roki",664023,808963,,ball,,,,,14.0,,R,L,R,CHC,LAD,B,,,1,0,2025,-0.8,1.34,0.4098377203746001,1.3724446671863346,,,542932.0,1,3,Bot,,,,,,,10.320357685532745,-141.07918567924958,-10.451898181189572,-12.998291402561335,30.74576815972119,-11.968096722443958,3.51,1.63,,,,98.5,2045.0,7.1,778564,669257,571771,669242,571970,500743,624424,681624,606192,53.42,,,,,,,,22,2,4-Seam Fastball,0,3,0,3,3,0,0,3,,,228.0,0.009,0.068,,,,,-0.068,,-3,-3,0.243,0.243,23,30,24,31,2,1,,1.0,10.0,8.0,1.07,0.8,-0.8,,,,,,
FO,2025-03-19,84.7,-2.49,6.11,"Sasaki, Roki",664023,808963,,ball,,,,,13.0,,R,L,R,CHC,LAD,B,,,0,0,2025,-0.49,0.11,-1.2442483185665494,1.740020260931547,,,542932.0,1,3,Bot,,,,,,,3.972595376254487,-123.32160988123104,-4.1434195419484245,-5.840871707161286,25.389427502548717,-30.38717612377672,3.51,1.63,,,,86.1,543.0,7.2,778564,669257,571771,669242,571970,500743,624424,681624,606192,53.26,,,,,,,,22,1,Forkball,0,3,0,3,3,0,0,3,,,317.0,0.004,0.035,,,,,-0.035,,-3,-3,0.239,0.239,23,30,24,31,2,1,,1.0,10.0,8.0,3.07,0.49,-0.49,,,,,,
FF,2025-03-19,97.1,-2.65,6.17,"Sasaki, Roki",542932,808963,single,hit_into_play,,,,,5.0,Jon Berti singles on a soft ground ball to third baseman Max Muncy.,R,R,R,CHC,LAD,X,5.0,ground_ball,0,0,2025,-0.97,1.16,0.13744688991066,2.288136185203215,,,,1,3,Bot,116.02,185.55,,,,,9.79984704342149,-140.87472940386417,-7.572611513278467,-15.152000265929027,32.448283366656376,-15.060703394322717,3.42,1.59,1.0,73.2,-61.0,98.2,2093.0,7.1,778564,669257,571771,669242,571970,500743,624424,681624,606192,53.4,0.301,0.279,0.9,1.0,1.0,0.0,2.0,21,1,4-Seam Fastball,0,3,0,3,3,0,0,3,,,230.0,0.027,0.414,76.1,7.6,,0.305,-0.414,88.0,-3,-3,0.212,0.212,23,35,24,35,1,0,,1.0,10.0,10.0,1.27,0.97,0.97,,-0.4697350399869052,12.746947146282707,29.87437203464901,,
FF,2025-03-19,95.7,-2.62,6.08,"Sasaki, Roki",608348,808963,field_out,hit_into_play,,,,,9.0,Carson Kelly grounds out to first baseman Enrique Hernández.,R,R,R,CHC,LAD,X,3.0,ground_ball,1,0,2025,-0.59,1.24,0.7925639165026797,2.063095118294311,,,,0,3,Bot,158.1,167.3,,,,,10.461115954145937,-138.7658186287647,-7.848562420196015,-9.94094364225085,31.10979188377401,-14.486145615533053,3.33,1.66,3.0,84.1,-32.0,96.8,1891.0,7.1,778564,669257,571771,669242,571970,500743,624424,681624,606192,53.38,0.037,0.036,0.0,1.0,0.0,0.0,2.0,20,2,4-Seam Fastball,0,3,0,3,3,0,0,3,,,228.0,-0.028,-0.301,,,,0.037,0.301,88.0,-3,-3,0.24,0.24,23,30,24,31,1,0,,,10.0,9.0,1.27,0.59,0.59,,,,,,
FF,2025-03-19,97.1,-2.59,6.12,"Sasaki, Roki",608348,808963,,ball,,,,,14.0,,R,R,R,CHC,LAD,B,,,0,0,2025,-0.93,1.18,0.0425319973903883,1.0058607727977502,,,,0,3,Bot,,,,,,,9.29323037806903,-140.70150112917463,-10.953557427406723,-14.453071584525285,32.03955507713581,-14.116618982442551,3.33,1.66,,,,98.1,2010.0,7.1,778564,669257,571771,669242,571970,500743,624424,681624,606192,53.38,,,,,,,,20,1,4-Seam Fastball,0,3,0,3,3,0,0,3,,,230.0,0.004,0.041,,,,,-0.041,,-3,-3,0.236,0.236,23,30,24,31,1,0,,,10.0,9.0,1.26,0.93,0.93,,,,,,
FF,2025-03-19,98.0,-2.57,6.15,"Sasaki, Roki",691718,808963,double_play,hit_into_play,,,,,5.0,"Pete Crow-Armstrong lines into an unassisted double play, shortstop Miguel Rojas. Michael Busch out at 2nd.",R,L,R,CHC,LAD,X,6.0,line_drive,2,2,2025,-0.87,0.89,0.2398822548354107,2.463200287414792,,683737.0,621020.0,1,2,Bot,112.75,139.6,,,,,9.741309542443956,-142.31623056114285,-6.589189712497923,-14.129119774774011,33.1834593758241,-18.71680254522669,3.38,1.55,158.0,91.9,8.0,99.1,1951.0,7.1,778564,669257,571771,669242,571970,500743,624424,681624,606192,53.43,0.537,0.492,0.0,1.0,0.0,0.0,4.0,15,5,4-Seam Fastball,0,2,0,2,2,0,0,2,,,231.0,-0.091,-0.213,73.0,6.5,,0.586,0.213,91.9,-2,-2,0.379,0.379,23,23,24,23,1,0,,1.0,10.0,8.0,1.5,0.87,-0.87,,-2.8155600533930354,13.754260617335868,39.482147493510105,,
FF,2025-03-19,98.0,-2.56,6.13,"Sasaki, Roki",691718,808963,,foul,,,,,14.0,,R,L,R,CHC,LAD,S,,,2,1,2025,-1.07,1.37,0.8741252617969115,2.3312455097152114,,683737.0,621020.0,1,2,Bot,,,,,,,11.878397879937213,-141.95858079215745,-7.94553442054335,-17.392353211862897,35.55925539124079,-11.94628569110477,3.38,1.55,247.0,74.1,38.0,98.5,2176.0,7.1,778564,669257,571771,669242,571970,500743,624424,681624,606192,53.45,,,,,,,,15,4,4-Seam Fastball,0,2,0,2,2,0,0,2,,,226.0,-0.015,-0.063,74.9,7.4,,,0.063,88.0,-2,-2,0.394,0.394,23,23,24,23,1,0,,1.0,10.0,8.0,1.05,1.07,-1.07,,11.875886560291285,-13.640201287651596,39.27069523882694,,
FF,2025-03-19,97.3,-2.55,6.05,"Sasaki, Roki",691718,808963,,foul,,,,,2.0,,R,L,R,CHC,LAD,S,,,2,0,2025,-0.82,1.11,-0.0105246437332681,2.889925540243827,,683737.0,621020.0,1,2,Bot,,,,,,,8.812462248184122,-141.37141744967622,-5.565882496771505,-13.020020001200905,31.451950849860157,-16.225523330209636,3.38,1.55,246.0,77.4,31.0,98.7,1945.0,7.1,778564,669257,571771,669242,571970,500743,624424,681624,606192,53.41,,,,,,,,15,3,4-Seam Fastball,0,2,0,2,2,0,0,2,,,228.0,-0.014,-0.068,73.6,6.5,,,0.068,88.0,-2,-2,0.408,0.408,23,23,24,23,1,0,,1.0,10.0,8.0,1.3,0.82,-0.82,,3.470935017833666,12.91760863676235,31.60314825535112,,
FF,2025-03-19,97.1,-2.56,6.12,"Sasaki, Roki",691718,808963,,ball,,,,,11.0,,R,L,R,CHC,LAD,B,,,1,0,2025,-0.77,1.22,-0.8544038026634808,3.706730343016476,,683737.0,621020.0,1,2,Bot,,,,,,,6.41600267052627,-141.31696944368224,-3.775725655172557,-11.730074397224715,31.707030022601824,-15.214078882469073,3.38,1.55,,,,98.4,1933.0,7.0,778564,669257,571771,669242,571970,500743,624424,681624,606192,53.52,,,,,,,,15,2,4-Seam Fastball,0,2,0,2,2,0,0,2,,,230.0,0.014,0.071,,,,,-0.071,,-2,-2,0.394,0.394,23,23,24,23,1,0,,1.0,10.0,8.0,1.2,0.77,-0.77,,,,,,
FO,2025-03-19,84.4,-2.59,6.19,"Sasaki, Roki",691718,808963,,ball,,,,,11.0,,R,L,R,CHC,LAD,B,,,0,0,2025,-0.03,-0.35,-2.291493739159557,2.8880707259797447,,683737.0,621020.0,1,2,Bot,,,,,,,0.7609295649932006,-122.95536118494452,-0.5706949912477127,-0.479838105380272,26.455217387373228,-35.79506717804952,3.38,1.55,,,,85.4,527.0,7.1,778564,669257,571771,669242,571970,500743,624424,681624,606192,53.44,,,,,,,,15,1,Forkball,0,2,0,2,2,0,0,2,,,351.0,0.007,0.031,,,,,-0.031,,-2,-2,0.387,0.387,23,23,24,23,1,0,,1.0,10.0,8.0,3.56,0.03,-0.03,,,,,,
FO,2025-03-19,85.2,-2.55,6.2,"Sasaki, Roki",621020,808963,walk,ball,,,,,13.0,Dansby Swanson walks.,R,R,R,CHC,LAD,B,,,3,1,2025,0.38,-0.29,-0.9742827764003912,2.6593131597243578,,683737.0,,1,2,Bot,,,,,,,2.9879721801105594,-124.13079702408898,-1.414261601787898,3.2694914391288403,26.129050344463664,-35.10599508625977,3.63,1.74,,,,86.7,660.0,7.3,778564,669257,571771,669242,571970,500743,624424,681624,606192,53.22,,0.691497,0.7,1.0,0.0,0.0,,14,5,Forkball,0,2,0,2,2,0,0,2,,,357.0,0.016,0.144,,,,,-0.144,,-2,-2,0.371,0.371,23,31,24,31,1,0,,1.0,10.0,8.0,3.44,-0.38,-0.38,,,,,,
FF,2025-03-19,97.3,-2.51,6.21,"Sasaki, Roki",621020,808963,,ball,,,,,11.0,,R,R,R,CHC,LAD,B,,,2,1,2025,-0.82,1.21,-1.0637840673431969,2.9656616195318093,,,683737.0,1,2,Bot,,,,,,,5.8327558445245655,-141.51679536782592,-6.0342469777944725,-12.324943918122829,31.130819636982896,-14.768469016000566,3.63,1.74,,,,98.7,2005.0,7.0,778564,669257,571771,669242,571970,500743,624424,681624,606192,53.48,,,,,,,,14,4,4-Seam Fastball,0,2,0,2,2,0,0,2,,,227.0,0.023,0.109,,,,,-0.109,,-2,-2,0.348,0.348,23,31,24,31,1,0,,1.0,10.0,8.0,1.2,0.82,0.82,,,,,,
FF,2025-03-19,98.6,-2.58,6.17,"Sasaki, Roki",621020,808963,,foul,,,,,8.0,,R,R,R,CHC,LAD,S,,,2,0,2025,-0.97,1.24,0.2512876774090571,1.9114375832751096,,,683737.0,1,2,Bot,,,,,,,10.068757398735174,-142.91625920726136,-9.06250211341559,-15.738107885754305,34.7569082248711,-13.107110319026756,3.63,1.74,288.0,95.7,22.0,99.4,2175.0,7.1,778564,669257,571771,669242,571970,500743,624424,681624,606192,53.41,,,,,,,,14,3,4-Seam Fastball,0,2,0,2,2,0,0,2,,,225.0,-0.009,-0.062,75.1,7.5,,,0.062,95.7,-2,-2,0.357,0.357,23,31,24,31,1,0,,1.0,10.0,8.0,1.13,0.97,0.97,,1.358733882772983,18.85476474521845,32.64610394695422,,
FF,2025-03-19,98.1,-2.5,6.16,"Sasaki, Roki",621020,808963,,ball,,,,,14.0,,R,R,R,CHC,LAD,B,,,1,0,2025,-1.08,1.36,1.7535040281885543,1.2636756531314568,,,683737.0,1,2,Bot,,,,,,,14.160889306343098,-141.73145193168472,-10.927348814079563,-18.020107321588192,35.05031704023851,-11.263668985655686,3.63,1.74,,,,98.7,2081.0,7.2,778564,669257,571771,669242,571970,500743,624424,681624,606192,53.32,,,,,,,,14,2,4-Seam Fastball,0,2,0,2,2,0,0,2,,,232.0,0.009,0.068,,,,,-0.068,,-2,-2,0.348,0.348,23,31,24,31,1,0,,1.0,10.0,8.0,1.06,1.08,1.08,,,,,,
FO,2025-03-19,83.9,-2.45,6.15,"Sasaki, Roki",621020,808963,,ball,,,,,13.0,,R,R,R,CHC,LAD,B,,,0,0,2025,-0.54,-0.18,-1.2938617470340414,2.54695032736214,,,683737.0,1,2,Bot,,,,,,,3.805238944045366,-122.0142999712914,-1.461112270663441,-6.204498666188535,28.011511727536742,-33.85394710336137,3.63,1.74,,,,84.6,538.0,7.1,778564,669257,571771,669242,571970,500743,624424,681624,606192,53.37,,,,,,,,14,1,Forkball,0,2,0,2,2,0,0,2,,,340.0,0.004,0.035,,,,,-0.035,,-2,-2,0.344,0.344,23,31,24,31,1,0,,1.0,10.0,8.0,3.47,0.54,0.54,,,,,,
FO,2025-03-19,84.8,-2.46,6.25,"Sasaki, Roki",807713,808963,field_out,hit_into_play,,,,,13.0,Matt Shaw lines out to shortstop Miguel Rojas.,R,R,R,CHC,LAD,X,6.0,line_drive,1,2,2025,0.11,-0.69,-1.3226526347712504,2.302310364918657,,,683737.0,0,2,Bot,100.74,150.58,,,,,2.483228716049152,-123.4349640471439,-1.4670742815510864,0.5945199970465835,27.168292529814384,-39.04242332306976,3.301,1.504,141.0,51.8,28.0,85.8,462.0,7.2,778564,669257,571771,669242,571970,500743,624424,681624,606192,53.33,0.19,0.171,0.0,1.0,0.0,0.0,1.0,13,4,Forkball,0,2,0,2,2,0,0,2,,,329.0,-0.027,-0.164,68.9,6.6,,0.19,0.164,88.0,-2,-2,0.371,0.371,23,23,24,24,1,0,,1.0,10.0,8.0,3.88,-0.11,-0.11,,11.171768138585632,-1.2685943161027833,31.793058184998223,,
FO,2025-03-19,83.5,-2.35,6.18,"Sasaki, Roki",807713,808963,,called_strike,,,,,7.0,,R,R,R,CHC,LAD,S,,,1,1,2025,-0.7,-0.73,-0.729353752324141,1.9251357420020936,,,683737.0,0,2,Bot,,,,,,,5.218035685441687,-121.45653510290866,-1.8550720042425888,-8.055863477870545,26.877027536831104,-39.14575160255925,3.301,1.504,,,,84.5,494.0,7.3,778564,669257,571771,669242,571970,500743,624424,681624,606192,53.23,,,,,,,,13,3,Forkball,0,2,0,2,2,0,0,2,,,319.0,-0.009,-0.07,,,,,0.07,,-2,-2,0.38,0.38,23,23,24,24,1,0,,1.0,10.0,8.0,4.04,0.7,0.7,,,,,,
FF,2025-03-19,98.7,-2.59,6.28,"Sasaki, Roki",807713,808963,,foul,,,,,5.0,,R,R,R,CHC,LAD,S,,,0,0,2025,-0.98,1.23,-0.0904005126077799,2.4963455857166705,,,683737.0,0,2,Bot,,,,,,,9.160764718792548,-143.2673801120201,-7.7697287511056015,-15.581106725485704,33.16009854358434,-13.569087887719649,3.301,1.504,300.0,94.6,35.0,99.6,2086.0,7.0,778564,669257,571771,669242,571970,500743,624424,681624,606192,53.55,,,,,,,,13,1,4-Seam Fastball,0,2,0,2,2,0,0,2,,,226.0,-0.006,-0.043,,,,,0.043,94.6,-2,-2,0.382,0.382,23,23,24,24,1,0,,1.0,10.0,8.0,1.12,0.98,0.98,,,,,,
FF,2025-03-19,97.8,-2.74,6.21,"Sasaki, Roki",683737,808963,walk,ball,,,,,11.0,Michael Busch walks.,R,L,R,CHC,LAD,B,,,3,0,2025,-0.88,1.11,-0.9739435107167552,2.528047211800031,,,,0,2,Bot,,,,,,,6.881654424399214,-142.0388730257402,-7.029780849226847,-13.534980493785367,34.406353134387544,-15.64765756995116,3.19,1.53,,,,98.6,2095.0,7.0,778564,669257,571771,669242,571970,500743,624424,681624,606192,53.53,,0.691497,0.7,1.0,0.0,0.0,,12,4,4-Seam Fastball,0,2,0,2,2,0,0,2,,,229.0,0.016,0.171,,,,,-0.171,,-2,-2,0.366,0.366,23,27,24,28,1,0,,1.0,10.0,8.0,1.29,0.88,-0.88,,,,,,
FF,2025-03-19,97.7,-2.75,6.21,"Sasaki, Roki",683737,808963,,ball,,,,,11.0,,R,L,R,CHC,LAD,B,,,2,0,2025,-0.84,1.33,-1.0864890464460344,3.691559900879093,,,,0,2,Bot,,,,,,,6.50760820484549,-142.0467359240911,-4.350181670820333,-12.9026382310805,34.75229553262897,-13.418241496464264,3.19,1.53,,,,98.6,2067.0,7.0,778564,669257,571771,669242,571970,500743,624424,681624,606192,53.5,,,,,,,,12,3,4-Seam Fastball,0,2,0,2,2,0,0,2,,,225.0,0.013,0.152,,,,,-0.152,,-2,-2,0.353,0.353,23,27,24,28,1,0,,1.0,10.0,8.0,1.08,0.84,-0.84,,,,,,
FF,2025-03-19,97.8,-2.58,6.25,"Sasaki, Roki",683737,808963,,ball,,,,,11.0,,R,L,R,CHC,LAD,B,,,1,0,2025,-1.12,1.09,-0.9725837453430748,3.1773213314125472,,,,0,2,Bot,,,,,,,6.9826547661653935,-142.0610831251951,-5.286639098846841,-16.77445084586835,35.87500435203992,-16.430300572570754,3.19,1.53,,,,98.4,2173.0,6.9,778564,669257,571771,669242,571970,500743,624424,681624,606192,53.56,,,,,,,,12,2,4-Seam Fastball,0,2,0,2,2,0,0,2,,,230.0,0.008,0.077,,,,,-0.077,,-2,-2,0.345,0.345,23,27,24,28,1,0,,1.0,10.0,8.0,1.32,1.12,-1.12,,,,,,
FF,2025-03-19,97.5,-2.66,6.33,"Sasaki, Roki",683737,808963,,ball,,,,,11.0,,R,L,R,CHC,LAD,B,,,0,0,2025,-1.28,1.02,-2.405315751596822,2.794145807577353,,,,0,2,Bot,,,,,,,3.665692401666949,-141.8370923261474,-6.315251591885458,-18.022641452016774,36.1305938296116,-17.193891210955325,3.19,1.53,,,,97.9,2136.0,6.8,778564,669257,571771,669242,571970,500743,624424,681624,606192,53.72,,,,,,,,12,1,4-Seam Fastball,0,2,0,2,2,0,0,2,,,228.0,0.004,0.041,,,,,-0.041,,-2,-2,0.341,0.341,23,27,24,28,1,0,,1.0,10.0,8.0,1.41,1.28,-1.28,,,,,,
FF,2025-03-19,99.2,-2.59,6.12,"Sasaki, Roki",663656,808963,field_out,hit_into_play,,,,,6.0,Kyle Tucker flies out to center fielder Andy Pages.,R,L,R,CHC,LAD,X,8.0,fly_ball,1,0,2025,-0.69,1.21,0.3001036122640672,2.603200297614669,,,,2,1,Bot,125.61,69.49,,,,,9.623762261249684,-143.9188663299028,-7.024546015680321,-11.95112188697105,37.625325923677565,-13.851143668019184,3.47,1.67,321.0,99.0,46.0,99.7,2011.0,7.0,778564,669257,571771,669242,571970,500743,624424,681624,606192,53.49,0.033,0.057,0.0,1.0,0.0,0.0,3.0,6,2,4-Seam Fastball,0,0,0,0,0,0,0,0,,,229.0,-0.011,-0.297,71.0,7.7,,0.105,0.297,99.0,0,0,0.511,0.511,23,28,24,28,1,0,,1.0,10.0,8.0,1.15,0.69,-0.69,,15.27584681605446,-0.4439494626870542,38.36487897131991,,
FO,2025-03-19,87.6,-2.65,6.08,"Sasaki, Roki",663656,808963,,ball,,,,,13.0,,R,L,R,CHC,LAD,B,,,0,0,2025,-0.7,-0.45,-2.192359471941556,0.6800524998663806,,,,2,1,Bot,,,,,,,2.598918113664301,-127.3511243256241,-5.896397933385552,-8.164293518524783,31.384490220864365,-35.82125920502266,3.47,1.67,,,,88.1,485.0,7.1,778564,669257,571771,669242,571970,500743,624424,681624,606192,53.39,,,,,,,,6,1,Forkball,0,0,0,0,0,0,0,0,,,321.0,0.001,0.037,,,,,-0.037,,0,0,0.51,0.51,23,28,24,28,1,0,,1.0,10.0,8.0,3.48,0.7,-0.7,,,,,,
FF,2025-03-19,99.3,-2.6,6.11,"Sasaki, Roki",673548,808963,strikeout,foul_tip,,,,,1.0,Seiya Suzuki strikes out on a foul tip.,R,R,R,CHC,LAD,S,2.0,,3,2,2025,-0.9,1.12,-0.5395359256495665,3.159816146680466,,,,1,1,Bot,,,,,,,7.859297526106384,-144.21375186744189,-5.283084113607559,-14.47725358459054,37.451369661652485,-15.5454029590697,3.18,1.43,,,,100.2,2086.0,7.2,778564,669257,571771,669242,571970,500743,624424,681624,606192,53.32,,0.0,0.0,1.0,0.0,0.0,,5,6,4-Seam Fastball,0,0,0,0,0,0,0,0,,,231.0,-0.02,-0.332,69.1,5.8,,,0.332,,0,0,0.53,0.53,23,30,24,31,1,0,,1.0,10.0,8.0,1.23,0.9,0.9,,-7.655414139802775,26.688187248433447,30.54507102649512,,
FF,2025-03-19,99.7,-2.6,6.19,"Sasaki, Roki",673548,808963,,ball,,,,,12.0,,R,R,R,CHC,LAD,B,,,2,2,2025,-0.74,1.09,0.4593748829278722,4.011984316816704,,,,1,1,Bot,,,,,,,10.262591653869404,-144.7041091212895,-3.1027530508859087,-12.948437789729455,37.9616076452426,-16.417632050804105,3.18,1.43,,,,100.3,2085.0,7.1,778564,669257,571771,669242,571970,500743,624424,681624,606192,53.45,,,,,,,,5,5,4-Seam Fastball,0,0,0,0,0,0,0,0,,,231.0,0.006,0.104,,,,,-0.104,,0,0,0.524,0.524,23,30,24,31,1,0,,1.0,10.0,8.0,1.24,0.74,0.74,,,,,,
ST,2025-03-19,85.2,-2.61,6.17,"Sasaki, Roki",673548,808963,,called_strike,,,,,1.0,,R,R,R,CHC,LAD,S,,,2,1,2025,1.05,-0.18,-0.5938786647464326,2.9341199931615343,,,,1,1,Bot,,,,,,,2.663518818329111,-124.04937812185996,-0.849829032006379,10.147442708737016,28.11574447673929,-34.09679062436236,3.18,1.43,,,,85.9,1857.0,7.0,778564,669257,571771,669242,571970,500743,624424,681624,606192,53.47,,,,,,,,5,4,Sweeper,0,0,0,0,0,0,0,0,,,51.0,-0.005,-0.07,,,,,0.07,,0,0,0.529,0.529,23,30,24,31,1,0,,1.0,10.0,8.0,3.35,-1.05,-1.05,,,,,,
FF,2025-03-19,98.9,-2.56,6.13,"Sasaki, Roki",673548,808963,,foul,,,,,12.0,,R,R,R,CHC,LAD,S,,,2,0,2025,-0.67,1.4,1.220426429966381,3.2343481413927613,,,,1,1,Bot,,,,,,,12.004003972665444,-143.39770312154133,-5.718923339300212,-12.179175100755057,36.04636774701861,-11.70945572412742,3.18,1.43,141.0,83.9,9.0,99.7,2165.0,7.1,778564,669257,571771,669242,571970,500743,624424,681624,606192,53.4,,,,,,,,5,3,4-Seam Fastball,0,0,0,0,0,0,0,0,,,225.0,-0.004,-0.066,69.4,6.9,,,0.066,88.0,0,0,0.533,0.533,23,30,24,31,1,0,,1.0,10.0,8.0,0.97,0.67,0.67,,5.431561097476493,16.85640264167087,25.11082453974648,,
FF,2025-03-19,99.4,-2.55,6.07,"Sasaki, Roki",673548,808963,,ball,,,,,14.0,,R,R,R,CHC,LAD,B,,,1,0,2025,-1.06,1.03,1.4445450813049754,1.986699436780126,,,,1,1,Bot,,,,,,,13.57162690761614,-143.8659083451139,-8.223833711359552,-17.96265586938504,34.84053514927586,-16.019558430858098,3.18,1.43,,,,100.2,2150.0,7.1,778564,669257,571771,669242,571970,500743,624424,681624,606192,53.36,,,,,,,,5,2,4-Seam Fastball,0,0,0,0,0,0,0,0,,,230.0,0.004,0.071,,,,,-0.071,,0,0,0.529,0.529,23,30,24,31,1,0,,1.0,10.0,8.0,1.31,1.06,1.06,,,,,,
FF,2025-03-19,100.5,-2.45,6.16,"Sasaki, Roki",673548,808963,,ball,,,,,14.0,,R,R,R,CHC,LAD,B,,,0,0,2025,-1.11,1.22,1.024220258907537,1.079272580148514,,,,1,1,Bot,,,,,,,12.393497503196825,-145.37239566947903,-11.669431172733889,-18.75363474399866,37.03776022855085,-12.051229075795607,3.18,1.43,,,,101.2,2126.0,7.2,778564,669257,571771,669242,571970,500743,624424,681624,606192,53.3,,,,,,,,5,1,4-Seam Fastball,0,0,0,0,0,0,0,0,,,230.0,0.003,0.039,,,,,-0.039,,0,0,0.526,0.526,23,30,24,31,1,0,,1.0,10.0,8.0,1.08,1.11,1.11,,,,,,
FF,2025-03-19,100.0,-2.63,6.16,"Sasaki, Roki",664023,808963,field_out,hit_into_play,,,,,5.0,Ian Happ flies out to left fielder Michael Conforto.,R,L,R,CHC,LAD,X,7.0,fly_ball,1,1,2025,-1.04,1.3,0.1114072748114149,2.273371751402924,,,,0,1,Bot,49.53,117.58,,,,,10.12803666340091,-145.06719890761445,-8.462018460926823,-17.0743441960178,35.56193217344763,-11.888851566399335,3.51,1.63,276.0,90.9,46.0,100.9,2136.0,7.1,778564,669257,571771,669242,571970,500743,624424,681624,606192,53.42,0.003,0.002,0.0,1.0,0.0,0.0,3.0,4,3,4-Seam Fastball,0,0,0,0,0,0,0,0,,,231.0,-0.021,-0.251,74.9,6.7,,0.003,0.251,90.9,0,0,0.547,0.547,23,30,24,31,1,0,,1.0,10.0,8.0,1.0,1.04,-1.04,,2.641528809131103,0.2347037265702299,35.43482139044341,,
FF,2025-03-19,99.5,-2.59,6.13,"Sasaki, Roki",664023,808963,,foul,,,,,1.0,,R,L,R,CHC,LAD,S,,,1,0,2025,-0.92,1.2,-0.7082287600591521,2.9576586202181376,,,,0,1,Bot,,,,,,,7.42924864945581,-144.63732803919572,-6.186916470798423,-14.634335664348272,34.108024826976155,-13.985897993352085,3.51,1.63,250.0,86.7,20.0,100.8,2060.0,7.1,778564,669257,571771,669242,571970,500743,624424,681624,606192,53.43,,,,,,,,4,2,4-Seam Fastball,0,0,0,0,0,0,0,0,,,230.0,-0.004,-0.05,61.2,5.5,,,0.05,88.0,0,0,0.551,0.551,23,30,24,31,1,0,,1.0,10.0,8.0,1.1,0.92,-0.92,,1.5419004320360703,39.88379888355192,30.17481181820288,,
FF,2025-03-19,99.5,-2.61,6.19,"Sasaki, Roki",664023,808963,,ball,,,,,13.0,,R,L,R,CHC,LAD,B,,,0,0,2025,-0.97,1.34,-0.1022809236126311,1.4190919052716122,,,,0,1,Bot,,,,,,,9.261488624723556,-144.2520213148606,-10.899209760837,-15.776652981104911,35.2466344565789,-11.028538267366368,3.51,1.63,,,,100.4,2142.0,7.1,778564,669257,571771,669242,571970,500743,624424,681624,606192,53.38,,,,,,,,4,1,4-Seam Fastball,0,0,0,0,0,0,0,0,,,231.0,0.003,0.041,,,,,-0.041,,0,0,0.548,0.548,23,30,24,31,1,0,,1.0,10.0,8.0,0.99,0.97,-0.97,,,,,,
,2025-03-19,,,,"Sasaki, Roki",807713,808963,,automatic_ball,,,,,,,R,R,R,CHC,LAD,B,,,0,1,2025,,,,,,,683737.0,0,2,Bot,,,,,,,,,,,,,,,,,,,,,778564,669257,571771,669242,571970,500743,624424,681624,606192,,,,,,,,,13,2,,0,2,0,2,2,0,0,2,,,,0.004,,,,,,,,-2,-2,0.376,0.376,23,23,24,24,1,0,,1.0,10.0,8.0,,,,,,,,,
FF,2025-03-11,94.9,-2.48,6.14,"Sasaki, Roki",686823,808963,grounded_into_double_play,hit_into_play,,,,,3.0,"Will Brennan grounds into a double play, first baseman David Bote to shortstop Chris Taylor. Kyle Manzardo out at 2nd. Will Brennan out at 1st.",S,L,R,LAD,CLE,X,3.0,ground_ball,1,0,2025,-0.51,1.08,0.3309792578762818,2.7631962277906776,,,700932.0,1,4,Top,150.9,172.87,,,,,8.500898445152435,-138.05053001650313,-5.521638796353004,-8.275727878842167,28.153667980490724,-17.35235013323532,3.156815945,1.593159449,4.0,76.5,-36.0,96.3,2075.0,6.9,778852,669257,623520,808975,656308,621035,571771,681624,592696,53.59,,,0.0,,0.0,0.0,2.0,40,2,4-Seam Fastball,9,0,0,9,0,9,0,9,Standard,Standard,226.0,0.005,-0.353,,,,,0.353,88.0,9,-9,0.989,0.011,23,27,24,27,2,1,,,,,1.44,0.51,-0.51,,,,,,
ST,2025-03-11,81.0,-2.62,6.18,"Sasaki, Roki",686823,808963,,ball,,,,,11.0,,S,L,R,LAD,CLE,B,,,0,0,2025,0.56,0.26,-1.3208372161285955,2.8545318490730662,,,700932.0,1,4,Top,,,,,,,1.7844012885242877,-118.01895441975606,-1.0803106816640335,4.899268608391584,23.14078275996932,-29.72813303252104,3.156815945,1.593159449,,,,81.8,1878.0,6.9,778852,669257,623520,808975,656308,621035,571771,681624,592696,53.64,,,,,,,,40,1,Sweeper,9,0,0,9,0,9,0,9,Standard,Standard,55.0,0.0,0.035,,,,,-0.035,,9,-9,0.989,0.011,23,27,24,27,2,1,,,,,3.21,-0.56,0.56,,,,,,
FF,2025-03-11,95.6,-2.57,6.27,"Sasaki, Roki",672356,808963,field_out,hit_into_play,,,,,5.0,Gabriel Arias lines out sharply to right fielder Eddie Rosario.,S,R,R,LAD,CLE,X,9.0,line_drive,0,0,2025,-0.94,1.07,0.0375625792930641,2.44055777161165,,,700932.0,0,4,Top,180.22,99.62,,,,,9.042586838980446,-138.79942571982872,-6.762868636921439,-14.127509394187108,30.26768757662208,-16.94891651185944,3.241945538,1.636122047,282.0,109.5,14.0,96.8,2072.0,7.0,778852,669257,623520,808975,656308,621035,571771,681624,592696,53.49,,,0.0,,0.0,0.0,6.0,39,1,4-Seam Fastball,9,0,0,9,0,9,0,9,Standard,Standard,229.0,0.004,-0.242,,,,,0.242,109.5,9,-9,0.985,0.015,23,25,24,25,2,1,,,,,1.43,0.94,0.94,,,,,,
FF,2025-03-11,95.5,-2.62,6.03,"Sasaki, Roki",700932,808963,walk,ball,,,,,13.0,Kyle Manzardo walks.,S,L,R,LAD,CLE,B,,,3,1,2025,-1.12,0.97,-1.1342045290198994,1.965066836859686,,,,0,4,Top,,,,,,,6.478037948059547,-138.83854028860782,-7.097809499568652,-15.940388784053503,31.489144819231125,-18.210657401632425,3.187532808,1.608661417,,,,96.3,2045.0,6.8,778852,669257,623520,808975,656308,621035,571771,681624,592696,53.66,,,0.7,,0.0,0.0,,38,5,4-Seam Fastball,9,0,0,9,0,9,0,9,Standard,Standard,230.0,-0.003,0.262,,,,,-0.262,,9,-9,0.988,0.012,23,24,24,25,2,1,,,,,1.54,1.12,-1.12,,,,,,
FF,2025-03-11,96.3,-2.62,6.07,"Sasaki, Roki",700932,808963,,called_strike,,,,,4.0,,S,L,R,LAD,CLE,S,,,3,0,2025,-1.07,1.05,-0.6430250709272138,2.4043521262701804,,,,0,4,Top,,,,,,,7.749183090356415,-140.01945227728197,-6.440267488900729,-15.819068608035206,29.812510339366163,-17.135826514981,3.187532808,1.608661417,,,,97.8,2076.0,7.0,778852,669257,623520,808975,656308,621035,571771,681624,592696,53.47,,,,,,,,38,4,4-Seam Fastball,9,0,0,9,0,9,0,9,Standard,Standard,228.0,0.001,-0.09,,,,,0.09,,9,-9,0.987,0.013,23,24,24,25,2,1,,,,,1.4,1.07,-1.07,,,,,,
FF,2025-03-11,95.6,-2.67,6.17,"Sasaki, Roki",700932,808963,,ball,,,,,11.0,,S,L,R,LAD,CLE,B,,,2,0,2025,-1.08,0.97,-1.215736344132844,2.7329283496894305,,,,0,4,Top,,,,,,,6.314298421372283,-139.0902309244795,-5.524227371400281,-15.396982206380493,28.56854989173452,-18.563848439634807,3.187532808,1.608661417,,,,96.8,1994.0,6.8,778852,669257,623520,808975,656308,621035,571771,681624,592696,53.7,,,,,,,,38,3,4-Seam Fastball,9,0,0,9,0,9,0,9,Standard,Standard,234.0,-0.001,0.152,,,,,-0.152,,9,-9,0.988,0.012,23,24,24,25,2,1,,,,,1.51,1.08,-1.08,,,,,,
ST,2025-03-11,81.7,-2.69,6.07,"Sasaki, Roki",700932,808963,,ball,,,,,11.0,,S,L,R,LAD,CLE,B,,,1,0,2025,0.59,-0.11,-1.2636001104045929,3.83314462260228,,,,0,4,Top,,,,,,,2.039470868723121,-118.98973606206958,1.9224251538346169,5.294496660108583,21.77028950867183,-33.77232172586435,3.187532808,1.608661417,,,,82.9,1952.0,6.9,778852,669257,623520,808975,656308,621035,571771,681624,592696,53.56,,,,,,,,38,2,Sweeper,9,0,0,9,0,9,0,9,Standard,Standard,48.0,-0.002,0.077,,,,,-0.077,,9,-9,0.99,0.01,23,24,24,25,2,1,,,,,3.5,-0.59,0.59,,,,,,
FF,2025-03-11,96.2,-2.59,6.27,"Sasaki, Roki",700932,808963,,ball,,,,,11.0,,S,L,R,LAD,CLE,B,,,0,0,2025,-1.06,1.06,-1.9212038694531333,3.293141750590061,,,,0,4,Top,,,,,,,4.228782974274085,-140.05009795512467,-4.6298450135589615,-14.868117970601688,29.917027158561638,-17.32507450935294,3.187532808,1.608661417,,,,97.3,1949.0,6.8,778852,669257,623520,808975,656308,621035,571771,681624,592696,53.74,,,,,,,,38,1,4-Seam Fastball,9,0,0,9,0,9,0,9,Standard,Standard,225.0,0.0,0.041,,,,,-0.041,,9,-9,0.99,0.01,23,24,24,25,2,1,,,,,1.39,1.06,-1.06,,,,,,
FO,2025-03-11,85.9,-2.53,6.1,"Sasaki, Roki",671289,808963,strikeout,called_strike,,,,,7.0,Tyler Freeman called out on strikes.,S,R,R,LAD,CLE,S,2.0,,1,2,2025,0.1,-0.51,-0.3315189467287556,1.5909535174051896,,,682177.0,2,3,Top,,,,,,,5.026771022838699,-125.00598817830767,-3.0873541126595634,-0.1328197831531193,28.183859959976587,-36.9909491314592,3.150672572,1.590059055,,,,87.0,576.0,7.2,778852,669257,518692,669242,571970,621035,571771,681624,606192,53.27,,,0.0,,0.0,0.0,,30,4,Forkball,8,0,0,8,0,8,0,8,Strategic,Standard,348.0,0.003,-0.183,,,,,0.183,,8,-8,0.982,0.018,23,26,24,26,2,1,,,,,3.63,-0.1,-0.1,,,,,,
FO,2025-03-11,84.8,-2.49,6.13,"Sasaki, Roki",671289,808963,,swinging_strike,,,,,14.0,,S,R,R,LAD,CLE,S,,,1,1,2025,0.69,-0.44,1.1354366631585435,1.29815219110242,,,682177.0,2,3,Top,,,,,,,7.060669078705561,-123.20092170733126,-3.7319862315481434,5.32244531146554,28.00931553547721,-35.97339470529321,3.150672572,1.590059055,,,,85.4,963.0,7.1,778852,669257,518692,669242,571970,621035,571771,681624,606192,53.42,,,,,,,,30,3,Forkball,8,0,0,8,0,8,0,8,Standard,Standard,16.0,0.001,-0.073,,,,,0.073,,8,-8,0.981,0.019,23,26,24,26,2,1,,,,,3.66,-0.69,-0.69,,,,,,
FO,2025-03-11,85.0,-2.44,6.16,"Sasaki, Roki",671289,808963,,blocked_ball,,,,,14.0,,S,R,R,LAD,CLE,B,,,0,1,2025,0.06,-0.18,1.0919742263000305,-0.015909147605658,,,682177.0,2,3,Top,,,,,,,8.185723461489342,-123.46165463244444,-7.569898928917937,-1.0005826499893553,24.91257009207184,-32.63772357668566,3.150672572,1.590059055,,,,86.4,881.0,7.3,778852,669257,518692,669242,571970,621035,571771,681624,606192,53.17,,,,,,,,30,2,Forkball,8,0,0,8,0,8,0,8,Strategic,Standard,1.0,-0.001,0.027,,,,,-0.027,,8,-8,0.982,0.018,23,26,24,26,2,1,,,,,3.35,-0.06,-0.06,,,,,,
FF,2025-03-11,96.2,-2.48,6.22,"Sasaki, Roki",671289,808963,,called_strike,,,,,14.0,,S,R,R,LAD,CLE,S,,,0,0,2025,-0.92,1.1,0.9813795463198868,2.2360665462858087,,,682177.0,2,3,Top,,,,,,,11.332747862892202,-139.5240253201676,-7.341397064082153,-14.575010762025803,31.01698083167711,-16.253823433835557,3.150672572,1.590059055,,,,97.3,2025.0,7.1,778852,669257,518692,669242,571970,621035,571771,681624,606192,53.41,,,,,,,,30,1,4-Seam Fastball,8,0,0,8,0,8,0,8,Standard,Standard,229.0,0.001,-0.042,,,,,0.042,,8,-8,0.981,0.019,23,26,24,26,2,1,,,,,1.38,0.92,0.92,,,,,,
FO,2025-03-11,86.1,-2.55,6.01,"Sasaki, Roki",682177,808963,walk,blocked_ball,,,,,13.0,Daniel Schneemann walks.,S,L,R,LAD,CLE,B,,,3,2,2025,0.38,-0.31,-0.2665937089444535,0.1143401384393096,,,,2,3,Top,,,,,,,4.6364422137865375,-125.10435809141916,-6.824267318688575,2.9327798316851954,27.34276853915211,-34.182002669772686,3.19718668,1.613533465,,,,87.0,479.0,7.1,778852,669257,518692,669242,571970,621035,571771,681624,606192,53.37,,,0.7,,0.0,0.0,,29,6,Forkball,8,0,0,8,0,8,0,8,Infield shade,Standard,345.0,-0.003,0.259,,,,,-0.259,,8,-8,0.984,0.016,23,28,24,28,2,1,,,,,3.42,-0.38,0.38,,,,,,
FF,2025-03-11,97.0,-2.65,6.06,"Sasaki, Roki",682177,808963,,foul,,,,,5.0,,S,L,R,LAD,CLE,S,,,3,1,2025,-0.75,0.94,0.0126618578091223,2.1443974406572397,,,,2,3,Top,,,,,,,8.896453809405095,-140.91732306434005,-6.936850713441848,-12.120395377484307,32.984325230163435,-18.175811231646783,3.19718668,1.613533465,328.0,93.8,33.0,98.0,1975.0,7.0,778852,669257,518692,669242,571970,621035,571771,681624,606192,53.49,,,,,,,,29,5,4-Seam Fastball,8,0,0,8,0,8,0,8,Infield shade,Standard,229.0,0.001,-0.086,,,,,0.086,93.8,8,-8,0.983,0.017,23,28,24,28,2,1,,,,,1.49,0.75,-0.75,,,,,,
FF,2025-03-11,97.0,-2.67,6.14,"Sasaki, Roki",682177,808963,,ball,,,,,14.0,,S,L,R,LAD,CLE,B,,,2,1,2025,-0.74,1.1,1.4737265280131109,1.8218743879703991,,,,2,3,Top,,,,,,,12.75754055814608,-140.42285514387427,-8.313119897229193,-12.785992627451389,34.11223493777445,-15.754400506392123,3.19718668,1.613533465,,,,97.5,2010.0,7.0,778852,669257,518692,669242,571970,621035,571771,681624,606192,53.48,,,,,,,,29,4,4-Seam Fastball,8,0,0,8,0,8,0,8,Infield shade,Standard,240.0,-0.001,0.117,,,,,-0.117,,8,-8,0.984,0.016,23,28,24,28,2,1,,,,,1.36,0.74,-0.74,,,,,,
FO,2025-03-11,84.9,-2.52,6.21,"Sasaki, Roki",682177,808963,,ball,,,,,13.0,,S,L,R,LAD,CLE,B,,,1,1,2025,-0.71,-0.37,-1.4067542467804373,2.214464523476408,,,,2,3,Top,,,,,,,4.084538481855145,-123.51998425350854,-1.975431932759612,-8.146297872685398,27.367269506913548,-35.70667917367198,3.19718668,1.613533465,,,,85.8,495.0,7.1,778852,669257,518692,669242,571970,621035,571771,681624,606192,53.37,,,,,,,,29,3,Forkball,8,0,0,8,0,8,0,8,Infield shade,Standard,316.0,0.0,0.053,,,,,-0.053,,8,-8,0.984,0.016,23,28,24,28,2,1,,,,,3.56,0.71,-0.71,,,,,,
FO,2025-03-11,84.9,-2.66,6.15,"Sasaki, Roki",682177,808963,,ball,,,,,13.0,,S,L,R,LAD,CLE,B,,,0,1,2025,0.13,-0.27,-0.7549403362542841,1.0275068216412966,,,,2,3,Top,,,,,,,4.193873656547914,-123.3319668528163,-4.74069209093091,0.3177282673511977,30.02583780286702,-33.9758317037681,3.19718668,1.613533465,,,,85.4,466.0,7.2,778852,669257,518692,669242,571970,621035,571771,681624,606192,53.26,,,,,,,,29,2,Forkball,8,0,0,8,0,8,0,8,Infield shade,Standard,342.0,0.0,0.027,,,,,-0.027,,8,-8,0.984,0.016,23,28,24,28,2,1,,,,,3.5,-0.13,0.13,,,,,,
ST,2025-03-11,82.4,-2.62,6.18,"Sasaki, Roki",682177,808963,,called_strike,,,,,2.0,,S,L,R,LAD,CLE,S,,,0,0,2025,0.62,0.2,-0.1615075888468925,2.7677876260452696,,,,2,3,Top,,,,,,,4.331548357059016,-119.9543148714328,-1.3260402018834805,5.009755693091783,26.152098089936032,-30.23003416229761,3.19718668,1.613533465,,,,82.9,1745.0,6.9,778852,669257,518692,669242,571970,621035,571771,681624,606192,53.61,,,,,,,,29,1,Sweeper,8,0,0,8,0,8,0,8,Infield shade,Standard,41.0,0.0,-0.043,,,,,0.043,,8,-8,0.984,0.016,23,28,24,28,2,1,,,,,3.19,-0.62,0.62,,,,,,
FF,2025-03-11,97.3,-2.54,6.17,"Sasaki, Roki",675455,808963,field_out,hit_into_play,,,,,5.0,Milan Tolentino lines out sharply to center fielder Andy Pages.,S,L,R,LAD,CLE,X,8.0,line_drive,0,1,2025,-1.09,1.16,-0.090188945977865,2.558601339967652,,,,1,3,Top,107.17,80.29,,,,,9.139547242051666,-141.2643219177541,-6.653032660836977,-16.787496692299474,34.0600679020219,-15.30703408859812,3.169980315,1.59980315,300.0,106.5,14.0,98.1,2199.0,7.0,778852,669257,518692,669242,571970,621035,571771,681624,606192,53.48,,,0.0,,0.0,0.0,5.0,28,2,4-Seam Fastball,8,0,0,8,0,8,0,8,Standard,Standard,228.0,0.003,-0.215,,,,,0.215,106.5,8,-8,0.981,0.019,23,23,24,24,1,0,,,,,1.27,1.09,-1.09,,,,,,
FF,2025-03-11,97.3,-2.73,6.11,"Sasaki, Roki",675455,808963,,called_strike,,,,,7.0,,S,L,R,LAD,CLE,S,,,0,0,2025,-1.01,1.18,-0.7924752048264538,1.996114476903608,,,,1,3,Top,,,,,,,7.586399406166208,-141.33769171059612,-8.084964222127113,-15.331265363818863,33.185411088738974,-14.691799381898464,3.169980315,1.59980315,,,,98.3,2072.0,7.0,778852,669257,518692,669242,571970,621035,571771,681624,606192,53.47,,,,,,,,28,1,4-Seam Fastball,8,0,0,8,0,8,0,8,Standard,Standard,228.0,0.0,-0.039,,,,,0.039,,8,-8,0.981,0.019,23,23,24,24,1,0,,,,,1.24,1.01,-1.01,,,,,,
FF,2025-03-11,96.2,-2.56,6.1,"Sasaki, Roki",671286,808963,field_out,hit_into_play,,,,,6.0,Johnathan Rodríguez grounds out to pitcher Roki Sasaki.,S,R,R,LAD,CLE,X,1.0,ground_ball,0,0,2025,-0.93,1.03,0.7127335546855145,2.23209575925346,,,,0,3,Top,134.24,179.38,,,,,10.860720414751684,-139.5777070985973,-6.883639893222566,-14.5840491088705,30.50417916732105,-17.316498921846225,3.27792815,1.654281496,2.0,64.5,-46.0,97.6,1887.0,7.2,778852,669257,518692,669242,571970,621035,571771,681624,606192,53.33,,,0.0,,0.0,0.0,2.0,27,1,4-Seam Fastball,8,0,0,8,0,8,0,8,Standard,Standard,232.0,0.005,-0.259,,,,,0.259,88.0,8,-8,0.976,0.024,23,25,24,26,1,0,,,,,1.44,0.93,0.93,,,,,,
FF,2025-03-11,96.5,-2.52,6.2,"Sasaki, Roki",682657,808963,field_out,hit_into_play,,,,,2.0,"Angel Martínez grounds out, second baseman Tommy Edman to first baseman Freddie Freeman.",S,L,R,LAD,CLE,X,4.0,ground_ball,0,0,2025,-0.83,1.27,-0.1613017784719256,3.0108192471576927,,,672356.0,2,2,Top,145.84,155.66,,,,,8.209391491656916,-140.1403579068624,-5.650344781568423,-12.865512498481722,34.70773320018681,-14.370631997566887,3.177878937,1.60378937,4.0,93.8,-34.0,97.3,2128.0,7.1,778852,669257,518692,669242,571970,500743,571771,681624,606192,53.45,,,0.0,,0.0,0.0,2.0,19,1,4-Seam Fastball,6,0,0,6,0,6,0,6,Infield shade,Standard,229.0,0.009,-0.271,,,,,0.271,93.8,6,-6,0.939,0.061,23,23,24,23,1,0,,,,,1.21,0.83,-0.83,,,,,,
FF,2025-03-11,96.6,-2.46,6.05,"Sasaki, Roki",595978,808963,field_out,hit_into_play,,,,,9.0,Austin Hedges flies out to right fielder Teoscar Hernández.,S,R,R,LAD,CLE,X,9.0,fly_ball,0,0,2025,-1.08,0.88,0.3215264903122916,2.086390644579026,,,672356.0,1,2,Top,173.17,101.5,,,,,9.95242251107966,-140.0478208600901,-6.780192339953276,-16.597403734864848,35.87004978639677,-19.163197786026704,3.206840551,1.618405512,,96.4,39.0,,2006.0,7.2,778852,669257,518692,669242,571970,500743,571771,681624,606192,53.34,,,0.0,,0.0,0.0,3.0,18,1,4-Seam Fastball,6,0,0,6,0,6,0,6,Standard,Standard,230.0,0.013,-0.256,,,,,0.256,96.4,6,-6,0.926,0.074,23,32,24,33,1,0,,,,,1.61,1.08,1.08,,,,,,
FO,2025-03-11,84.3,-2.63,6.18,"Sasaki, Roki",686823,808963,strikeout,swinging_strike_blocked,,,,,13.0,Will Brennan strikes out swinging.,S,L,R,LAD,CLE,S,2.0,,2,2,2025,-0.21,-0.37,-0.9435612274613628,0.6395826094956951,,,672356.0,0,2,Top,,,,,,,4.350588138817511,-122.53182728689288,-5.460998276914706,-3.037973313291712,26.971770435552543,-34.8938172533198,3.156815945,1.593159449,,,,85.2,520.0,7.2,778852,669257,518692,669242,571970,500743,571771,681624,606192,53.33,,,0.0,,0.0,0.0,,17,5,Forkball,6,0,0,6,0,6,0,6,Infield shade,Standard,350.0,0.014,-0.201,,,,,0.201,,6,-6,0.912,0.088,23,27,24,27,1,0,,,,,3.61,0.21,-0.21,,,,,,
FF,2025-03-11,97.0,-2.5,6.2,"Sasaki, Roki",686823,808963,,ball,,,,,12.0,,S,L,R,LAD,CLE,B,,,1,2,2025,-0.71,0.95,1.1466986842891609,3.325050226648744,,,672356.0,0,2,Top,,,,,,,11.416398129026476,-140.7540219016039,-4.129977013040308,-12.245159638117569,34.735714087749855,-18.782447208737167,3.156815945,1.593159449,,,,97.6,1902.0,7.0,778852,669257,518692,669242,571970,500743,571771,681624,606192,53.5,,,,,,,,17,4,4-Seam Fastball,6,0,0,6,0,6,0,6,Infield shade,Standard,231.0,-0.002,0.036,,,,,-0.036,,6,-6,0.914,0.086,23,27,24,27,1,0,,,,,1.5,0.71,-0.71,,,,,,
FO,2025-03-11,84.5,-2.58,6.17,"Sasaki, Roki",686823,808963,,swinging_strike_blocked,,,,,14.0,,S,L,R,LAD,CLE,S,,,1,1,2025,0.17,-0.29,0.7683462095744709,0.2003261224573091,,,672356.0,0,2,Top,,,,,,,7.450360275328049,-122.74277342996486,-6.681843108436572,0.1135562515863655,25.67136518236965,-33.92667128098536,3.156815945,1.593159449,,,,85.3,507.0,7.0,778852,669257,518692,669242,571970,500743,571771,681624,606192,53.45,,,,,,,,17,3,Forkball,6,0,0,6,0,6,0,6,Infield shade,Standard,347.0,0.004,-0.07,,,,,0.07,,6,-6,0.91,0.09,23,27,24,27,1,0,,,,,3.51,-0.17,0.17,,,,,,
FF,2025-03-11,96.8,-2.7,6.13,"Sasaki, Roki",686823,808963,,ball,,,,,8.0,,S,L,R,LAD,CLE,B,,,0,1,2025,-0.9,1.19,0.2173384139128943,1.4900872973720338,,,672356.0,0,2,Top,,,,,,,9.873911860078378,-140.42093339626916,-9.423312323887084,-14.096339538332415,30.594323494972,-14.438073891308353,3.156815945,1.593159449,,,,97.9,2121.0,7.0,778852,669257,518692,669242,571970,500743,571771,681624,606192,53.5,,,,,,,,17,2,4-Seam Fastball,6,0,0,6,0,6,0,6,Standard,Standard,229.0,-0.002,0.034,,,,,-0.034,,6,-6,0.912,0.088,23,27,24,27,1,0,,,,,1.25,0.9,-0.9,,,,,,
FF,2025-03-11,94.4,-2.46,6.24,"Sasaki, Roki",686823,808963,,foul,,,,,7.0,,S,L,R,LAD,CLE,S,,,0,0,2025,-0.91,1.02,-0.4673088344602163,2.0662322333555085,,,672356.0,0,2,Top,,,,,,,7.26423421337867,-137.25318945521718,-7.381705064602031,-12.981548023471156,27.51235170672933,-17.83332497172445,3.156815945,1.593159449,26.0,20.3,48.0,95.9,1976.0,7.0,778852,669257,518692,669242,571970,500743,571771,681624,606192,53.49,,,,,,,,17,1,4-Seam Fastball,6,0,0,6,0,6,0,6,Standard,Standard,231.0,0.003,-0.043,,,,,0.043,88.0,6,-6,0.909,0.091,23,27,24,27,1,0,,,,,1.52,0.91,-0.91,,,,,,
FO,2025-03-11,84.1,-2.57,6.26,"Sasaki, Roki",672356,808963,single,hit_into_play,,,,,9.0,Gabriel Arias singles on a fly ball to right fielder Teoscar Hernández.,S,R,R,LAD,CLE,X,9.0,fly_ball,1,1,2025,0.33,-0.02,0.5526265445724291,1.7563079567132949,,,,0,2,Top,163.66,127.79,,,,,6.5707925781185725,-122.31418508120537,-3.7798321803166095,2.005983177609639,24.42563382459061,-31.867547227450856,3.241945538,1.636122047,203.0,67.6,28.0,85.3,490.0,7.1,778852,669257,518692,669242,571970,500743,571771,681624,606192,53.36,,,0.9,,1.0,0.0,4.0,16,3,Forkball,6,0,0,6,0,6,0,6,Standard,Standard,336.0,-0.018,0.447,,,,,-0.447,88.0,6,-6,0.927,0.073,23,25,24,25,1,0,,,,,3.25,-0.33,-0.33,,,,,,
FO,2025-03-11,84.9,-2.47,6.21,"Sasaki, Roki",672356,808963,,ball,,,,,11.0,,S,R,R,LAD,CLE,B,,,0,1,2025,-0.46,-0.72,-1.674653800879407,2.704490158877048,,,,0,2,Top,,,,,,,2.809170213342619,-123.56523578245272,-0.1657460527003056,-5.334720233469269,25.91869273097805,-39.66608614059459,3.241945538,1.636122047,,,,85.7,431.0,6.9,778852,669257,518692,669242,571970,500743,571771,681624,606192,53.58,,,,,,,,16,2,Forkball,6,0,0,6,0,6,0,6,Standard,Standard,322.0,-0.002,0.031,,,,,-0.031,,6,-6,0.929,0.071,23,25,24,25,1,0,,,,,3.89,0.46,0.46,,,,,,
FF,2025-03-11,96.2,-2.65,6.25,"Sasaki, Roki",672356,808963,,foul,,,,,13.0,,S,R,R,LAD,CLE,S,,,0,0,2025,-1.14,0.93,-0.9016348605070392,1.7539289193827052,,,,0,2,Top,,,,,,,7.273794330432757,-139.76480315820123,-8.334379828797015,-16.57762753324291,29.72725072543803,-18.27609711903568,3.241945538,1.636122047,,,,97.4,1883.0,6.9,778852,669257,518692,669242,571970,500743,571771,681624,606192,53.59,,,,,,,,16,1,4-Seam Fastball,6,0,0,6,0,6,0,6,Strategic,Standard,229.0,0.002,-0.039,,,,,0.039,,6,-6,0.927,0.073,23,25,24,25,1,0,,,,,1.53,1.14,1.14,,,,,,
FF,2025-03-11,96.4,-2.59,6.17,"Sasaki, Roki",700932,808963,field_out,hit_into_play,,,,,7.0,"Kyle Manzardo grounds out, second baseman Tommy Edman to first baseman Freddie Freeman.",S,L,R,LAD,CLE,X,4.0,ground_ball,2,1,2025,-1.03,0.8,-0.6792316225484634,1.935591906778366,,,,2,1,Top,140.78,148.07,,,,,7.472195842632675,-139.99347319459096,-7.294558886094867,-15.25140751819841,32.86021733370166,-20.15672267092788,3.187532808,1.608661417,31.0,92.9,-2.0,97.1,2038.0,6.9,778852,669257,518692,669242,571970,500743,571771,681624,606192,53.6,,,0.0,,0.0,0.0,2.0,3,4,4-Seam Fastball,0,0,0,0,0,0,0,0,Infield shade,Standard,228.0,0.011,-0.296,,,,,0.296,92.9,0,0,0.537,0.463,23,24,24,25,1,0,,,,,1.67,1.03,-1.03,,,,,,
FF,2025-03-11,96.9,-2.65,6.09,"Sasaki, Roki",700932,808963,,foul,,,,,14.0,,S,L,R,LAD,CLE,S,,,2,0,2025,-0.89,1.17,0.3231351599697881,1.3045437667161282,,,,2,1,Top,,,,,,,10.00864699249237,-140.45118036983106,-9.798742405696135,-14.002684366898878,31.03308745132701,-14.508992075370184,3.187532808,1.608661417,0.0,31.6,-71.0,98.0,2051.0,7.1,778852,669257,518692,669242,571970,500743,571771,681624,606192,53.45,,,,,,,,3,3,4-Seam Fastball,0,0,0,0,0,0,0,0,Infield shade,Standard,229.0,0.003,-0.066,,,,,0.066,88.0,0,0,0.534,0.466,23,24,24,25,1,0,,,,,1.27,0.89,-0.89,,,,,,
FF,2025-03-11,95.6,-2.57,6.18,"Sasaki, Roki",700932,808963,,ball,,,,,12.0,,S,L,R,LAD,CLE,B,,,1,0,2025,-0.8,1.22,0.1121234632953309,3.799559862080749,,,,2,1,Top,,,,,,,8.872210138585974,-138.94679417044222,-3.2550112578081376,-12.341436224956018,32.000006738879854,-15.897912077693196,3.187532808,1.608661417,,,,96.3,2067.0,6.8,778852,669257,518692,669242,571970,500743,571771,681624,606192,53.68,,,,,,,,3,2,4-Seam Fastball,0,0,0,0,0,0,0,0,Infield shade,Standard,228.0,-0.003,0.065,,,,,-0.065,,0,0,0.537,0.463,23,24,24,25,1,0,,,,,1.29,0.8,-0.8,,,,,,
FF,2025-03-11,96.5,-2.64,6.19,"Sasaki, Roki",700932,808963,,ball,,,,,1.0,,S,L,R,LAD,CLE,B,,,0,0,2025,-1.01,1.13,-0.8216872542389604,2.8971146966366312,,,,2,1,Top,,,,,,,7.187528886269331,-140.2950969452397,-5.672443168002455,-14.967925245442654,30.936388885627803,-16.12828795457443,3.187532808,1.608661417,,,,97.7,2017.0,6.9,778852,669257,518692,669242,571970,500743,571771,681624,606192,53.56,,,,,,,,3,1,4-Seam Fastball,0,0,0,0,0,0,0,0,Infield shade,Standard,229.0,-0.001,0.037,,,,,-0.037,,0,0,0.538,0.462,23,24,24,25,1,0,,,,,1.32,1.01,-1.01,,,,,,
FF,2025-03-11,96.7,-2.59,6.19,"Sasaki, Roki",671289,808963,field_out,hit_into_play,,,,,5.0,Tyler Freeman flies out to center fielder Andy Pages.,S,R,R,LAD,CLE,X,8.0,fly_ball,2,0,2025,-0.82,1.08,0.1418590379708473,2.1704934051593785,,,,1,1,Top,117.49,98.46,,,,,9.189114588686593,-140.3733246305176,-7.488055911047729,-12.947931002414718,32.822340527466,-16.265222776240826,3.150672572,1.590059055,,86.3,37.0,,1941.0,7.0,778852,669257,518692,669242,571970,500743,571771,681624,606192,53.45,,,0.0,,0.0,0.0,3.0,2,3,4-Seam Fastball,0,0,0,0,0,0,0,0,Strategic,Standard,230.0,0.023,-0.364,,,,,0.364,88.0,0,0,0.515,0.485,23,26,24,26,1,0,,,,,1.37,0.82,0.82,,,,,,
FF,2025-03-11,95.2,-2.65,6.21,"Sasaki, Roki",671289,808963,,ball,,,,,12.0,,S,R,R,LAD,CLE,B,,,1,0,2025,-0.88,1.11,1.93395590364688,3.233353951973141,,,,1,1,Top,,,,,,,14.03564256176438,-137.82328211761748,-4.457580901840173,-14.47515271737386,32.30227298546661,-17.16679998091573,3.150672572,1.590059055,,,,95.9,2014.0,7.1,778852,669257,518692,669242,571970,500743,571771,681624,606192,53.38,,,,,,,,2,2,4-Seam Fastball,0,0,0,0,0,0,0,0,Standard,Standard,226.0,-0.005,0.071,,,,,-0.071,,0,0,0.52,0.48,23,26,24,26,1,0,,,,,1.44,0.88,0.88,,,,,,
FF,2025-03-11,97.4,-2.57,6.15,"Sasaki, Roki",671289,808963,,ball,,,,,14.0,,S,R,R,LAD,CLE,B,,,0,0,2025,-1.07,0.98,0.968084502109862,2.073297488554668,,,,1,1,Top,,,,,,,11.996119000758087,-141.11720231436146,-7.5053599187200914,-17.07335773792881,32.82386116868028,-17.47901746416104,3.150672572,1.590059055,,,,98.2,2089.0,7.0,778852,669257,518692,669242,571970,500743,571771,681624,606192,53.45,,,,,,,,2,1,4-Seam Fastball,0,0,0,0,0,0,0,0,Standard,Standard,232.0,-0.002,0.039,,,,,-0.039,,0,0,0.522,0.478,23,26,24,26,1,0,,,,,1.45,1.07,1.07,,,,,,
FF,2025-03-11,96.6,-2.59,6.19,"Sasaki, Roki",682177,808963,field_out,hit_into_play,,,,,5.0,"Daniel Schneemann grounds out, first baseman Freddie Freeman to pitcher Roki Sasaki.",S,L,R,LAD,CLE,X,3.0,ground_ball,1,1,2025,-0.78,1.15,0.1545849193961437,2.244911169235178,,,,0,1,Top,153.43,163.26,,,,,9.11236928763838,-140.22358769240356,-7.432489752353842,-12.383194160656425,32.11476886934905,-15.446108870331036,3.19718668,1.613533465,9.0,97.3,-15.0,97.5,2064.0,7.0,778852,669257,518692,669242,571970,500743,571771,681624,606192,53.54,,,0.0,,0.0,0.0,2.0,1,3,4-Seam Fastball,0,0,0,0,0,0,0,0,Standard,Standard,226.0,0.021,-0.251,,,,,0.251,97.3,0,0,0.501,0.499,23,28,24,28,1,0,,,,,1.31,0.78,-0.78,,,,,,
FO,2025-03-11,83.5,-2.57,6.22,"Sasaki, Roki",682177,808963,,ball,,,,,11.0,,S,L,R,LAD,CLE,B,,,0,1,2025,-0.14,-0.08,-1.9072566242783824,3.362558402606179,,,,0,1,Top,,,,,,,1.810381886890445,-121.58956260050788,0.3010873821539139,-1.7842147190015711,26.81784688105028,-33.27374953737571,3.19718668,1.613533465,,,,84.2,524.0,7.0,778852,669257,518692,669242,571970,500743,571771,681624,606192,53.5,,,,,,,,1,2,Forkball,0,0,0,0,0,0,0,0,Standard,Standard,350.0,-0.002,0.031,,,,,-0.031,,0,0,0.503,0.497,23,28,24,28,1,0,,,,,3.38,0.14,-0.14,,,,,,
FF,2025-03-11,96.6,-2.58,6.18,"Sasaki, Roki",682177,808963,,foul,,,,,8.0,,S,L,R,LAD,CLE,S,,,0,0,2025,-1.15,0.87,-0.1468206908350382,1.9161868445782024,,,,0,1,Top,,,,,,,9.155505015053462,-140.3095138551863,-7.693033062598202,-17.110254114857177,27.287374220228763,-19.21917158963032,3.19718668,1.613533465,,,,98.2,1911.0,7.0,778852,669257,518692,669242,571970,500743,571771,681624,606192,53.53,,,,,,,,1,1,4-Seam Fastball,0,0,0,0,0,0,0,0,Standard,Standard,228.0,0.003,-0.039,,,,,0.039,,0,0,0.5,0.5,23,28,24,28,1,0,,,,,1.56,1.15,-1.15,,,,,,
FO,2025-03-04,85.6,-2.6,6.2,"Sasaki, Roki",699115,808963,strikeout,swinging_strike,,,,,13.0,Carlos Jorge strikes out swinging.,S,L,R,LAD,CIN,S,2.0,,2,2,2025,-0.06,-0.58,-0.5137984940711035,0.996589952278912,,,,2,7,Top,,,,,,,5.0680451170993965,-124.44245022477304,-4.4758738929327055,-1.8189560260236872,28.88565603336807,-37.32039002625057,3.068175853,1.548425197,,,,86.3,584.0,7.1,778857,676439,674976,702789,682210,690976,804588,691949,683006,53.37,,,0.0,,0.0,0.0,,53,6,Forkball,1,2,2,1,2,1,2,1,Infield shade,Standard,345.0,0.011,-0.224,,,,,0.224,,-1,1,0.353,0.647,23,21,24,22,2,0,,,,,3.74,0.06,-0.06,,,,,,
FO,2025-03-04,86.4,-2.57,6.2,"Sasaki, Roki",699115,808963,,ball,,,,,13.0,,S,L,R,LAD,CIN,B,,,1,2,2025,0.46,-0.14,-0.264386407736694,-0.3855906285888784,,,,2,7,Top,,,,,,,4.508433527860423,-125.32035031119857,-8.779323655992304,3.6628631596315326,31.186236190297464,-31.66923938599443,3.068175853,1.548425197,,,,86.7,455.0,7.2,778857,676439,674976,702789,682210,690976,804588,691949,683006,53.32,,,,,,,,53,5,Forkball,1,2,2,1,2,1,2,1,Infield shade,Standard,320.0,-0.002,0.042,,,,,-0.042,,-1,1,0.355,0.645,23,21,24,22,2,0,,,,,3.27,-0.46,0.46,,,,,,
FF,2025-03-04,98.6,-2.65,6.18,"Sasaki, Roki",699115,808963,,ball,,,,,14.0,,S,L,R,LAD,CIN,B,,,0,2,2025,-1.1,1.04,0.6679211831817975,0.9671442466660862,,,,2,7,Top,,,,,,,11.602660303854355,-142.72897460116536,-10.941908465407137,-17.747252451744604,34.47114103892043,-15.379187615036544,3.068175853,1.548425197,,,,99.2,2129.0,7.0,778857,676439,674976,702789,682210,690976,804588,691949,683006,53.47,,,,,,,,53,4,4-Seam Fastball,1,2,2,1,2,1,2,1,Infield shade,Standard,226.0,-0.001,0.022,,,,,-0.022,,-1,1,0.356,0.644,23,21,24,22,2,0,,,,,1.34,1.1,-1.1,,,,,,
FF,2025-03-04,96.6,-2.63,6.18,"Sasaki, Roki",699115,808963,,foul,,,,,6.0,,S,L,R,LAD,CIN,S,,,0,2,2025,-0.94,1.14,0.6520680220829043,2.270377275869308,,,,2,7,Top,,,,,,,10.927103942683376,-140.16182990598688,-7.30070855864816,-14.906379614651096,32.134243943958026,-15.58487612907365,3.068175853,1.548425197,384.0,107.1,34.0,97.6,1968.0,7.0,778857,676439,674976,702789,682210,690976,804588,691949,683006,53.46,,,,,,,,53,3,4-Seam Fastball,1,2,2,1,2,1,2,1,Infield shade,Standard,234.0,0.0,0.0,,,,,0.0,107.1,-1,1,0.356,0.644,23,21,24,22,2,0,,,,,1.32,0.94,-0.94,,,,,,
FO,2025-03-04,84.5,-2.58,6.21,"Sasaki, Roki",699115,808963,,swinging_strike,,,,,13.0,,S,L,R,LAD,CIN,S,,,0,1,2025,-0.28,-0.64,-0.1947990707573706,1.0357928756733887,,,,2,7,Top,,,,,,,6.131318640631479,-122.87306562649243,-4.1215359112616,-4.12466394406933,25.973011175886924,-37.98350627477456,3.068175853,1.548425197,,,,85.3,600.0,7.0,778857,676439,674976,702789,682210,690976,804588,691949,683006,53.5,,,,,,,,53,2,Forkball,1,2,2,1,2,1,2,1,Infield shade,Standard,352.0,0.003,-0.057,,,,,0.057,,-1,1,0.353,0.647,23,21,24,22,2,0,,,,,3.86,0.28,-0.28,,,,,,
FF,2025-03-04,96.8,-2.64,6.22,"Sasaki, Roki",699115,808963,,called_strike,,,,,5.0,,S,L,R,LAD,CIN,S,,,0,0,2025,-0.98,1.09,0.0075820215088426,2.3022603337147687,,,,2,7,Top,,,,,,,9.314668023162517,-140.53965955947862,-7.246096858771971,-15.09780179521393,32.132569988908095,-16.151954884114414,3.068175853,1.548425197,,,,97.4,1982.0,6.8,778857,676439,674976,702789,682210,690976,804588,691949,683006,53.75,,,,,,,,53,1,4-Seam Fastball,1,2,2,1,2,1,2,1,Infield shade,Standard,233.0,0.002,-0.043,,,,,0.043,,-1,1,0.351,0.649,23,21,24,22,2,0,,,,,1.35,0.98,-0.98,,,,,,
FF,2025-03-04,96.0,-2.64,6.15,"Sasaki, Roki",699302,808963,field_out,hit_into_play,,,,,6.0,Hector Rodriguez grounds out to first baseman Griffin Lockwood-Powell.,S,L,R,LAD,CIN,X,3.0,ground_ball,0,0,2025,-0.88,1.05,0.3997130026262889,2.60193113463806,,,,1,7,Top,158.08,163.29,,,,,10.070016821627627,-139.34259234727796,-6.019749458110999,-13.751589605109675,32.82733438305964,-17.219478042200404,3.110301837,1.569685039,3.0,89.9,-38.0,96.7,1923.0,7.0,778857,676439,674976,702789,682210,690976,804588,691949,683006,53.55,,,0.0,,0.0,0.0,2.0,52,1,4-Seam Fastball,1,2,2,1,2,1,2,1,Standard,Standard,228.0,0.019,-0.254,,,,,0.254,89.9,-1,1,0.332,0.668,23,21,24,21,2,0,,,,,1.44,0.88,-0.88,,,,,,
FO,2025-03-04,85.0,-2.49,6.22,"Sasaki, Roki",642851,808963,strikeout,swinging_strike_blocked,,,,,13.0,Austin Wynns strikes out swinging.,S,R,R,LAD,CIN,S,2.0,,1,2,2025,-0.59,-0.61,-0.4931926761576788,0.4506779523028741,,,,0,7,Top,,,,,,,5.895063653535064,-123.58382982094714,-5.633329987053932,-7.292629552658329,27.191840064720594,-37.311245839360495,3.262130906,1.646309055,,,,85.5,403.0,6.9,778857,676439,674976,702789,682210,690976,804588,691949,683006,53.6,,,0.0,,0.0,0.0,,51,4,Forkball,1,2,2,1,2,1,2,1,Standard,Standard,307.0,0.017,-0.189,,,,,0.189,,-1,1,0.315,0.685,23,34,24,35,2,2,,,,,3.79,0.59,0.59,,,,,,
ST,2025-03-04,83.6,-2.67,6.2,"Sasaki, Roki",642851,808963,,called_strike,,,,,8.0,,S,R,R,LAD,CIN,S,,,1,1,2025,0.84,-0.1,-0.163556322264662,1.8604196052074604,,,,0,7,Top,,,,,,,4.056487653335526,-121.55708612138454,-3.0372523000371805,7.276670670005693,27.4149910763232,-32.68285407130585,3.262130906,1.646309055,,,,83.8,1828.0,6.8,778857,676439,674976,702789,682210,690976,804588,691949,683006,53.72,,,,,,,,51,3,Sweeper,1,2,2,1,2,1,2,1,Standard,Standard,39.0,0.006,-0.061,,,,,0.061,,-1,1,0.309,0.691,23,34,24,35,2,2,,,,,3.4,-0.84,-0.84,,,,,,
ST,2025-03-04,81.6,-2.5,6.18,"Sasaki, Roki",642851,808963,,ball,,,,,14.0,,S,R,R,LAD,CIN,B,,,0,1,2025,1.07,-0.34,1.8274381561259463,0.8631493393593597,,,,0,7,Top,,,,,,,7.55823435334963,-118.54914559608017,-4.319194713649893,8.20961154824384,26.741496115438647,-34.56519714447865,3.262130906,1.646309055,,,,81.6,1787.0,6.8,778857,676439,674976,702789,682210,690976,804588,691949,683006,53.71,,,,,,,,51,2,Sweeper,1,2,2,1,2,1,2,1,Standard,Standard,34.0,-0.003,0.031,,,,,-0.031,,-1,1,0.312,0.688,23,34,24,35,2,2,,,,,3.82,-1.07,-1.07,,,,,,
FF,2025-03-04,95.5,-2.5,6.18,"Sasaki, Roki",642851,808963,,called_strike,,,,,9.0,,S,R,R,LAD,CIN,S,,,0,0,2025,-0.72,1.19,0.3151587806596768,1.9667333834315304,,,,0,7,Top,,,,,,,9.058722157983372,-138.60823175748646,-7.958445109657902,-11.44319476930556,33.00396142541964,-15.17081565651859,3.262130906,1.646309055,,,,96.2,1763.0,7.0,778857,676439,674976,702789,682210,690976,804588,691949,683006,53.54,,,,,,,,51,1,4-Seam Fastball,1,2,2,1,2,1,2,1,Standard,Standard,231.0,0.004,-0.039,,,,,0.039,,-1,1,0.308,0.692,23,34,24,35,2,2,,,,,1.34,0.72,0.72,,,,,,
FF,2025-03-04,97.5,-2.46,6.18,"Sasaki, Roki",682622,808963,field_out,hit_into_play,,,,,5.0,Noelvi Marte pops out to first baseman Freddie Freeman in foul territory.,S,R,R,LAD,CIN,X,3.0,popup,1,1,2025,-0.87,1.19,-0.131697818253844,2.1957867399989843,682829.0,687952.0,,2,6,Top,171.8,172.45,,,,,8.329617831463214,-141.56452427253203,-7.769989476650829,-13.709220548510912,35.3833883205172,-14.482289926664365,3.298113517,1.664468504,133.0,86.0,65.0,98.3,2026.0,7.1,778857,676439,518692,669242,571970,690976,804588,691949,606192,53.43,,,0.0,,0.0,0.0,3.0,45,3,4-Seam Fastball,1,2,2,1,2,1,2,1,Standard,Standard,231.0,0.061,-0.271,,,,,0.271,88.0,-1,1,0.335,0.665,23,23,24,24,2,2,,,,,1.24,0.87,0.87,,,,,,
FO,2025-03-04,85.8,-2.51,6.13,"Sasaki, Roki",682622,808963,,ball,,,,,14.0,,S,R,R,LAD,CIN,B,,,0,1,2025,-0.49,-0.92,1.2387019323024853,-1.5177274135247054,,682829.0,687952.0,2,6,Top,,,,,,,9.872534802836071,-124.13628585453704,-9.462148549877863,-7.388334382806532,30.416382274470653,-39.3867223017468,3.298113517,1.664468504,,,,86.0,460.0,7.3,778857,676439,518692,669242,571970,690976,804588,691949,606192,53.23,,,,,,,,45,2,Forkball,1,2,2,1,2,1,2,1,Standard,Standard,308.0,-0.019,0.018,,,,,-0.018,,-1,1,0.354,0.646,23,23,24,24,2,2,,,,,4.11,0.49,0.49,,,,,,
FF,2025-03-04,98.1,-2.63,6.08,"Sasaki, Roki",682622,808963,,called_strike,,,,,6.0,,S,R,R,LAD,CIN,S,,,0,0,2025,-0.74,1.36,0.8181266724185552,2.4929327915561394,,682829.0,687952.0,2,6,Top,,,,,,,11.058303234837538,-142.25188717052075,-7.195173193023049,-12.724383563584002,36.15058942832166,-12.18848915670669,3.298113517,1.664468504,,,,98.6,2021.0,7.0,778857,676439,518692,669242,571970,690976,804588,691949,606192,53.48,,,,,,,,45,1,4-Seam Fastball,1,2,2,1,2,1,2,1,Standard,Standard,229.0,0.007,-0.047,,,,,0.047,,-1,1,0.347,0.653,23,23,24,24,2,2,,,,,1.05,0.74,0.74,,,,,,
FF,2025-03-04,97.7,-2.61,6.12,"Sasaki, Roki",687952,808963,walk,ball,,,,,14.0,Christian Encarnacion-Strand walks.,S,R,R,LAD,CIN,B,,,3,0,2025,-0.72,1.27,1.2408981137389847,2.065555757413597,,682829.0,,2,6,Top,,,,,,,12.089767473178734,-141.56575523334726,-8.183008003340746,-12.673221492001868,35.003691204002315,-13.308091014767452,3.234924541,1.63257874,,,,98.5,2091.0,7.2,778857,676439,518692,669242,571970,690976,804588,691949,606192,53.32,,,0.7,,0.0,0.0,,44,4,4-Seam Fastball,1,2,2,1,2,1,2,1,Standard,Standard,227.0,-0.004,0.034,,,,,-0.034,,-1,1,0.351,0.649,23,25,24,26,1,2,,,,,1.16,0.72,0.72,,,,,,
ST,2025-03-04,84.6,-2.62,5.94,"Sasaki, Roki",687952,808963,,ball,,,,,14.0,,S,R,R,LAD,CIN,B,,,2,0,2025,1.03,-0.25,2.435708405790663,-1.0190074446270434,,682829.0,,2,6,Top,,,,,,,9.627402750638456,-122.49433178216051,-8.937854903631719,7.858558425794389,29.427239066244333,-32.65769626537393,3.234924541,1.63257874,,,,84.6,1975.0,7.1,778857,676439,518692,669242,571970,690976,804588,691949,606192,53.44,,,,,,,,44,3,Sweeper,1,2,2,1,2,1,2,1,Infield shade,Standard,34.0,-0.003,0.041,,,,,-0.041,,-1,1,0.354,0.646,23,25,24,26,1,2,,,,,3.52,-1.03,-1.03,,,,,,
FF,2025-03-04,98.8,-2.67,6.14,"Sasaki, Roki",687952,808963,,ball,,,,,14.0,,S,R,R,LAD,CIN,B,,,1,0,2025,-0.88,1.39,1.1817562078846269,1.924753840523604,,682829.0,,2,6,Top,,,,,,,12.50439874920762,-142.93030970503386,-9.0633359576502,-15.141781025913623,36.88936445691729,-10.95440044335895,3.234924541,1.63257874,,,,98.9,2103.0,6.9,778857,676439,518692,669242,571970,690976,804588,691949,606192,53.58,,,,,,,,44,2,4-Seam Fastball,1,2,2,1,2,1,2,1,Infield shade,Standard,233.0,-0.002,0.028,,,,,-0.028,,-1,1,0.356,0.644,23,25,24,26,1,2,,,,,0.99,0.88,0.88,,,,,,
FO,2025-03-04,85.3,-2.64,6.12,"Sasaki, Roki",687952,808963,,ball,,,,,13.0,,S,R,R,LAD,CIN,B,,,0,0,2025,-0.36,-0.19,-0.3972929229583285,1.1298335556096046,,682829.0,,2,6,Top,,,,,,,6.039320758451345,-123.91489739689524,-4.671967524151844,-5.166627685184912,30.18837071745167,-33.21556937265449,3.234924541,1.63257874,,,,85.6,551.0,7.1,778857,676439,518692,669242,571970,690976,804588,691949,606192,53.39,,,,,,,,44,1,Forkball,1,2,2,1,2,1,2,1,Infield shade,Standard,316.0,-0.001,0.019,,,,,-0.019,,-1,1,0.357,0.643,23,25,24,26,1,2,,,,,3.39,0.36,0.36,,,,,,
FO,2025-03-04,85.9,-2.61,6.14,"Sasaki, Roki",641584,808963,field_out,hit_into_play,,,,,9.0,Jake Fraley flies out to center fielder Jake Vogel.,S,L,R,LAD,CIN,X,8.0,fly_ball,2,1,2025,0.38,-0.38,0.4857195411835754,2.0022815571223305,,682829.0,,1,6,Top,149.65,84.65,,,,,6.544637091898114,-124.84101971381858,-2.394630241800249,2.343721732545638,30.17724005567563,-35.76421964760806,3.169980315,1.59980315,291.0,92.5,44.0,86.3,509.0,7.1,778857,676439,518692,669242,571970,690976,804588,691949,606192,53.4,,,0.0,,0.0,0.0,3.0,43,4,Forkball,1,2,2,1,2,1,2,1,Standard,Standard,336.0,0.042,-0.278,,,,,0.278,92.5,-1,1,0.315,0.685,23,30,24,30,1,2,,,,,3.53,-0.38,0.38,,,,,,
FF,2025-03-04,98.5,-2.58,6.14,"Sasaki, Roki",641584,808963,,ball,,,,,14.0,,S,L,R,LAD,CIN,B,,,1,1,2025,-0.64,1.14,1.072890012810093,0.5342924578213273,,682829.0,,1,6,Top,,,,,,,11.355156992058914,-142.42354656728247,-12.17314032156868,-11.43959578622506,35.04620989888946,-13.733014025167204,3.169980315,1.59980315,,,,98.7,1959.0,6.9,778857,676439,518692,669242,571970,690976,804588,691949,606192,53.57,,,,,,,,43,3,4-Seam Fastball,1,2,2,1,2,1,2,1,Standard,Standard,230.0,-0.004,0.03,,,,,-0.03,,-1,1,0.319,0.681,23,30,24,30,1,2,,,,,1.25,0.64,-0.64,,,,,,
FF,2025-03-04,99.3,-2.67,6.17,"Sasaki, Roki",641584,808963,,ball,,,,,14.0,,S,L,R,LAD,CIN,B,,,0,1,2025,-0.96,1.14,1.5844134824442644,0.6622103658435683,,682829.0,,1,6,Top,,,,,,,13.827633133684447,-143.4767066023039,-12.053945748592575,-16.579183817005763,34.729533789088656,-13.542964600761264,3.169980315,1.59980315,,,,99.4,2132.0,6.8,778857,676439,518692,669242,571970,690976,804588,691949,606192,53.65,,,,,,,,43,2,4-Seam Fastball,1,2,2,1,2,1,2,1,Standard,Standard,233.0,-0.004,0.025,,,,,-0.025,,-1,1,0.323,0.677,23,30,24,30,1,2,,,,,1.22,0.96,-0.96,,,,,,
FO,2025-03-04,86.2,-2.57,6.22,"Sasaki, Roki",641584,808963,,swinging_strike,,,,,13.0,,S,L,R,LAD,CIN,S,,,0,0,2025,-0.41,-0.67,-0.4273535797497735,0.6519199114087848,,682829.0,,1,6,Top,,,,,,,5.938634782236246,-125.29920323193078,-5.317021099063597,-5.602759523121377,27.593363284502978,-38.20982756825944,3.169980315,1.59980315,,,,86.8,481.0,6.9,778857,676439,518692,669242,571970,690976,804588,691949,606192,53.58,,,,,,,,43,1,Forkball,1,2,2,1,2,1,2,1,Standard,Standard,312.0,0.006,-0.038,,,,,0.038,,-1,1,0.317,0.683,23,30,24,30,1,2,,,,,3.77,0.41,-0.41,,,,,,
FF,2025-03-04,98.4,-2.69,6.09,"Sasaki, Roki",669720,808963,strikeout,called_strike,,,,,8.0,Austin Hays called out on strikes.,S,R,R,LAD,CIN,S,2.0,,3,2,2025,-1.03,1.1,0.1437007041088844,1.914038875607376,,682829.0,,0,6,Top,,,,,,,10.09806178260346,-142.77772216937262,-8.267353195495897,-16.42495147876885,34.04269683937312,-15.297942920181477,3.141896326,1.585629921,,,,99.1,2073.0,6.9,778857,676439,518692,669242,571970,690976,804588,691949,606192,53.56,,,0.0,,0.0,0.0,,42,7,4-Seam Fastball,1,2,2,1,2,1,2,1,Standard,Standard,237.0,0.048,-0.386,,,,,0.386,,-1,1,0.269,0.731,23,29,24,30,1,2,,,,,1.27,1.03,1.03,,,,,,
FF,2025-03-04,98.4,-2.66,6.11,"Sasaki, Roki",669720,808963,,foul,,,,,2.0,,S,R,R,LAD,CIN,S,,,3,2,2025,-0.94,0.8,-0.0835670933725291,2.69030300509859,,682829.0,,0,6,Top,,,,,,,9.19749658614429,-142.91508287072452,-5.537613218493244,-14.954316313018351,32.094671866238485,-20.083282416708787,3.141896326,1.585629921,245.0,79.7,27.0,99.4,1892.0,6.9,778857,676439,518692,669242,571970,690976,804588,691949,606192,53.6,,,,,,,,42,6,4-Seam Fastball,1,2,2,1,2,1,2,1,Standard,Standard,237.0,0.0,0.0,,,,,0.0,88.0,-1,1,0.269,0.731,23,29,24,30,1,2,,,,,1.56,0.94,0.94,,,,,,
FO,2025-03-04,86.1,-2.5,6.18,"Sasaki, Roki",669720,808963,,ball,,,,,13.0,,S,R,R,LAD,CIN,B,,,2,2,2025,-0.61,-0.25,-1.196000311779129,0.8978046778591846,,682829.0,,0,6,Top,,,,,,,4.380108268916486,-125.20673353679318,-5.501101847716178,-7.343742113967181,27.291499159460702,-33.776723624797725,3.141896326,1.585629921,,,,86.8,422.0,6.9,778857,676439,518692,669242,571970,690976,804588,691949,606192,53.55,,,,,,,,42,5,Forkball,1,2,2,1,2,1,2,1,Standard,Standard,315.0,-0.011,0.1,,,,,-0.1,,-1,1,0.28,0.72,23,29,24,30,1,2,,,,,3.35,0.61,0.61,,,,,,
FF,2025-03-04,99.0,-2.62,6.11,"Sasaki, Roki",669720,808963,,swinging_strike,,,,,14.0,,S,R,R,LAD,CIN,S,,,2,1,2025,-0.83,1.08,1.0630556658673391,1.9642799857978164,,682829.0,,0,6,Top,,,,,,,12.016614914303377,-143.51670112075365,-8.288541306418647,-14.106976139931424,31.490159632971785,-15.41575451796746,3.141896326,1.585629921,,,,100.2,2013.0,7.1,778857,676439,518692,669242,571970,690976,804588,691949,606192,53.45,,,,,,,,42,4,4-Seam Fastball,1,2,2,1,2,1,2,1,Infield shade,Standard,229.0,0.009,-0.081,,,,,0.081,,-1,1,0.271,0.729,23,29,24,30,1,2,,,,,1.25,0.83,0.83,,,,,,
FO,2025-03-04,85.3,-2.59,6.21,"Sasaki, Roki",669720,808963,,ball,,,,,14.0,,S,R,R,LAD,CIN,B,,,1,1,2025,0.45,0.05,0.8920232764161343,1.2797160832248338,,682829.0,,0,6,Top,,,,,,,7.216477132605826,-123.92194606314104,-5.118582339967375,3.0535919444063224,26.62642407120815,-30.726047094357703,3.141896326,1.585629921,,,,85.8,503.0,6.9,778857,676439,518692,669242,571970,690976,804588,691949,606192,53.6,,,,,,,,42,3,Forkball,1,2,2,1,2,1,2,1,Infield shade,Standard,337.0,-0.004,0.045,,,,,-0.045,,-1,1,0.275,0.725,23,29,24,30,1,2,,,,,3.11,-0.45,-0.45,,,,,,
FO,2025-03-04,86.0,-2.45,6.08,"Sasaki, Roki",669720,808963,,swinging_strike_blocked,,,,,13.0,,S,R,R,LAD,CIN,S,,,1,0,2025,-0.38,-0.4,-0.1724777424961824,-0.1370045535626491,,682829.0,,0,6,Top,,,,,,,6.175073791018404,-124.77332215090402,-7.260160074203428,-5.430914478436393,30.070693758163387,-34.778288520174634,3.141896326,1.585629921,,,,86.2,425.0,7.0,778857,676439,518692,669242,571970,690976,804588,691949,606192,53.49,,,,,,,,42,2,Forkball,1,2,2,1,2,1,2,1,Standard,Standard,294.0,0.004,-0.049,,,,,0.049,,-1,1,0.271,0.729,23,29,24,30,1,2,,,,,3.55,0.38,0.38,,,,,,
FO,2025-03-04,84.1,-2.52,6.19,"Sasaki, Roki",669720,808963,,ball,,,,,13.0,,S,R,R,LAD,CIN,B,,,0,0,2025,-0.47,-0.26,-1.637549958187995,2.0276549656268914,,682829.0,,0,6,Top,,,,,,,2.999438378352172,-122.37399706703626,-2.3830779945338705,-5.330621241603404,28.417131420172765,-34.49210475546843,3.141896326,1.585629921,,,,84.2,482.0,6.8,778857,676439,518692,669242,571970,690976,804588,691949,606192,53.71,,,,,,,,42,1,Forkball,1,2,2,1,2,1,2,1,Infield shade,Standard,323.0,-0.002,0.032,,,,,-0.032,,-1,1,0.273,0.727,23,29,24,30,1,2,,,,,3.53,0.47,0.47,,,,,,
FF,2025-03-04,97.7,-2.55,6.09,"Sasaki, Roki",682829,808963,double,hit_into_play,,,,,7.0,Elly De La Cruz doubles (3) on a line drive to left fielder Bubba Alleyne.,S,L,R,LAD,CIN,X,7.0,line_drive,2,0,2025,-0.9,1.23,-0.2850808394717271,2.2529595641554128,,,,0,6,Top,76.15,141.97,,,,,8.200462709297103,-141.90597968583094,-7.524093853884898,-14.095178146470117,33.636620982292555,-13.904141806648976,3.460474081,1.74640748,190.0,85.9,13.0,98.3,1981.0,6.8,778857,676439,518692,669242,571970,690976,804588,691949,606192,53.7,,,1.25,,1.0,1.0,4.0,41,3,4-Seam Fastball,1,2,2,1,2,1,2,1,Infield shade,Standard,230.0,-0.056,0.598,,,,,-0.598,88.0,-1,1,0.329,0.671,23,23,24,23,1,2,,,,,1.17,0.9,-0.9,,,,,,
FF,2025-03-04,98.9,-2.56,6.17,"Sasaki, Roki",682829,808963,,ball,,,,,14.0,,S,L,R,LAD,CIN,B,,,1,0,2025,-1.03,1.4,0.0396082445026635,1.3276817137077628,,,,0,6,Top,,,,,,,9.484514790175904,-143.30572651084393,-10.817735415434017,-16.446648338839804,34.80566749410538,-10.417295010322707,3.460474081,1.74640748,,,,99.2,2051.0,6.8,778857,676439,518692,669242,571970,690976,804588,691949,606192,53.71,,,,,,,,41,2,4-Seam Fastball,1,2,2,1,2,1,2,1,Infield shade,Standard,237.0,-0.007,0.077,,,,,-0.077,,-1,1,0.336,0.664,23,23,24,23,1,2,,,,,0.96,1.03,-1.03,,,,,,
FF,2025-03-04,97.7,-2.69,6.2,"Sasaki, Roki",682829,808963,,ball,,,,,14.0,,S,L,R,LAD,CIN,B,,,0,0,2025,-1.12,1.08,0.0394344932721903,0.7793212777080416,,,,0,6,Top,,,,,,,9.963789295075625,-141.57346204459472,-11.372826945361792,-17.417075403875838,33.93525221642082,-15.01699302268719,3.460474081,1.74640748,,,,98.2,2078.0,6.9,778857,676439,518692,669242,571970,690976,804588,691949,606192,53.61,,,,,,,,41,1,4-Seam Fastball,1,2,2,1,2,1,2,1,Infield shade,Standard,233.0,-0.004,0.041,,,,,-0.041,,-1,1,0.34,0.66,23,23,24,23,1,2,,,,,1.34,1.12,-1.12,,,,,,
FO,2025-03-04,87.3,-2.47,6.28,"Sasaki, Roki",680574,808963,strikeout,called_strike,,,,,7.0,Matt McLain called out on strikes.,S,R,R,LAD,CIN,S,2.0,,1,2,2025,0.36,-0.47,-0.5383733489150218,1.6026364693988442,,642851.0,656413.0,2,5,Top,,,,,,,3.8823896629251,-126.9796140207402,-3.7557288393595663,2.845566795147118,30.81952073824501,-36.570345496420856,3.047112861,1.537795276,,,,87.4,542.0,6.8,778857,676439,518692,669242,571970,605141,691949,681624,606192,53.67,,,0.0,,0.0,0.0,,37,4,Forkball,1,2,2,1,2,1,2,1,Standard,Standard,346.0,0.033,-0.191,,,,,0.191,,-1,1,0.382,0.618,23,25,24,26,1,2,,,,,3.51,-0.36,-0.36,,,,,,
FO,2025-03-04,85.9,-2.49,6.18,"Sasaki, Roki",680574,808963,,swinging_strike,,,,,14.0,,S,R,R,LAD,CIN,S,,,1,1,2025,-0.01,-0.44,0.0406273876418922,1.1562696938295771,,642851.0,656413.0,2,5,Top,,,,,,,5.996887245148669,-124.93724925179193,-4.438995010294356,-1.400652259568819,27.85589122738916,-35.98917326737511,3.047112861,1.537795276,,,,86.6,688.0,7.0,778857,676439,518692,669242,571970,605141,691949,681624,606192,53.49,,,,,,,,37,3,Forkball,1,2,2,1,2,1,2,1,Standard,Standard,351.0,0.012,-0.063,,,,,0.063,,-1,1,0.37,0.63,23,25,24,26,1,2,,,,,3.56,0.01,0.01,,,,,,
FF,2025-03-04,98.6,-2.58,6.2,"Sasaki, Roki",680574,808963,,ball,,,,,12.0,,S,R,R,LAD,CIN,B,,,0,1,2025,-0.77,1.42,1.0428857445835291,2.886267565762518,,642851.0,656413.0,2,5,Top,,,,,,,11.618764817332195,-143.0016938905665,-6.6963593913152994,-13.371986976261056,34.8128196485341,-11.247543714031844,3.047112861,1.537795276,,,,99.0,2061.0,6.8,778857,676439,518692,669242,571970,605141,691949,681624,606192,53.67,,,,,,,,37,2,4-Seam Fastball,1,2,2,1,2,1,2,1,Standard,Standard,233.0,-0.005,0.018,,,,,-0.018,,-1,1,0.375,0.625,23,25,24,26,1,2,,,,,0.95,0.77,0.77,,,,,,
FF,2025-03-04,98.7,-2.57,6.17,"Sasaki, Roki",680574,808963,,called_strike,,,,,12.0,,S,R,R,LAD,CIN,S,,,0,0,2025,-0.84,1.3,0.1401386928343517,3.2665128897874145,,642851.0,656413.0,2,5,Top,,,,,,,9.32547661545216,-143.32719483399637,-5.355906452467371,-13.739368889273942,34.232220761450286,-13.154559293231689,3.047112861,1.537795276,,,,99.3,2072.0,6.8,778857,676439,518692,669242,571970,605141,691949,681624,606192,53.7,,,,,,,,37,1,4-Seam Fastball,1,2,2,1,2,1,2,1,Standard,Standard,229.0,0.007,-0.047,,,,,0.047,,-1,1,0.368,0.632,23,25,24,26,1,2,,,,,1.05,0.84,0.84,,,,,,
FO,2025-03-04,86.1,-2.49,6.19,"Sasaki, Roki",670770,808963,strikeout,called_strike,,,,,8.0,TJ Friedl called out on strikes.,S,L,R,LAD,CIN,S,2.0,,1,2,2025,0.17,-0.43,0.0254175300656523,1.9483035874250447,,642851.0,656413.0,1,5,Top,,,,,,,5.554561031315646,-125.22489081336772,-2.5893533806836464,0.4281156438066507,29.42079300945737,-36.23258187754308,3.043602362,1.536023622,,,,85.8,570.0,6.5,778857,676439,518692,669242,571970,605141,691949,681624,606192,54.0,,,0.0,,0.0,0.0,,36,4,Forkball,1,2,2,1,2,1,2,1,Standard,Standard,347.0,0.033,-0.174,,,,,0.174,,-1,1,0.335,0.665,23,29,24,30,1,2,,,,,3.55,-0.17,0.17,,,,,,
FO,2025-03-04,86.3,-2.5,6.24,"Sasaki, Roki",670770,808963,,ball,,,,,13.0,,S,L,R,LAD,CIN,B,,,0,2,2025,0.25,-0.6,-1.6643357113212496,2.187621330676744,,642851.0,656413.0,1,5,Top,,,,,,,1.4352786904601982,-125.66686348764192,-1.8946223589933329,2.3704831119468497,27.58513445294673,-38.29036301901428,3.043602362,1.536023622,,,,86.5,661.0,6.6,778857,676439,518692,669242,571970,605141,691949,681624,606192,53.91,,,,,,,,36,3,Forkball,1,2,2,1,2,1,2,1,Standard,Standard,352.0,-0.005,0.014,,,,,-0.014,,-1,1,0.34,0.66,23,29,24,30,1,2,,,,,3.68,-0.25,0.25,,,,,,
FO,2025-03-04,85.4,-2.57,6.03,"Sasaki, Roki",670770,808963,,swinging_strike_blocked,,,,,14.0,,S,L,R,LAD,CIN,S,,,0,1,2025,-0.42,0.05,0.8256855481635715,0.535342901140571,,642851.0,656413.0,1,5,Top,,,,,,,8.8248002758725,-123.80325854900104,-6.3265532247318665,-6.418505907295356,30.17040796937698,-30.303505055880414,3.043602362,1.536023622,,,,85.3,597.0,6.9,778857,676439,518692,669242,571970,605141,691949,681624,606192,53.56,,,,,,,,36,2,Forkball,1,2,2,1,2,1,2,1,Standard,Standard,333.0,0.012,-0.053,,,,,0.053,,-1,1,0.328,0.672,23,29,24,30,1,2,,,,,3.15,0.42,-0.42,,,,,,
FF,2025-03-04,97.9,-2.64,6.11,"Sasaki, Roki",670770,808963,,called_strike,,,,,1.0,,S,L,R,LAD,CIN,S,,,0,0,2025,-0.86,1.22,-0.489921862135057,3.136321241205879,,642851.0,656413.0,1,5,Top,,,,,,,7.823389379580935,-142.25956603299585,-5.201937307009523,-13.56732192562603,34.50602965150159,-14.54006158612139,3.043602362,1.536023622,,,,98.4,2066.0,6.8,778857,676439,518692,669242,571970,605141,691949,681624,606192,53.72,,,,,,,,36,1,4-Seam Fastball,1,2,2,1,2,1,2,1,Standard,Standard,231.0,0.007,-0.033,,,,,0.033,,-1,1,0.321,0.679,23,29,24,30,1,2,,,,,1.17,0.86,-0.86,,,,,,
FF,2025-03-04,96.9,-2.51,6.18,"Sasaki, Roki",656413,808963,hit_by_pitch,hit_by_pitch,,,,,11.0,Stuart Fairchild hit by pitch. Austin Wynns to 2nd.,S,R,R,LAD,CIN,B,,,0,0,2025,-0.76,1.01,-1.944799070573938,3.352119586968443,,,642851.0,1,5,Top,,,,,,,3.3054594109553563,-141.08753879046012,-4.216087307938176,-10.96805029645696,31.49991323521243,-17.87958944363978,3.159448819,1.594488189,,,,97.9,1896.0,6.8,778857,676439,518692,669242,571970,605141,691949,681624,606192,53.75,,,0.7,,0.0,0.0,,35,1,4-Seam Fastball,1,2,2,1,2,1,2,1,Standard,Standard,233.0,-0.039,0.332,,,,,-0.332,,-1,1,0.36,0.64,23,29,24,29,1,1,,,,,1.41,0.76,0.76,,,,,,
FF,2025-03-04,98.8,-2.52,6.24,"Sasaki, Roki",642851,808963,single,hit_into_play,,,,,2.0,Austin Wynns singles on a sharp line drive to right fielder Teoscar Hernández.,S,R,R,LAD,CIN,X,9.0,line_drive,2,1,2025,-0.73,1.33,0.1742439935025987,3.365011125324868,,,,1,5,Top,159.53,85.84,,,,,9.040868673188385,-143.61083706662754,-5.385338470971214,-12.236399362751513,32.896729973474,-12.68450269909936,3.262130906,1.646309055,222.0,100.5,12.0,99.5,2118.0,6.7,778857,676439,518692,669242,571970,605141,691949,681624,606192,53.79,,,0.9,,1.0,0.0,4.0,34,4,4-Seam Fastball,1,2,2,1,2,1,2,1,Strategic,Standard,229.0,-0.023,0.37,,,,,-0.37,100.5,-1,1,0.383,0.617,23,34,24,35,1,1,,,,,1.01,0.73,0.73,,,,,,
FO,2025-03-04,86.3,-2.49,6.25,"Sasaki, Roki",642851,808963,,ball,,,,,11.0,,S,R,R,LAD,CIN,B,,,1,1,2025,-0.61,-0.64,-1.2488789572869985,2.65779708122548,,,,1,5,Top,,,,,,,4.212587839293325,-125.55379030210943,-0.7120918359412973,-7.321429710155419,27.97426678474655,-38.93450673018699,3.262130906,1.646309055,,,,86.8,403.0,6.8,778857,676439,518692,669242,571970,605141,691949,681624,606192,53.67,,,,,,,,34,3,Forkball,1,2,2,1,2,1,2,1,Strategic,Standard,325.0,-0.004,0.055,,,,,-0.055,,-1,1,0.387,0.613,23,34,24,35,1,1,,,,,3.72,0.61,0.61,,,,,,
FF,2025-03-04,97.8,-2.59,6.19,"Sasaki, Roki",642851,808963,,foul,,,,,2.0,,S,R,R,LAD,CIN,S,,,1,0,2025,-0.92,1.23,0.160073560641824,3.175076210271632,,,,1,5,Top,,,,,,,9.540159190010838,-142.13267558081455,-5.359362830914438,-14.594587151533393,31.29782022165577,-14.44936823384072,3.262130906,1.646309055,,104.8,44.0,,2089.0,6.7,778857,676439,518692,669242,571970,605141,691949,681624,606192,53.77,,,,,,,,34,2,4-Seam Fastball,1,2,2,1,2,1,2,1,Strategic,Standard,230.0,0.004,-0.049,,,,,0.049,104.8,-1,1,0.383,0.617,23,34,24,35,1,1,,,,,1.15,0.92,0.92,,,,,,
FF,2025-03-04,99.0,-2.59,6.24,"Sasaki, Roki",642851,808963,,ball,,,,,12.0,,S,R,R,LAD,CIN,B,,,0,0,2025,-0.9,0.97,0.1284821100903733,3.998490836102416,,,,1,5,Top,,,,,,,9.524641695141977,-143.88668048141056,-2.851962437509185,-14.662409637973084,32.06864413356782,-18.212724628095604,3.262130906,1.646309055,,,,100.0,1946.0,6.8,778857,676439,518692,669242,571970,605141,691949,681624,606192,53.7,,,,,,,,34,1,4-Seam Fastball,1,2,2,1,2,1,2,1,Strategic,Standard,230.0,-0.003,0.039,,,,,-0.039,,-1,1,0.386,0.614,23,34,24,35,1,1,,,,,1.35,0.9,0.9,,,,,,
FF,2025-03-04,99.2,-2.46,6.25,"Sasaki, Roki",682622,808963,field_out,hit_into_play,,,,,14.0,"Noelvi Marte grounds out, shortstop Mookie Betts to first baseman Freddie Freeman.",S,R,R,LAD,CIN,X,6.0,ground_ball,0,0,2025,-0.81,1.28,0.9881116055949876,2.3193633071671744,,,,0,5,Top,115.04,152.31,,,,,11.26601088552374,-143.89136326974506,-8.160019516930303,-13.885488091045532,33.992731075476115,-12.530841604751568,3.298113517,1.664468504,8.0,83.8,-16.0,99.5,2110.0,6.7,778857,676439,518692,669242,571970,605141,691949,681624,606192,53.82,,,0.0,,0.0,0.0,2.0,33,1,4-Seam Fastball,1,2,2,1,2,1,2,1,Strategic,Standard,225.0,0.024,-0.259,,,,,0.259,88.0,-1,1,0.362,0.638,23,23,24,24,1,1,,,,,1.05,0.81,0.81,,,,,,
