"year","last_name, first_name","player_id","team_id","pa","pitches","runs_all","runs_heart","runs_shadow","runs_chase","runs_waste"
"2025","Burke, Brock","656271","108","253","1014",3.8192290094287737,7.704502669255612,6.220835705821456,-6.928874470203232,-3.177234895445049
"2025","Zeferjahn, Ryan","666171","108","252","1029",-6.47161050111857,-2.223671787331976,8.601041169321679,-7.318371902112568,-5.530607980995715
"2025","Montes De Oca, Christian","801216","109","9","46",1.6446727628716882,1.6797270650760991,0.33231662259595673,-0.2598375260031172,-0.10753339879725002
"2025","Kelly, Michael","547184","133","163","658",1.5907270777344857,7.0995034044426335,-0.045209455525055064,-2.4840019195711722,-2.9795649516119136
"2025","MacIver, Willie","680862","133","10","18",-0.4596306885807239,-0.321235853865326,-0.09496852769301778,-0.04342630702238004,0
"2025","Holman, Grant","680880","133","103","376",-2.075689680812693,4.96776789623355,-1.5410397590875822,-3.7928426774488955,-1.7095751405097608
"2025","Dunning, Dane","641540","144","94","372",-4.087881427565126,-0.6404925144091168,1.8395891501489579,-3.1753362660391895,-2.111641797265781
"2025","Espada, Jose","664744","110","9","29",1.6906487151420413,0.7302468670765387,1.0984740374774857,-0.04846527478613345,-0.08960691462584944
"2025","Wolfram, Grant","664991","110","132","520",-4.138831029834424,0.7683396964521549,-0.2220274471000673,-2.4280478342122396,-2.2570954449742673
"2025","Stock, Robert","476594","111","15","59",-2.276434522017575,-0.051610751516617676,-0.7978202637184036,-1.0796956607657444,-0.3473078460168078
"2025","Lopez, Nicky","670032","112","2","8",-0.018939455622074608,0.35296279373226136,-0.07823652750216986,-0.03462242695107949,-0.25904329490108663
"2025","La Sorsa, Joe","686747","113","33","100",-3.130001518780071,-1.6409756829628361,-0.2819101883975548,-0.9344027828981705,-0.2727128645215112
"2025","Cantillo, Joey","676282","114","401","1637",2.4931239695510783,13.436153903152006,6.8786523478428405,-11.668775377290103,-6.152906904153692
"2025","Márquez, Germán","608566","115","589","2085",-41.644869822671126,-12.235939640925746,-7.949925414536807,-11.1884601164412,-10.27054465076754
"2025","Shuster, Jared","694363","145","80","280",-4.534589305789721,-4.373100766868555,1.4817787787519252,0.3839955253410149,-2.027262843014108
"2025","Holton, Tyler","663947","116","311","1159",6.028204252637491,8.567585858968704,4.735770925171517,-3.6447511999694626,-3.6304013315332697
"2025","Hernandez, Nick","663321","117","52","221",-3.3751495970763874,0.8350404964249039,1.7405890889418265,-3.910837527145548,-2.039941655297571
"2025","Hummel, Cooper","669450","117","9","17",-3.3414701670678375,-0.4783084410585061,-2.5042616559335653,-0.023499173176266177,-0.33540089689950037
"2025","Blubaugh, AJ","805123","117","125","507",7.299406171426248,5.579884201907421,6.577031266607112,-3.7411545156655577,-1.1163547814227266
"2025","Knack, Landon","689017","119","185","773",-4.387053454646236,7.710923865020774,-0.9857299943294943,-8.529223858218955,-2.583023467118564
"2025","Yamamoto, Yoshinobu","808967","119","684","2789",41.72730526786093,31.234494316862328,34.062033184645365,-15.17199705059295,-8.397225183053783
"2025","Hall, DL","669084","158","155","588",9.205321338507858,10.132623939300695,6.403647985031822,-5.510548724511916,-1.8204018613127348
"2025","Ryan, Joe","657746","142","689","2795",7.712329513344315,18.818803557418846,12.053156445035821,-12.151729117990246,-11.007901371120155
"2025","Davis, Noah","663562","142","65","251",-14.554825592466305,-8.12995259921619,-1.109000749154869,-2.520440973856391,-2.7954312702388475
"2025","Manaea, Sean","640455","121","263","1095",-5.740977739682395,-3.420915097667004,6.626181829041146,-3.86494989102825,-5.081294580028275
"2025","De los Santos, Yerry","660787","147","160","590",0.3731977053417949,3.368447027707859,5.14455192248712,-5.749067905789369,-2.3907333390638144
"2025","Strahm, Matt","621381","143","255","993",9.24043538580716,6.3597944640464155,10.603382289883575,-4.321811523917683,-3.400929844205143
"2025","Suarez, Ranger","624133","143","651","2430",16.64922426672533,10.592651392486907,24.380884125420266,-10.580152152930976,-7.744159098250811
"2025","Santos, Gregory","666619","136","34","132",-1.8707632353215713,-1.403558644338953,1.23267055860231,-1.2625149385546437,-0.4373602110302854
"2025","Gray, Sonny","543243","138","753","2719",6.489878531541225,4.561708803661989,13.122463161921075,-8.29532566570616,-2.8989677683356514
"2025","Veneziano, Anthony","685107","138","117","481",-3.314998240069935,-1.5295034385225794,2.9511559549144275,-3.3347591034572677,-1.4018916530045145
"2025","Granillo, Andre","701552","138","91","361",-0.09146737127336306,2.4784372542239343,1.5682126800500598,-1.9856444000247275,-2.1524729055226306
"2025","Orze, Eric","679358","139","177","681",2.088120257954473,5.161148291204374,2.9061714705369113,-3.877753758598014,-2.1014457451887982
"2025","Maton, Phil","664208","140","246","1008",11.419163320229806,4.197530642445921,18.29416526644758,-6.256919863179643,-4.815612725484034
"2025","Winn, Cole","668390","140","160","619",9.595653621176915,11.636286695819942,6.123264498917108,-5.363421707501121,-2.800475866059014
"2025","Walker, Josh","677020","141","25","92",-1.663009500258037,-1.0842138425291707,-0.1846501877047761,0.24614555658713422,-0.6402910266112242
"2025","Bruihl, Justin","677865","141","62","219",-2.727462586110439,-1.0579388836970487,0.10731959107130626,-1.1289880015169624,-0.6478552919677432
"2025","Aldegheri, Sam","691951","108","73","303",-7.063930944471424,-2.0432058522989887,-0.44039108520681186,-2.12998555604426,-2.450348450921372
"2025","Bachman, Sam","696147","108","94","335",-2.9222362488378852,-0.8623909388242208,2.1513983775047785,-2.548204528336019,-1.6630391591824214
"2025","Herrera, Jose","645444","109","10","27",-0.4270431960986109,0.08703148387876063,0.2698462071671384,-0.25528805668514115,-0.5286328304593686
"2025","López, Reynaldo","625643","144","25","94",-1.3097712400171924,-0.35382106689347703,0.17324049984844758,-0.5739993276847364,-0.5551913452874262
"2025","Iglesias, Raisel","628452","144","265","964",11.689248420075721,9.079581619025634,9.46391709765715,-4.584793673462615,-2.2694566231444497
"2025","Rivera, Emmanuel","656896","110","13","45",-5.936319067809267,-1.623963450324977,-2.9498501880076686,-1.1754250554490182,-0.18708037402760305
"2025","Wells, Tyler","669330","110","82","342",3.7420975771092326,3.6500198337667813,1.874082117359859,-1.3307243172465206,-0.45128005677089217
"2025","Whitlock, Garrett","676477","111","291","1180",17.91728125894502,11.089464753264693,12.169260282427866,-2.6051319143676714,-2.7363118623798566
"2025","McGuire, Reese","624512","112","6","17",-1.5437776489198218,0.34423636378789,-0.6007055151122533,-1.3427866145072147,0.05547811691175636
"2025","Castro, Willi","650489","112","4","12",0.4587970633816964,0.3777082730777193,-0.009647586949458498,0.2586231801533107,-0.16788680289987526
"2025","Steele, Justin","657006","112","92","313",-0.9741579426561835,4.835774845871062,-4.352369485926478,-0.7565450263328843,-0.7010182762678836
"2025","Roberts, Ethan","681799","112","39","144",-3.9302683070437774,-3.015470025201099,0.2709268078918131,-0.4640539576632645,-0.7216711320712267
"2025","Sanmartin, Reiver","665665","113","7","25",0.25478901302662993,0.543066014607441,-0.877761493153968,0.7654588011362079,-0.17597430956305102
"2025","Nola, Austin","543592","115","11","29",-7.1966125444930436,-3.226036722038482,-3.58030400506449,-0.16689420183244721,-0.22337761555762659
"2025","Gómez, Yoendrys","672782","145","277","1099",-5.953691608118173,5.579778928525064,1.0922815171883533,-6.135007402106822,-6.490744651724757
"2025","Maeda, Kenta","628317","116","43","170",-2.285022546975784,1.8129942461220765,-0.8321979110318113,-1.1991750744319776,-2.0666438076340707
"2025","Valdez, Framber","664285","117","801","2891",7.525398512246425,17.500052381556646,15.907553093131677,-13.083690424195941,-12.798516538246103
"2025","Brown, Hunter","686613","117","727","2962",29.942836007993826,28.12440618610292,30.68028826376122,-19.123460353205466,-9.738398088664903
"2025","Erceg, Lucas","668674","118","246","963",8.17357668480978,5.641211129392615,13.952864801189746,-7.2684031056429115,-4.152096140129662
"2025","Wrobleski, Justin","680736","119","279","1092",4.418972022765781,3.3017603522046195,9.997445555339503,-6.021977603137232,-2.858256281641105
"2025","Petersen, Michael","656848","146","77","327",0.12142097723665454,2.3915572076794285,1.796045995762888,-2.700059755837934,-1.366122470367732
"2025","Woodruff, Brandon","605540","158","257","964",11.010125073679855,9.227260239726894,6.32334318410494,-2.716690715710199,-1.8237876344417427
"2025","Koenig, Jared","657649","158","267","1043",2.328355433967326,5.147038474964864,6.731655521577413,-5.195915350202013,-4.354423212372932
"2025","Devenski, Chris","606965","121","65","262",3.442813428335037,1.9622897918444187,3.538268769447267,-0.4147584525878996,-1.64298668036875
"2025","Herget, Kevin","643361","121","56","216",1.1984858607704605,5.455632129356073,-0.530797540278438,-3.4736888967196684,-0.2526598315875087
"2025","Cruz, Fernando","518585","147","200","792",5.58062271271552,2.9863233910421445,5.641550382576805,0.4204197920622605,-3.467670852965691
"2025","Peguero, Joel","666711","137","85","315",4.786090063521417,4.509546305666628,2.4105625805481385,-1.014052860387463,-1.119965962305892
"2025","Graceffo, Gordon","700669","138","193","756",-4.5683246563063955,-0.30773828281698284,4.387992148935209,-6.137473854220578,-2.511104668204056
"2025","Armstrong, Shawn","542888","140","284","1118",19.810965159526006,14.563812252112276,17.72669776017548,-7.565612860382889,-4.913931992378849
"2025","Latz, Jacob","656641","140","346","1388",10.54228141544505,10.913107930227655,14.808918254743034,-10.757266164823427,-4.422478604702248
"2025","Chafin, Andrew","605177","108","143","614",3.330085187317981,4.282721518112535,3.300154268772142,-2.619681972930164,-1.6331086266365296
"2025","Anderson, Shaun","641312","108","56","216",-7.428325455862636,-3.0105789092287045,-2.811770672188829,-0.978436526424119,-0.6275393480209853
"2025","Toussaint, Touki","657053","108","11","37",-0.690894061705336,0.18728400599984985,-0.4895793440491426,-0.3618162603973177,-0.02678246325872543
"2025","Backhus, Kyle","679775","109","115","430",-4.571892491278007,0.517942110345792,-1.194550544979856,-1.9083598085078446,-1.9869242481361
"2025","Saalfrank, Andrew","685314","109","112","427",8.253996524904794,6.896730742355464,4.728931564768892,-1.8603382567339384,-1.5113275254856213
"2025","Perdomo, Angel","622780","133","16","72",0.4114801176981978,1.4998404602685262,0.10416022351345083,-0.5740974793414777,-0.6184230867423024
"2025","Perkins, Jack","678022","133","161","637",2.8334291853539613,5.14160857936682,5.09291118489905,-3.8267207343179623,-3.57436984459395
"2025","Suero, Wander","593833","144","32","142",-3.1261686539493287,1.1798683426284295,-1.7158947195651602,-1.9107646716066102,-0.6793776054059882
"2025","Quantrill, Cal","615698","144","512","2004",-17.996891859269176,-6.453861667375817,6.7960641538106215,-10.34859292511142,-7.990501420592481
"2025","Williams, Luke","663897","144","25","71",0.874853144517509,1.1626604980310733,-0.030861347503744134,0.09464785738064166,-0.3515938633904621
"2025","Gibson, Kyle","502043","110","73","280",-16.222434538416376,-6.0176203549458505,-7.29526570331257,-1.6609241865577222,-1.2486242936002283
"2025","Strowd, Kade","669704","110","105","406",6.628403279646914,8.597388008938635,2.226113991675429,-2.6938354509320845,-1.5012632700350792
"2025","Early, Connelly","813349","111","79","323",5.060279048802736,0.7141880592205105,6.815393292802532,-0.48280942505986363,-1.986492878160436
"2025","Abbott, Andrew","671096","113","684","2677",17.05261600338528,15.012600397292015,25.29528650952952,-15.96521852101442,-7.2900523824219166
"2025","Lively, Ben","594902","114","178","719",3.060275769760275,4.604082907924001,7.224573710316281,-7.46123414105948,-1.3071467074205207
"2025","Wilson, Will","669717","114","8","26",-0.7365584822262092,-1.134994103944628,0.20380756845660744,0.42370141602441524,-0.22907336276260365
"2025","Smith, Cade","671922","114","297","1182",13.518518883799283,9.250636905193506,15.131358855998183,-6.161119457569634,-4.70235741982274
"2025","Hill, Jaden","677955","115","129","489",0.18385762121125776,-2.89063363861174,6.850012635325824,-2.169020181892928,-1.6065011936098987
"2025","Gilbert, Tyler","656457","145","212","839",6.207206084383763,11.134741293251668,3.9568898257552156,-5.240459318385124,-3.6439657162380055
"2025","Leasure, Jordan","673929","145","268","1130",-3.7422618998214814,0.8015643898267599,7.589425941325878,-7.499229699041964,-4.6340225319321595
"2025","McKinstry, Zach","656716","116","1","2",0.27091861524301947,0,0,0.27091861524301947,0
"2025","Olson, Reese","681857","116","283","1159",3.913465144109725,7.558478315416407,8.939517381160645,-7.680128539704336,-4.9044020127629775
"2025","Rooney, John","680701","117","6","23",-1.8041587837519517,-2.231403239255715,0.3909806855037534,0.042851971969657385,-0.006588201969646948
"2025","Walter, Brandon","687888","117","212","814",5.748404651898505,8.3331192664736,4.049301523069062,-2.9046378530589423,-3.7293782845852057
"2025","Cameron, Noah","702070","118","554","2164",9.634376031461448,15.900052559635803,14.368980048746984,-14.48479726131335,-6.149859315608056
"2025","Bender, Anthony","669622","146","202","783",9.427191844013521,9.400201770774276,8.680317065187712,-5.57702945138253,-3.07629754056593
"2025","Megill, Trevor","656730","158","189","753",8.334205936578279,3.672968411885557,7.39778563201438,-1.5957109619233003,-1.1408371453983568
"2025","McGee, Easton","668834","158","61","223",-1.1232307011414975,-1.095419524599475,2.5180597558366187,-2.2527883889656075,-0.2930825434130346
"2025","Sands, Cole","663485","142","297","1143",2.8068915489114157,6.551839379538851,5.320550878834947,-4.760346814672788,-4.30515189478959
"2025","Lovelady, Richard","663992","121","57","221",-3.59745274143303,-0.3093306934901707,0.11566482842009773,-1.6566966838843482,-1.7470901924786062
"2025","Senga, Kodai","673540","121","480","1902",-2.9996819625641384,4.602358999804697,12.350459505946436,-8.836980778657336,-11.115519689657948
"2025","Rodón, Carlos","607074","147","789","3212",27.958490877806597,24.984223594249297,36.90425791826618,-19.933490516061294,-13.996500118647795
"2025","Lazar, Max","676661","143","170","646",-0.674851261580275,4.892921612264047,0.7655133639957811,-3.932251754438171,-2.4010344834019315
"2025","Johnson, Seth","686751","143","54","214",-0.7286444214955401,1.967046535141442,-0.3600945257086472,-1.5213422783655077,-0.8142541525628275
"2025","Jackson, Luke","592426","136","214","782",3.675599560157806,3.1525301256819884,8.254734492367698,-5.018135036368182,-2.7135300215236944
"2025","Castillo, Luis F.","622379","136","41","168",-2.9953727561946866,-1.0109779897019708,-0.08483581214595981,-0.7774701988267295,-1.1220887555200258
"2025","Díaz, Jhonathan","646242","136","5","26",0.6316689447835384,0.6191640106095012,-0.036126022511620726,0.12368452238265129,-0.07505356569699316
"2025","Gage, Matt","657424","137","136","531",1.4367142062244698,5.938002937039963,2.56137560118749,-4.7343336629180675,-2.328330669084919
"2025","Beck, Tristan","663941","137","232","817",4.511051387276049,3.572093787473576,9.202639454638616,-5.640704355251399,-2.62297749958475
"2025","Baker, Bryan","641329","139","274","1102",5.313891352507777,0.3912064640149415,12.655960521662868,-5.68135047912236,-2.051925154047729
"2025","Acton, Garrett","670183","139","5","21",0.20195320806823186,0.14058689610128497,0.8035085172807549,-0.5963481495902118,-0.1457940557235963
"2025","Martin, Chris","455119","140","170","638",5.968840345638064,3.0208811096783563,4.08431765656559,-0.2994512706233765,-0.8369071499825037
"2025","Kelly, Merrill","518876","140","748","2833",11.278842785672918,10.93395902908785,23.625916326053893,-15.899322054185925,-7.381710515282971
"2025","Barnhart, Tucker","571466","140","11","22",-1.45626585916707,-0.13456487982862736,-0.8325453051246132,-0.04990009848077114,-0.4392555757330584
"2025","Duran, Ezequiel","677649","140","11","25",2.2001245404844836,0.13601846090517367,0.7164211600394852,1.3320564245236768,0.015628495016147298
"2025","Ribalta, Orlando","687377","120","120","501",-6.983369434974444,4.8460043561958495,-3.4211379481488446,-6.085350449176459,-2.3228853938449907
"2025","Eder, Jake","671109","108","77","302",0.6802098473065918,2.455835165841283,3.6194056577789016,-3.2402912277098426,-2.154739748603751
"2025","Silseth, Chase","681217","108","48","212",0.48282597228914736,2.870874850213411,-0.8914534963642305,-0.25204351342106696,-1.2445518681389671
"2025","Fermin, José","820862","108","150","645",-0.3474590989794252,4.407508715162179,4.862006379925714,-6.869686692099936,-2.7472875019673793
"2025","Brebbia, John","605154","144","114","459",-8.349167250481717,0.47511725774448355,-0.6010857150518404,-5.77515799194513,-2.4480408012292223
"2025","Bummer, Aaron","607481","144","232","932",1.0565196452044556,8.24723720758903,3.0313780400179344,-3.485789930738174,-6.736305671664337
"2025","Kinley, Tyler","641755","144","304","1225",11.132528532633598,7.232510427057777,12.032781455575359,-4.520669565246147,-3.612093784753392
"2025","Suarez, José","660761","144","80","295",2.6401385316251744,2.709913103342148,3.3729908380292257,-1.7874495062311386,-1.6553159035150604
"2025","Wentz, Joey","666214","144","439","1815",-10.7460429528075,-5.2192467918023935,12.855742182124917,-12.842830718357774,-5.539707624772293
"2025","Stratton, Hunter","676702","144","89","343",-3.0807928191710277,2.676392045895989,-1.2256929567017627,-2.788006804228552,-1.7434851041367003
"2025","Cox, Austin","680735","144","102","427",-13.211903603000753,-7.53907244520361,-0.550601950552176,-3.887325766002201,-1.2349034412427595
"2025","Pérez, Cionel","672335","110","109","437",-9.133471339751583,1.5086361829187138,-3.0347054730666074,-4.7140041126833125,-2.893397936920363
"2025","Hiraldo, Yaramil","682274","110","84","314",-2.320974717468725,-0.4985119467877982,-0.13212517381925565,-0.7898468978327301,-0.9004906990289427
"2025","Wilson, Justin","458677","111","204","816",3.038589836987539,1.9286488374916195,6.217868479943114,-3.0597808326311635,-2.0481466478160284
"2025","Matz, Steven","571927","111","309","1160",5.729185366294867,0.4529859887366853,12.45158333316836,-4.372196826593242,-2.8031871290169503
"2025","Morán, Jovani","663558","111","20","80",-1.1644095007110369,0.3706333577956483,-0.43064968543679216,-0.5935841243725355,-0.5108090486973577
"2025","Eaton, Nate","681987","111","4","14",-0.3913831230384188,-0.1565158466670723,-0.030499533992725668,-0.1671363389188311,-0.037231403459789765
"2025","Berti, Jon","542932","112","19","51",-0.7079796948037123,0.06129894609527507,0.6325167007959906,-0.8349024498582966,-0.566892891836682
"2025","Spiers, Carson","686730","113","60","245",-6.081396859752343,-2.0142646168594656,-0.3081033507740859,-2.4044551795740587,-1.354573712544734
"2025","Hedges, Austin","595978","114","16","56",-1.6479720129709068,-0.7973405359522185,0.012275097296310683,-0.1864122049417559,-0.6764943693732426
"2025","Festa, Matt","670036","114","224","817",3.250441820074911,-2.9650752255466775,12.291857206176086,-2.395354922994133,-3.680985237560366
"2025","Molina, Anthony","683627","115","160","608",-15.456217632043636,-3.2997760426118643,-2.05466796686852,-7.330236124762579,-2.7715374978006486
"2025","Mize, Casey","663554","116","626","2353",-9.914775991148993,-1.7341574343201274,10.53160318798636,-11.468604220185957,-7.2436175246292365
"2025","Vest, Will","676684","116","283","1137",6.645391249052826,4.324677890954465,8.805904406269132,-3.107691630414885,-3.3774994177558963
"2025","Lorenzen, Michael","547179","118","606","2318",-12.23859033421427,1.3637458158056885,9.099917476494479,-13.223858122335427,-9.4783955041789
"2025","Wacha, Michael","608379","118","716","2665",11.308704346312398,13.380503511669286,19.26772281711383,-15.332198112041533,-6.0073238704291345
"2025","Kolek, Stephen","663568","118","460","1689",10.819480492311499,17.653325276170758,10.074512270145581,-9.556064726440127,-7.3522923275646725
"2025","Sheehan, Emmet","686218","119","291","1146",9.645658429987826,9.163268456270506,8.077943112033164,-4.01876197851953,-3.5767911597963025
"2025","Tinoco, Jesus","622786","146","79","304",1.988475727049717,3.0397619488737426,1.9731850951879908,-2.0650661193029736,-0.9594051977090453
"2025","Mazur, Adam","800049","146","139","489",-3.5528530417877358,-1.0415194978625435,1.6562906257265242,-1.9308281201590216,-2.2367960494926953
"2025","Quintana, Jose","500779","158","556","2174",-0.9715255079254912,6.9508026085251915,19.526862265824906,-17.357319731613043,-10.09187065066258
"2025","McCaughan, Darren","670766","142","23","86",1.0393415491443903,-0.14780715509392012,1.2557077581827154,-0.02044126800952708,-0.04811778593487762
"2025","Megill, Tylor","656731","121","305","1234",0.026084919279577144,8.32151215046539,5.042877964177805,-6.107202901147214,-7.231102294216373
"2025","Caballero, José","676609","147","9","28",-4.644710332208862,0.1757329286548578,-4.090042583264035,-0.6096824142031092,-0.1207182633965756
"2025","Schlittler, Cam","693645","147","304","1253",6.42742310214172,9.67577861284579,10.331727110743829,-9.033174241165408,-4.546908380282498
"2025","Oviedo, Johan","670912","134","170","665",3.0254222523340815,7.910287460666667,5.176877584106293,-6.843425571734027,-3.2183172207048476
"2025","Skenes, Paul","694973","134","733","2997",41.81441628319073,18.534305771397708,45.17897806196306,-10.524824905411384,-11.374042644758788
"2025","Peralta, Wandy","593974","135","310","1138",4.121248466363975,-1.7777107366873859,16.824525596293327,-6.173588291859821,-4.751978101382134
"2025","Hart, Kyle","606996","135","179","691",-0.4532165247922771,0.5590116062767799,7.224014707637188,-5.413015153916175,-2.8232276847900617
"2025","Wade, Tyler","642180","135","6","18",-0.8678588002824013,0.04857003755756819,-0.43278885033056635,-0.3213673452728951,-0.16227264223650806
"2025","Walker, Ryan","676254","137","264","1018",4.54037161076882,10.615480433148637,6.236429351483556,-7.011360353076116,-5.300177820787272
"2025","Cleavinger, Garrett","664076","139","243","874",9.327390498858877,2.3849014049998907,13.511756076658385,-3.5492739639965376,-3.019993018802881
"2025","Tellez, Rowdy","642133","140","11","23",-1.652883042136385,-2.1083608737875243,1.1653578082494098,-0.3780547312916607,-0.33182524530660906
"2025","Francis, Bowden","670102","141","288","1141",-16.40546357627707,-6.198097130443518,4.8008926290583,-9.648754232418653,-5.359504842473175
"2025","Ogasawara, Shinnosuke","829272","120","173","674",-13.799776058398429,-3.4766731948090848,-2.3725756326606,-5.002314350454674,-2.9482128804740455
"2025","Duran, Carlos","679922","133","5","27",-1.3315430388108653,0.05724585551468864,-0.19398410360147655,-1.115843185662035,-0.0789616050620425
"2025","Morales, Luis","806960","133","199","821",2.0447456002185405,11.028825699891623,1.3077824777640408,-7.323576733888783,-2.9682858435483417
"2025","Soriano, José","667755","108","724","2784",0.8627998234711947,11.724494214738305,20.306957491251005,-19.328351452818364,-11.840300429699782
"2025","Graveman, Kendall","608665","109","82","324",-5.878255985391224,-0.2902854949049606,-0.7486890692798204,-2.632554290530785,-2.206727130675661
"2025","Mateo, Jorge","622761","110","11","35",-2.936742827321795,0.3133074934061799,-1.5819020349950605,-1.1484299275337504,-0.5197183581991636
"2025","Brown, Ben","676962","112","472","1759",-15.932852633741174,-15.132714080070851,7.794572838902657,-0.7650002496695227,-7.829711142903444
"2025","Trevino, Jose","624431","113","12","47",-1.1149259918347796,-1.2496584718639812,0.22979900722547814,0.14222908251465083,-0.23729560971092742
"2025","Gibaut, Ian","664139","113","109","388",-0.8431157731666459,1.6248701632651557,3.231182318202447,-4.175948445930692,-1.5232198087035569
"2025","Walters, Andrew","689958","114","6","29",-1.1814623898791408,0.7819724672010068,-1.6496838607417899,-0.2576886979887137,-0.05606229834964384
"2025","Halvorsen, Seth","678020","115","171","636",-5.052044112340236,-1.8702673665695924,3.570866643035827,-4.265234030335424,-2.487409358471048
"2025","Darnell, Dugan","699911","115","49","186",-1.0839292610920817,-0.007741536739308719,1.9800836880467765,-2.537513128258108,-0.5187582841414411
"2025","Castro, Miguel","612434","145","28","105",-1.9223410251158342,-0.04112670691253134,0.17175656935963113,-1.2598308249130041,-0.7931400626499295
"2025","Gipson-Long, Sawyer","687830","116","133","463",-9.905531832303264,-2.99715450976015,-2.5992177568851376,-2.475612328543802,-1.8335472371141677
"2025","France, J.P.","641585","117","16","76",1.3156384701173085,2.43012362807146,-0.1237226043822931,-0.7812555147616363,-0.20950703881022148
"2025","Cruz, Steven","674444","118","188","642",3.288016847806253,-0.26903738750789874,10.057464496243664,-4.432417605031562,-2.067992655897946
"2025","Little, Jack","669193","119","14","44",-0.9928838646683346,1.215020970172159,0.5023089044750726,-2.1708418977995945,-0.5393718415159716
"2025","Seigler, Anthony","678011","158","4","11",0.33033589125607055,0.6725196194896015,0.2703363908393874,-0.5473265932436335,-0.06519352582928471
"2025","Peterson, David","656849","121","722","2699",6.240223532898079,11.823086712359506,20.715105054178814,-15.427652794039803,-10.870315439600498
"2025","Waddell, Brandon","663399","121","134","512",0.9217613896250144,5.6509185954692835,1.6282418436403896,-4.417700306253454,-1.9396987432312
"2025","Helsley, Ryan","664854","121","249","979",-4.948734003124899,0.07198240990330759,3.6212106216871933,-5.4411244020715035,-3.2008026326439007
"2025","Leiter Jr., Mark","643410","147","219","832",-5.163124390450543,0.01519448253230319,0.8547415534226351,-0.38397761625054616,-5.649082810154938
"2025","Sears, JP","676664","135","583","2366",-15.577505052185328,12.134177741282741,-1.189193976370046,-18.27697859968455,-8.245510217413491
"2025","Castillo, Luis","622491","136","745","2988",8.695102856238176,16.588614761788907,22.35575674381371,-18.80337796395001,-11.44589068541442
"2025","Bazardo, Eduard","660825","136","311","1224",17.7600683981646,10.168634315937616,19.054484276838604,-8.087582761811415,-3.375467432800168
"2025","Bivens, Spencer","702352","137","342","1294",-3.357052304725262,3.7323002689345834,6.42824411521055,-9.785158001066527,-3.7324386878038607
"2025","Hampson, Garrett","641658","138","3","3",0.773605868018882,0,0.514245287019499,0.2593605809993831,0
"2025","Svanson, Matt","694335","138","234","964",15.595195309968702,12.123316765738553,14.769569486882892,-6.405217144674972,-4.892473797977753
"2025","Edwards Jr., Carl","605218","140","24","90",0.6266058097414404,0.6575235000873377,0.037298437710640175,0.295849470575216,-0.3640655986317531
"2025","Swanson, Erik","657024","141","30","128",-4.916401127538672,-2.8583540817317834,0.28053972892731577,-1.667071223975816,-0.6715155507583899
"2025","Beeter, Clayton","690925","120","104","465",4.0195343886962505,3.2617894560734713,6.683873353787362,-3.1406943810458783,-2.7854340401187057
"2025","Springs, Jeffrey","605488","133","713","2847",-2.670947026340426,10.98760887714255,15.774495302070854,-16.844559525822138,-12.588491679731698
"2025","Harris, Hogan","663687","133","273","1125",4.067857826538702,7.569179179950127,8.674067034531921,-8.983873070354335,-3.19151531758901
"2025","Lopez, Jacob","682052","133","399","1666",0.7942880141599239,13.889993334804076,5.674079530446643,-7.417028190897333,-11.352756660193485
"2025","Fuentes, Didier","800311","144","69","293",-9.555596399561617,-3.9117056788001965,-2.546941165514643,-1.3989251128389728,-1.6980244424077948
"2025","Enns, Dietrich","608650","110","196","741",-0.2773801806569378,1.047169463907329,3.244910970935771,-2.103798008310856,-2.465662607189181
"2025","Hendriks, Liam","521230","111","59","232",0.6153683499651458,0.9520682538988005,3.6120684672825614,-2.4765886385961493,-1.472179732620066
"2025","Guerrero, Luis","692285","111","72","289",2.51480361044811,5.545087329588219,1.2048956953787624,-2.3522417749019735,-1.8829376396168953
"2025","Pomeranz, Drew","519141","112","202","800",6.833676130281494,11.06000957133057,3.0948721731261704,-2.8551268924999236,-4.466078721675338
"2025","Martinez, Nick","607259","113","682","2578",-1.9215602226954334,10.015827240097675,11.942575399114057,-18.077489682395605,-5.802473179511612
"2025","Maxwell, Zach","687209","113","43","165",-4.854744971151772,-1.001968720751111,-2.1011299929019955,-1.0106232597366327,-0.7410229977620322
"2025","Petty, Chase","695534","113","40","169",-8.636522634113645,-2.2290145198626155,-1.831516030535327,-3.3322845387430533,-1.2437075449726502
"2025","Allen, Logan","671106","114","675","2709",-13.112019991933428,9.610568797382905,13.74730530492839,-23.27515489723886,-13.19473919700582
"2025","Gaddis, Hunter","683769","114","271","1049",6.955637500445944,3.0109859026327386,8.53972667805844,-0.22338883320922653,-4.371686247036019
"2025","White, Owen","669391","145","35","119",-3.7984460680885963,-0.8472203411119065,-1.0937639517558684,-1.4572331592429604,-0.4002286159778612
"2025","Palisch, Jake","669449","145","6","24",-0.8841730097897889,-0.7511375024773617,-0.1441009766633014,0.060291598284416804,-0.04922612893354256
"2025","Amaya, Jacob","676070","145","3","6",0.7864311285203602,0.2705619400863765,0.3286442298827583,0.18722495855122526,0
"2025","Blanco, Ronel","669854","117","199","793",3.158435306643244,0.6062778620891323,7.947021351233186,-2.6740404866348157,-2.720823420044271
"2025","Gordon, Colton","676467","117","377","1451",-20.36130696982982,-9.637450708410803,2.83576193017692,-8.822757218173663,-4.736860973422255
"2025","Murray, Jayden","681151","117","47","176",3.452933137598898,2.590708039663792,1.4482208743025369,-0.16661338474160056,-0.41938239162582885
"2025","Gibson, Cade","806188","146","227","908",6.9768626469703,11.807517093172933,5.419203455221454,-4.714897918377046,-5.534959983047033
"2025","Yoho, Craig","684974","158","41","176",-2.3575489587598732,1.795064399244623,0.49721712072039903,-2.4770800461985587,-2.172750432526335
"2025","Pereda, Jhonny","640902","142","20","70",-3.606527499001033,-1.8067723885075417,-0.5901955237365144,-1.0468261901127645,-0.1627333966442127
"2025","Brazobán, Huascar","623211","121","261","1011",5.166707620844736,5.816585262306801,6.574085670261044,-2.0748070777653873,-5.149156233957725
"2025","Soto, Gregory","642397","121","278","1031",-2.334192486790436,3.5131262710805955,2.492979641793353,-1.7285526947471437,-6.611745704917231
"2025","Núñez, Dedniel","673380","121","41","183",1.063285734593449,0.9861048775481036,2.9792711955567914,-1.5489279973309782,-1.353162341180469
"2025","Hamel, Dom","687589","121","6","13",-1.1384472218043131,-0.01765700716039803,-0.08882841427904233,-0.6274334700866265,-0.40452833027824614
"2025","Banks, Tanner","621383","143","266","1084",10.378547315996034,14.229199600294582,2.898581236915739,-3.97322066418407,-2.7760128570302025
"2025","Ramírez, Yohan","670990","134","154","604",-2.68307415864654,-1.0115154469123986,5.881156544848947,-4.788556680142449,-2.764158576440637
"2025","Nicolas, Kyle","693312","134","167","652",1.3787016435281827,3.7759329952256913,4.430080359187961,-3.949483637287593,-2.8778280735978763
"2025","Hahn, Jesse","534910","136","22","79",-2.0522510838300247,-2.271541280807413,1.5189963966003077,-0.8674767546738318,-0.4322294449490876
"2025","Speier, Gabe","642100","136","242","921",12.954020813602932,3.546445907437587,14.986422482438636,-1.309398768101941,-4.269448808171287
"2025","Snider, Collin","676092","136","118","477",-5.636132398457523,-2.8213524236303447,1.6836623988438175,-2.352304413437231,-2.146137960233767
"2025","Hjelle, Sean","663546","137","71","254",-5.27936475760781,-2.0799405895223235,-0.6751661381360674,-1.5190151977415218,-1.005242832207899
"2025","Miller, Erik","669062","137","124","482",3.4452492910284715,4.220223717946039,5.4302964035066115,-4.042832798191446,-2.162438032232729
"2025","Barnes, Jacob","606930","141","36","146",-0.0975506294232587,0.9660621143446175,0.15064470896905807,-0.7274942161205293,-0.4867632366164048
"2025","Burr, Ryan","621114","141","8","39",0.7600139334063294,0.5480026119449861,0.3869020475756283,-0.40581905523102296,0.23092832911673775
"2025","Estrada, Lazaro","681751","141","35","119",-2.813600198801942,-3.9093864728318413,2.2482998822352287,-0.13136245896152784,-1.0211511492438017
"2025","Gore, MacKenzie","669022","120","679","2818",0.4890678406589152,9.335458777010151,17.01395632629944,-16.241992841981187,-9.618354420669512
"2025","Hendricks, Kyle","543294","108","692","2573",-7.454890028418398,-6.531428498007867,21.396009935945308,-16.045315742892353,-6.27415572346339
"2025","Fulmer, Carson","608334","108","123","461",-0.4151792940672162,3.7639221329045833,1.6877648159546217,-3.6483726086543515,-2.2184936342720736
"2025","Joyce, Ben","690829","108","21","70",-1.2690336688546726,-0.13611589977180716,0.08413689148476121,-1.0725845090490198,-0.14447015151860684
"2025","Kelly, Casey","543391","109","6","24",0.21728629880413325,0.01865974853558286,0.4707154075338944,-0.027469943872059782,-0.24461891339328432
"2025","Puk, A.J.","640462","109","35","156",-1.6817717677014195,-2.6434958451072355,1.860354309968938,-0.30588108257288066,-0.5927491499902412
"2025","Ginkel, Kevin","656464","109","121","491",-4.191794088528777,-0.23151514824494807,0.7056940624432151,-2.546462742186758,-2.1195102605402925
"2025","Hoglund, Gunnar","680684","133","138","547",-9.700081058682462,-3.370983246738224,-0.37459350399422525,-4.646357247925961,-1.3081470600240577
"2025","Elder, Bryce","693821","144","678","2514",-14.590652785736774,-2.9764169640159195,11.011475916041892,-13.832237079748484,-8.793474658014317
"2025","Waldrep, Hurston","694462","144","221","862",8.057968419048178,8.58079270028735,6.900937593032721,-3.1533362314912416,-4.270425642780654
"2025","Young, Brandon","687064","110","256","940",-14.582499897719966,-2.199547635181333,-2.4034365945676237,-7.7293318303415575,-2.2501838376294647
"2025","Lodolo, Nick","666157","113","640","2478",5.206976634045973,-3.109637461774933,23.402349838656956,-2.6238835791995254,-12.461852163636534
"2025","Greene, Hunter","668881","113","420","1748",19.654544994949664,11.719253498893984,20.853851584084452,-7.165886986136893,-5.752673101891833
"2025","Allard, Kolby","663465","114","263","1000",4.657613992930086,10.593477222685895,0.35289316870163145,-3.5618301855009715,-2.7269262129564775
"2025","McKenzie, Triston","663474","114","30","123",-2.9827747080939617,0.6600959060045826,-0.2647876238887525,-1.5154225134244563,-1.8626604767853348
"2025","Gilbreath, Lucas","656458","115","4","18",-0.8092082532668131,-1.521716324263146,0.5167650004947045,0.02801261980314549,0.16773045069848266
"2025","Trejo, Alan","676701","115","3","16",0.15807229900087505,0.6185008766730751,-0.16777119567093432,-0.1297884122977996,-0.16286896970346593
"2025","González, Wikelman","682790","145","87","368",2.596686400807242,5.475124340926645,1.9617862380691538,-3.3910584984643,-1.4491656797242556
"2025","Lee, Korey","686676","145","14","44",-1.1299577944101276,-1.35116391325915,0.7223320482302674,-0.2616332124797042,-0.2394927169015414
"2025","Hartlieb, Geoff","664129","116","24","109",-5.369998667343271,-2.0913133670518382,-1.4848741954748848,-1.1196952708867574,-0.674115833929793
"2025","Smith, Dylan","681916","116","48","165",2.514085050324136,7.338799756709184,-0.8132013036382539,-2.0458604093265005,-1.9656529934202922
"2025","Lynch IV, Daniel","663738","118","288","1088",-3.2270382365715258,9.642449507559906,-0.5282029831022071,-7.424735087566286,-4.916549673462938
"2025","Dreyer, Jack","676263","119","302","1146",18.871712897306736,13.462549730297074,16.567834112950926,-5.676794334130314,-5.481876611810934
"2025","Vesia, Alex","681911","119","234","1023",11.501505765805323,13.38546191475097,9.87309664764198,-6.894042884733016,-4.8630099118546015
"2025","Rodriguez, Carlos","692230","158","50","208",-3.692801695318699,-1.1224945762422798,0.5292789646450513,-2.2089577456786813,-0.890628338042789
"2025","Fitzgerald, Ryan","680837","142","8","24",0.4953942032311138,0.9379196484612151,-0.5674153934386958,0.3682287551487773,-0.24333880694018276
"2025","Reyes, Pablo","622569","147","8","18",-2.5639655461639803,-2.2273138412930233,0.5535344164243583,-0.8475702055009899,-0.0426159157943246
"2025","Wheeler, Zack","554430","143","585","2394",24.05032092570587,16.327305474903113,24.288947689969365,-8.376420220078314,-8.189512019088307
"2025","Vargas, Carlos","672841","136","325","1095",-1.2899291627389007,0.43857401593153544,8.370064386795717,-5.907861056295814,-4.1907065091703455
"2025","Curvelo, Luis","681168","140","83","325",0.008370258144895323,3.8380593418725395,1.9802537694091649,-4.238463742955621,-1.571479110181191
"2025","Sims, Lucas","608371","120","72","279",-8.120205784050592,0.5882332088084141,-0.8397465281974322,-3.2561426953868655,-4.61254976927471
"2025","Crismatt, Nabil","622503","109","153","534",-5.185998024000996,-0.656424052575983,2.4892044132524775,-5.29884558024302,-1.7199328044344626
"2025","Woodford, Jake","663765","109","169","625",-3.2015213501716704,1.5892936430808693,3.2489528106113674,-4.550128725349909,-3.489639078513997
"2025","Rashi, Taylor","688497","109","72","319",1.9832553335908456,2.345493547180292,1.4395358398892035,-0.40740320897227084,-1.3943708445063783
"2025","Murdock, Noah","668716","133","95","392",-7.899682592328598,-0.20980360092227007,-1.422184121728683,-3.8674632476012416,-2.4002316220763973
"2025","Holmes, Grant","656550","144","491","1964",-1.6286489679893443,6.529105506671708,11.870267442390793,-9.61135520889786,-10.41666670815401
"2025","Daniel, Davis","669721","144","46","183",-1.777339615148818,1.718137894061564,-1.1899428985569154,-1.7350300174072364,-0.5705045932462309
"2025","Castillo, José","620454","110","148","543",-3.938548651205051,-1.6304341181514879,3.928997354933872,-3.5309570578372775,-2.70615483015017
"2025","Dubin, Shawn","681869","110","145","551",-4.377660631954194,-2.6663563690275462,3.4839986068228908,-2.310987025812005,-2.8843158439375465
"2025","Freeland, Kyle","607536","115","707","2482",-15.925558296140213,-6.320875986936108,4.887554184497357,-8.195830019240342,-6.296406474461088
"2025","Feltner, Ryan","663372","115","135","522",-1.422238377183636,2.048370070645362,2.192590823175739,-3.524112983563271,-2.1390862874414633
"2025","Booser, Cam","592155","145","142","571",-7.232905873894365,-2.849375632932883,1.5824453180359297,-4.708277981320458,-1.2576975776769577
"2025","Hanifee, Brenan","669724","116","258","946",-2.166636240498842,2.3314292485092176,3.3155888038949697,-5.339239842224399,-2.4744144506786228
"2025","Hurter, Brant","676428","116","274","1052",3.10451494523292,9.934262021772062,6.9284727658951155,-6.917860939218357,-6.840358903215887
"2025","Ort, Kaleb","672391","117","193","788",-1.637387018535525,5.167488825579403,3.7946032497760114,-6.533475176101396,-4.06600391778954
"2025","Schreiber, John","670167","118","264","1047",3.406613331912656,9.091477650752921,2.745450375581894,-5.961835273475128,-2.4684794209469993
"2025","Kershaw, Clayton","477132","119","463","1770",6.406498383964845,15.441693978307836,7.15864698499535,-7.990760110824799,-8.203082468513585
"2025","Ohtani, Shohei","660271","119","187","753",11.781110859230093,8.680592976445386,7.086315763810326,-1.1507315420188882,-2.8350663390067115
"2025","Gonsolin, Tony","664062","119","157","609",-5.753235378349696,-2.8527122432376415,6.4314255588087015,-7.049100980828637,-2.282847713092126
"2025","Martinez, Seth","661527","146","27","120",-1.0170908562101326,2.9215136205630134,-2.6053992965055808,-0.5767437144446669,-0.7564614658228976
"2025","Myers, Tobias","668964","158","220","826",-0.022409712508753305,7.994310704075963,2.622864270186774,-8.22706059223573,-2.4125240945357547
"2025","Canning, Griffin","656288","121","327","1343",4.090990163647719,11.378549779357394,5.1935954858056705,-6.9676958821131345,-5.513459219402218
"2025","Winans, Allan","642216","147","46","171",-4.640270403306244,0.9358941859722621,-3.6170086344963517,-1.0825657718860495,-0.8765901828961025
"2025","Nola, Aaron","605400","143","404","1568",-8.870554086058103,-2.368007863326802,7.674648882702902,-10.03314804851369,-4.144047056920529
"2025","de Geus, Brett","676969","143","10","47",0.21915511902659868,0.9305703709790392,-0.1893151631439663,-0.21589891487309132,-0.3062011739353825
"2025","Darvish, Yu","506433","135","296","1158",-6.331102320125723,1.9585483883581016,3.9327165232253316,-5.379942676967003,-6.842424554742123
"2025","Muñoz, Andrés","662253","136","251","1035",16.194942230322603,12.046152166621889,11.438117096435116,-2.3542159466042167,-4.935111086130154
"2025","Taylor, Troy","700187","136","37","136",-6.23367872407942,-0.7018825127329129,-1.844290710647955,-3.04583965644112,-0.6416658442574337
"2025","Pallante, Andre","669467","138","715","2720",-9.848176278434844,1.000678695413698,15.65591280224557,-16.45364132820693,-10.051126447887174
"2025","Leahy, Kyle","681517","138","362","1350",13.331854892731513,11.293252216089318,10.864366356742813,-4.385959428480898,-4.439804251619702
"2025","Muñoz, Roddery","682610","138","51","229",-2.726261941237585,-2.8863409559807502,3.0661779301415413,-2.353936811094421,-0.5521621043039582
"2025","Montgomery, Mason","682254","139","209","859",-11.204396601204756,2.9795553653411035,-4.253797343030843,-6.2861153171152315,-3.6440393063997822
"2025","Van Belle, Brian","687003","139","36","129",-1.132350923280021,-0.8584861089373783,-0.2197708369036358,0.1623877571542131,-0.21648173459322168
"2025","Mahle, Tyler","641816","140","346","1381",13.985729362441026,15.010448576161622,11.095268742954707,-9.712082868564593,-2.4079050881107342
"2025","Leiter, Jack","683004","140","646","2584",7.141403418710965,18.553078539633375,20.04955076822261,-18.533774502461615,-12.92745138668342
"2025","Corniell, Jose","692030","140","9","41",-0.9498014903678701,-1.3472770581999132,0.8234014343712629,-0.36396112442597583,-0.06196474211324375
"2025","Rodríguez, Yariel","684320","141","295","1159",8.132775746128873,6.4961934182876115,16.160991385433967,-7.863770220724403,-6.6606388368682845
"2025","Varland, Louis","686973","141","295","1066",3.683225460062378,-5.478933917565157,14.872637259855528,-2.6185871329012445,-3.091890749326766
"2025","Alvarez, Andrew","674841","120","98","417",4.819086244340871,8.874495218842814,0.7849566275943584,-3.5113480399849415,-1.3290175621113611
"2025","Ureña, José","570632","108","244","934",-5.988396555881789,-0.2193421290387601,6.583070524943133,-7.659026187535695,-4.693098764250464
"2025","Basso, Brady","669620","133","55","206",-1.2345195668295612,3.185584805878488,-2.3800972795065816,-1.2823964012957823,-0.7576106919056835
"2025","Sale, Chris","519242","144","510","2031",21.683634729512157,7.902234857839735,22.736176257512774,-2.774820048373318,-6.17995633746709
"2025","Hernández, Daysbel","678226","144","162","717",-1.33175176615664,5.66079954931788,4.526653717276081,-6.037974518067296,-5.481230514683305
"2025","Wiles, Nathan","686249","144","7","24",-1.6542844875701221,-0.6358817576271483,-0.8263506499679772,-0.19256551354072104,0.0005134335657243204
"2025","Martin, Corbin","656686","110","89","332",-8.021549955678068,-5.451593223784521,1.600826047317845,-2.412312802438988,-1.758469976772403
"2025","Bello, Brayan","678394","111","700","2697",3.9010404930191194,14.740507730566263,20.405345022157768,-18.844163173359885,-12.400649086345007
"2025","Kittredge, Andrew","552640","112","207","768",9.536620437251011,2.1203355235897092,8.360746558164191,0.44843691448747947,-1.3928985589903413
"2025","Boyd, Matthew","571510","112","718","2746",16.91258903096617,20.66355002841587,19.894884342589613,-12.472340350857563,-11.173504989181815
"2025","Rogers, Taylor","573124","112","219","894",-5.945870294942254,-2.9846079487086543,3.978646281279806,-5.4114272084478285,-1.5284814190655924
"2025","Thielbar, Caleb","573204","112","219","839",13.814285876453884,4.976925628447731,16.111862263090867,-4.741146998195879,-2.5333550168888435
"2025","Enright, Nic","663671","114","127","532",4.452119463746285,5.222499498371415,5.517318780698699,-5.003911970637523,-1.283786844686305
"2025","Herrin, Tim","682120","114","192","750",-4.728900550598751,3.3710341836154143,1.7894020429891637,-4.355456157233325,-5.53388061997001
"2025","Contreras, Roansy","672710","115","51","197",-0.8723322707521056,0.16680325791818162,1.8914174990595272,-1.5984604907435234,-1.3320925369862908
"2025","Paddack, Chris","663978","116","670","2565",-12.947740987654427,-14.331020518035386,27.987539831807158,-20.648392594651593,-5.955867706774472
"2025","King, Bryan","687911","117","275","1046",3.22805222002437,5.010226043510218,6.722453611947197,-4.894092111016948,-3.610535324416092
"2025","Rojas, Miguel","500743","119","28","69",-5.9290871056930605,-4.295911210335084,0.37399784645910367,-1.6365341970104184,-0.37063954480666206
"2025","Stewart, Brock","592779","119","157","610",5.36809464280885,2.315835073611241,9.72267945567267,-3.5545407342998017,-3.1158791521752613
"2025","Kopech, Michael","656629","119","53","231",0.9048105580571991,4.31511788387839,1.0487187177824884,-3.0538962684916173,-1.4051297751120613
"2025","Sauer, Matt","669422","119","129","512",-7.737963093803881,-3.428613334517432,2.4063335158749464,-3.8566434570041133,-2.8590398181572887
"2025","Junk, Janson","676083","146","447","1622",7.182479901925911,13.193391319321938,8.578019160901539,-10.683320650125166,-3.9056099281723964
"2025","Meyer, Max","676974","146","285","1039",-6.739727269928168,-2.9750419298864608,3.465142279978729,-4.714694132075701,-2.5151334879447638
"2025","Dobnak, Randy","677976","142","19","79",1.413888354861529,0.7681839230618392,1.9637065367800124,-0.8449015566692958,-0.4731005483110273
"2025","Laweryson, Cody","689520","142","26","93",3.645130468048553,0.8721232066186221,2.590729512663199,0.2703398900415887,-0.08806214127485432
"2025","Ohl, Pierson","701487","142","133","544",-5.720137204514405,1.8345221666058633,-2.7548598635882926,-3.810949329122356,-0.9888501784096223
"2025","Williams, Devin","642207","147","258","1115",10.260074366260184,4.845705834802703,15.94097449497651,-7.082647570157781,-3.4439583933612297
"2025","Mlodzinski, Carmen","669387","134","419","1647",4.516475078022473,16.94343611358202,1.8459857899493572,-9.230668631369825,-5.042278194139114
"2025","Harrington, Thomas","802419","134","50","200",-9.728439659806604,-5.1808531916132665,-1.5901126244740305,-2.1096932456017883,-0.8477805981175223
"2025","Mastrobuoni, Miles","670156","136","6","23",-0.1497155187191482,0.27376553897620687,0.21787851225972796,-0.492339716552444,-0.14901985340263915
"2025","Mikolas, Miles","571945","138","668","2483",-20.86138010012869,6.587739526184921,-4.427529104211657,-16.062498717327426,-6.9590918047745705
"2025","Raquet, Nick","675919","138","7","27",1.2486685939011661,0.9803162657058873,0.3055739458412683,0.10189873603846546,-0.13912035368445466
"2025","Roycroft, Chris","688297","138","100","394",-5.997385188019055,-1.5482814280589539,0.899076351272542,-2.580850458226185,-2.7673296530064615
"2025","Whitley, Forrest","666215","139","66","256",-8.2491788669795,-3.471995555214663,-1.3623658610753766,-2.7318928174350168,-0.6829246332544421
"2025","Baz, Shane","669358","139","711","2718",-8.47866330272315,3.7468442186683046,11.525951063757573,-16.222740604085708,-7.528717981063317
"2025","Eovaldi, Nathan","543135","140","494","1919",32.22295606452555,20.04469535741167,28.963317535171992,-9.41239917550259,-7.3726576525556435
"2025","Poulin, PJ","676571","120","110","419",1.6818061646610496,4.163458965688629,1.288489956567778,-1.626440151590405,-2.143702606004952
"2025","Kochanowicz, Jack","686799","108","508","1859",-26.264034337739602,-8.78671499765359,9.042275004350264,-16.067039623420957,-10.452554721015435
"2025","Farris, Mitch","815083","108","107","405",-3.833683796822728,2.1975355185313736,-0.28145647077998914,-3.700205376805782,-2.049557467768334
"2025","Neris, Héctor","593576","117","123","548",-8.153901501267562,-1.5577091482474545,-0.22665923479126932,-3.309363021707182,-3.060170096521654
"2025","McGough, Scott","543518","133","75","297",-4.210179735217649,-2.372481803784306,2.123721198762108,-2.682679861778625,-1.2787392684168266
"2025","Núñez, Eduarniel","674384","133","59","249",-4.624527135582675,-0.9981596482988379,0.9167453689862577,-3.687260611935287,-0.8558522443348082
"2025","Barnett, Mason","686930","133","104","431",-4.257369634850626,6.277629036099898,-5.717472141060979,-3.2432396842742124,-1.5742868456153292
"2025","Little, Brendon","663893","141","291","1240",7.039353944985194,9.524320800296142,9.480385140956514,-4.136346103163952,-7.829005893103506
"2025","Dodd, Dylan","689266","144","136","536",2.9537760364309227,4.469572393871121,2.4186742968902504,-1.1072379214575827,-2.8272327328728677
"2025","Anderson, Grant","681982","158","296","1158",1.8435914236547253,-3.657582545899349,13.165882764511753,-4.147430657258301,-3.517278137699396
"2025","Burleson, Alec","676475","138","4","7",-0.30229253862953853,0.2753840195784822,-0.4690048783370793,0.33259807357177545,-0.44126975344271696
"2025","McGreevy, Michael","700241","138","400","1465",1.660558148156476,9.050583370231367,5.459462736020601,-9.542434116558917,-3.307053841536569
"2025","Nelson, Ryne","669194","109","619","2466",19.26033948428942,19.5122762690338,25.35208224370579,-19.573546961236065,-6.030472067214127
"2025","Hancock, Emerson","676106","136","385","1423",-9.339128569602833,3.3987261607352903,5.004782920601402,-10.82024854281688,-6.922389108122661
"2025","Alcantara, Sandy","645261","146","745","2891",2.7350484042961813,-0.5084528461139616,31.941254976896154,-18.056594444336163,-10.641159282149951
"2025","Monteverde, Patrick","687287","146","20","87",-2.4387138507524306,-1.4557473143692277,-0.5454076380093597,-0.13825543587894545,-0.29930346249489737
"2025","Montas, Frankie","593423","121","178","708",-11.910118794683376,-7.982260379216144,3.4714391272319283,-3.9601680544181663,-3.4391294882809653
"2025","Garrett, Reed","657585","121","236","979",7.2175752158876625,5.679504698214281,10.66542434781046,-3.4404967372973565,-5.686857092839718
"2025","Stallings, Jacob","607732","110","8","26",0.3331478137441522,0.17753705401373335,1.0116036134786663,0.08489476071355517,-0.9408876144618024
"2025","Romano, Jordan","605447","143","186","701",-5.837764963862901,-4.570647950954791,5.13247366345701,-3.730471229250205,-2.66911944711492
"2025","Duran, Jhoan","661395","143","283","1073",19.194141881361034,8.45097851367158,17.443624574277703,-3.4364419745491976,-3.26401923203906
"2025","Santana, Dennis","642701","134","270","1002",17.670041587028248,13.09236106631048,9.644951410124037,-1.6814664294707515,-3.3858044599354913
"2025","Coulombe, Danny","543056","140","176","719",6.863595598512255,7.425820581021049,3.3597982808702733,-2.2584756522808744,-1.6635476110981942
"2025","Garabito, Gerson","642520","140","41","121",-4.3173475661796425,-2.0174886678881325,-1.2698391449199193,-0.15639921815047436,-0.8736205352211154
"2025","Garcia, Robert","676395","140","267","972",7.4899652665816285,4.210923970160997,9.446131526934364,-3.201903423921861,-2.965186806591879
"2025","Rocker, Kumar","677958","140","287","1127",-8.885792828387213,-5.060451846686246,4.99265749473459,-4.7946577431483055,-4.023340733287262
"2025","Uceta, Edwin","670955","139","318","1214",2.6010214382565735,-2.7847685320848954,15.819516619707985,-4.5962615229782156,-5.837465126388321
"2025","Boyle, Joe","671212","139","225","934",-1.4047761702372854,8.439637700913874,5.194873474470653,-9.787654424978967,-5.251632920642845
"2025","Seymour, Ian","693855","139","241","995",4.230296213811569,8.752717969879711,7.430964948650303,-8.749709989706522,-3.2036767150119214
"2025","May, Dustin","669160","111","581","2169",-9.843026416315736,-1.8826661060675198,17.732555893751545,-15.267361905732583,-10.425554298267162
"2025","Weissert, Greg","669711","111","277","1069",7.575151536895763,3.7924838452052945,12.126492474199095,-4.6160884236739035,-3.727736358834724
"2025","Slaten, Justin","686580","111","135","499",7.01389335119137,7.257076600512041,2.5380277232570996,-1.451583938931847,-1.3296270336459268
"2025","Wynne, Randy","691094","113","13","47",-1.057205156916568,-1.1670174819901564,1.210065374455089,-1.032118148838783,-0.06813490054271774
"2025","Zulueta, Yosver","691172","113","32","140",0.031710235092649336,2.076402886452972,-0.3443620962513638,-1.4029543930222268,-0.2973761620867316
"2025","Yastrzemski, Mike","573262","118","7","21",-0.879798271350593,0.39203208355634916,-0.2753461108010927,-0.7309107355420089,-0.2655735085638403
"2025","Bowlan, Jonathan","680742","118","180","727",5.34150222887298,4.462923136518057,5.872190180824047,-2.991973241487347,-2.0016378469817737
"2025","Abel, Mick","690953","142","174","720",-2.561471166928526,0.20961818170371344,2.49332216745601,-3.7609313250322685,-1.5034801910559825
"2025","Ottavino, Adam","493603","147","9","42",-0.13087612496717266,0.6783388685074387,0.8054282745591557,-1.0830895911414689,-0.5315536768922979
"2025","Hamilton, Ian","641656","147","165","641",2.1609677141586423,-1.993431109082327,9.644683813056211,-2.0862211778397115,-3.404063811975525
"2025","Brogdon, Connor","641401","108","195","840",-7.7111856050913925,0.7356412702772358,-0.36098752793381317,-5.179937459395021,-2.9059018880398026
"2025","Kingery, Scott","664068","108","18","37",-5.952181679030109,-3.47605089197091,-2.326162930585794,-0.12342710875415569,-0.026540747719250656
"2025","Mederos, Victor","682989","108","81","314",-6.5057918714918825,-2.7097224029944584,2.306310319219778,-3.266562818170964,-2.835816969546237
"2025","Hoffmann, Andrew","694851","109","61","245",-3.9498309542366283,-0.9195232223243932,0.12333526928402641,-1.9161051837021126,-1.2375378174941483
"2025","Newcomb, Sean","656794","133","389","1546",4.697995468955405,13.17300707029623,8.546039971780518,-10.27770961085561,-6.743341962265741
"2025","Estes, Joey","683155","133","55","186",-5.636059540263547,0.7231904645618964,-3.4727414795446303,-2.300823034885818,-0.5856854903949983
"2025","Maldonado, Anthony","687424","133","32","129",-5.719568116351935,-4.352832283345195,0.5339364251420835,-1.0361141157893414,-0.8645581423594809
"2025","Muñoz, Rolddy","691548","144","21","78",-2.248422761118683,-0.9115793746414538,1.0752829515426505,-1.0081142936887173,-1.4040120443311617
"2025","Rogers, Trevor","669432","110","423","1627",29.35237228868319,17.87505376400311,28.572596327021593,-12.488744761468217,-4.6065330408733365
"2025","Winckowski, Josh","670174","111","52","207",1.5395760841175679,1.0204114664123232,2.6164856170000594,-1.1421392186215122,-0.9551817806733022
"2025","Rea, Colin","607067","112","662","2534",2.417248780990959,13.712204896133956,11.801553677275344,-13.550701103274145,-9.54580868914428
"2025","Cosgrove, Tom","676680","112","16","64",1.441324836242716,0.919909345658882,0.48639385431808757,0.07169346152761283,-0.03667182526186652
"2025","Imanaga, Shota","684007","112","567","2176",5.733287879584815,7.000546130276452,13.394393413831326,-9.651665930579538,-5.009985733943455
"2025","Miley, Wade","489119","113","55","205",-3.4803139758990933,-0.10430330835805353,-0.1797525850961068,-1.7931023115297933,-1.4031557709151392
"2025","Bibee, Tanner","676440","114","761","2969",1.8695403718845838,8.404468868471408,21.220921753934057,-15.64029241752483,-12.11555783299611
"2025","Peralta, Luis","678821","115","101","436",-9.845708048852979,-1.1688392632394053,-0.9593921178527478,-5.042509619173969,-2.6749670485868564
"2025","Clevinger, Mike","605182","145","31","114",-1.6763870307882804,-1.0341688874908155,1.8534031568087859,-1.79775453963016,-0.6978667604760908
"2025","Nido, Tomás","621512","116","6","9",0.8425194280644099,0.04317310415892571,1.1607015500248048,-0.03462242695107949,-0.3267327991682409
"2025","Melton, Troy","675512","116","180","656",5.246482283891607,6.2106230938043305,4.286898765652592,-3.913215788351807,-1.3378237872135135
"2025","Jobe, Jackson","695549","116","218","877",-2.251310884725609,1.237849749543617,7.838512133170043,-6.930017708639875,-4.397655058799382
"2025","Lugo, Seth","607625","118","610","2380",-14.527764451534965,-6.066185436206006,19.64501708313995,-18.475775020180983,-9.63082107828785
"2025","Glasnow, Tyler","607192","119","366","1480",10.312165421955568,14.802923830138045,12.897434621990094,-10.814524145229903,-6.573668884942662
"2025","Tarnok, Freddy","676206","146","28","130",0.8511256759466617,2.7658820258717176,0.2816272940541398,-0.9165442365548329,-1.2798394074243626
"2025","Pérez, Eury","691587","146","385","1673",8.64565309020847,13.122901492583788,12.272049238240871,-7.69120792498743,-9.058089715628707
"2025","Bauers, Jake","641343","158","29","79",-2.810690172362616,0.45928086371764476,-1.8619063727941352,0.031102026126633264,-1.4391666894127566
"2025","Thomas, Connor","671162","158","31","119",-5.642466550180859,-2.1861919612318825,-1.262834130299697,-2.0343074706872053,-0.15913298796207428
"2025","Clemens, Kody","665019","142","6","20",-1.748728938250889,-0.631538337306305,-0.9004927176580535,-0.21669788328653006,0
"2025","Bradley, Taj","671737","142","591","2272",-3.977359470745559,6.2349709360024805,11.484781927202851,-14.172820937844579,-7.524291396106341
"2025","Stanek, Ryne","592773","121","255","1063",-5.665170216201206,3.679463588716036,3.1509246351825086,-7.448070286298351,-5.047488153801399
"2025","Matzek, Tyler","554431","147","35","127",-2.466043089604388,-2.350275658050194,1.0542775767632115,-0.873995819971929,-0.29604918834547644
"2025","Fried, Max","608331","147","801","3109",20.922962277484647,16.76339314430748,37.81806358018734,-22.232371743944324,-11.426122703065893
"2025","Sandridge, Jayvien","682144","147","6","31",-1.353513046393292,-0.5784975651214928,0.19706456017901613,-0.6692309279752592,-0.3028491134755564
"2025","Matsui, Yuki","673513","135","270","1063",-2.051871953599091,6.685897871149863,2.368096926697698,-7.406278243972264,-3.6995885074743846
"2025","Lawrence, Casey","596271","136","80","276",-2.4036224895335025,1.3643895976563387,0.3662807578522621,-3.516375709291785,-0.6179171357503223
"2025","Gilbert, Logan","669302","136","535","2156",9.495710793993267,-1.3108651922036145,20.73060892029142,-1.7407209623125932,-8.183311971781956
"2025","Ray, Robbie","592662","137","754","3069",3.7552755591065607,18.154725920015306,19.23903995429239,-18.636882742132784,-15.001607573068458
"2025","Berríos, José","621244","141","696","2584",-5.731965085266452,10.08443592524232,10.045407386253398,-14.21432747764599,-11.647480919116258
"2025","Detmers, Reid","672282","108","262","1084",6.79239574218695,5.307630193122733,8.96609782302663,-4.319475245074355,-3.161857028888073
"2025","Dana, Caden","702674","108","141","562",-7.4943548183522495,5.806280203364929,-4.8270179424825645,-5.235810112520697,-3.2378069667139013
"2025","Nelson, Kyle","669459","109","11","44",-1.03503004659154,1.050419824570099,-1.1945198953181169,-0.49377291681386504,-0.3971570590296573
"2025","Payamps, Joel","606303","144","116","449",-7.9898964592825745,-2.680602619665718,1.3461522761696805,-4.932880986171682,-1.7225651296148512
"2025","Kremer, Dean","665152","110","693","2693",3.9635268238585066,12.241146263168918,22.597073659974637,-21.3807316923582,-9.49396140692679
"2025","Sánchez, Ali","645305","111","6","18",-1.3234960256326134,-1.4061682070980148,-0.1765192998568268,0.3151297568523906,-0.05593827553016249
"2025","Pressly, Ryan","519151","112","182","661",-4.504106744353279,5.481229861439372,-0.17622570503344556,-5.96228209329004,-3.8468288074691586
"2025","Hodge, Porter","687863","112","146","624",-4.762525149854786,-5.8043314500197,8.072493573083001,-5.244905663123102,-1.7857816097949821
"2025","Brown, McCade","685326","115","126","502",-10.640049240509104,1.5133738201623914,-2.748579859879529,-5.015423668445605,-4.389419532346343
"2025","Palmquist, Carson","687223","115","175","705",-15.275690978471012,-1.3581207327396805,-1.8306194996185978,-8.163590054450568,-3.9233606916621535
"2025","Burke, Sean","680732","145","595","2376",-13.977184186645138,1.894825512064079,12.735199567353249,-21.276162157376987,-7.331047108685465
"2025","Capra, Vinny","681962","145","15","32",-1.949641472082665,-0.6990855550215651,-0.6441801813663678,-0.5441904334711498,-0.06218530222358229
"2025","Urquidy, José","664353","116","14","56",-0.8267089579283109,-0.41712232294665963,0.6767386445674441,-0.8546572407427606,-0.23166803880633494
"2025","Heuer, Codi","676051","116","21","87",-3.5450613894798892,-1.0653713192885403,-1.2169962702867974,-0.4261157001305385,-0.8365780997740124
"2025","Horn, Bailey","690544","116","50","224",0.18723485009721252,3.9276433586749593,-0.23915919093170313,-3.453689095951968,-0.04756022169407584
"2025","McCormick, Chas","676801","117","15","54",-0.650012615683143,0.5762926213462812,0.8706413963781345,-0.7847332688295159,-1.312213364578043
"2025","Arrighetti, Spencer","681293","117","156","618",-4.010419440086301,1.717209773208466,0.7935811589991719,-4.84689116593326,-1.674319206360682
"2025","Avila, Luinder","679883","118","56","217",4.789395819587883,2.6929777318939525,3.427961841418223,-0.1341691080303372,-1.1973746456939551
"2025","Hernández, Enrique","571771","119","37","125",-5.199183187132093,-1.706900594075976,-0.6172290828169584,-1.3932295772534413,-1.4818239329857137
"2025","Treinen, Blake","595014","119","124","511",-3.0492944921177743,-2.3599653946517005,2.077189534494285,-1.8533820827904848,-0.91313654916987
"2025","Weathers, Ryan","677960","146","166","642",-2.3711774920041373,-0.6982818006241625,3.5406975685986373,-3.3560094706064882,-1.8575837893721387
"2025","Miller, Shelby","571946","158","182","705",6.949199272041645,6.011080138952956,6.552259071825347,-2.6833747260640353,-2.930765212672635
"2025","Zastryzny, Rob","642239","158","90","347",4.4658023189249185,5.568538595939806,1.3311376418512832,-1.019714045979827,-1.4141598728863403
"2025","Uribe, Abner","682842","158","296","1164",16.257624373747777,11.623442436399221,17.42299890123027,-8.460359640171928,-4.328457323709824
"2025","Henderson, Logan","701656","158","99","410",5.939863690632615,3.358979655300941,5.121377568515074,-0.8122593810598441,-1.7282341521235605
"2025","Young, Danny","664849","121","37","158",0.4131006980123554,0.9974171310212768,0.9904968001104258,-0.4102631168267818,-1.164550116292566
"2025","Young, Jared","676724","121","3","11",-0.30764670228028557,0,-0.040864749145936075,-0.16794864441950452,-0.09883330871484497
"2025","Sánchez, Cristopher","650911","143","807","2896",37.333012690199936,13.58137726754771,41.582104405192766,-8.236937607958016,-9.59353137458248
"2025","Hoffman, Nolan","676510","143","7","26",-1.5027999940635746,-1.0946444407983746,-0.17763396937385545,-0.08642821560612143,-0.14409336828522318
"2025","Shugart, Chase","663767","134","179","692",5.4532064001119815,7.438490857900627,5.271888183642655,-4.190517040964438,-3.066655600466864
"2025","Legumina, Casey","668984","136","217","861",-2.4882932647046094,0.6852969810718131,5.001727835152649,-5.546012566791551,-2.6293055141375357
"2025","Roupp, Landen","694738","137","475","1851",-4.822771459657196,6.0130210862958515,8.160504813801765,-11.929347970206239,-7.0669493895485935
"2025","Sulser, Cole","642121","139","89","387",5.010097495478426,7.438215802589962,0.2971742825548432,-1.296510040909492,-1.428782548756884
"2025","Jax, Griffin","643377","139","280","1093",3.0003835353947905,1.0368334226022553,5.866406301834826,-1.3660685726945583,-2.5367876163477447
"2025","Wilcox, Cole","677961","139","12","39",-3.216698382731768,-0.9069099003851195,-1.1255156451861361,-0.9156418131238229,-0.26863102403668887
"2025","Green, Chad","643338","141","188","710",-13.273268560837865,-4.278844624593553,-2.80727831455285,-3.800041492019996,-2.3871041296714437
"2025","Nance, Tommy","667297","141","126","461",6.5428606544490275,7.601943696382717,1.0325770274393484,-1.367191683613003,-0.7244683857600432
"2025","Henry, Cole","669371","120","240","967",-1.249960315898758,6.4820804379742905,10.594431108364127,-12.176456426364554,-6.150015435872611
"2025","Kikuchi, Yusei","579328","108","768","3094",-5.8568490562825835,10.433136145496508,14.595986224019674,-22.205661448959166,-8.680309976839625
"2025","Stephenson, Robert","596112","108","41","147",0.800581556789312,0.25967356430534316,1.6798411385084353,-0.6979415235587343,-0.4409916224657323
"2025","McFarland, T.J.","519008","133","74","272",-5.87360903327689,1.6334894597831824,-4.955185508967746,-1.0887692002658724,-1.4631437838264563
"2025","Rodríguez, Elvin","660730","110","90","335",-12.369411453763831,-6.923833535462449,-2.077193026595589,-1.357232976315307,-2.0111519153904855
"2025","Chapman, Aroldis","547973","111","227","917",23.244220128788537,13.637056298653592,13.524170372600869,-0.5913201804303634,-3.3256863620355843
"2025","Merryweather, Julian","657240","112","86","353",-3.420392337572132,-1.8957665614947166,1.5015311735029921,-1.7757842907110777,-1.2503726588693391
"2025","Mey, Luis","682825","113","95","414",-1.87273119038328,1.374171828677127,1.183075591485403,-2.343632061498148,-2.0863465490476605
"2025","Phillips, Connor","683175","113","98","377",3.937621798606323,4.424843101838723,3.1581464204868333,-2.026811184360489,-1.618556539358746
"2025","Bolton, Cody","675989","114","10","40",-0.7579893147327845,-1.2123614425958076,0.4891945873923771,-0.018018212941871448,-0.016804246587481975
"2025","Rainey, Tanner","663432","116","47","201",-0.4289847135019227,-0.07008268898524783,1.8020757912082186,-0.9630612080817786,-1.1979166076431151
"2025","Clarke, Taylor","664199","118","206","865",10.692953273887243,3.5296552576055675,13.232379973493986,-2.8173026736614077,-3.2517792835508974
"2025","Heaney, Andrew","571760","119","536","2082",-24.0730862922143,3.3253455061384947,-2.917085238970517,-18.519995120576866,-5.961351438805457
"2025","Gervase, Paul","801434","119","39","136",-1.2727378110949312,1.7151237695743495,-1.5691812776303298,-1.0590973232493632,-0.3595829797895879
"2025","Bachar, Lake","669199","146","293","1143",5.699208923368716,14.17736282257416,6.288367142372954,-7.771833976472178,-6.994687065106214
"2025","Simpson, Josh","681006","146","149","613",-7.088325305885486,-0.8092928173032006,0.9020760958650222,-3.726560955925304,-3.4545476285220085
"2025","Priester, Quinn","682990","158","653","2468",5.5626541006803425,2.7281992875772034,27.879904934279327,-15.193489889867633,-9.851960231308535
"2025","Hatch, Thomas","641672","142","150","586",-7.692192085344884,-0.5943160722094429,-0.037760897161318085,-5.710743518058382,-1.3493715979157375
"2025","Ober, Bailey","641927","142","624","2356",-16.552803100640674,-6.6760550002497965,9.33861277487024,-11.433732060934766,-7.7816288143263375
"2025","Misiewicz, Anthony","664948","142","23","115",-2.8951871482049274,-1.3131984892999076,1.248955104897511,-2.070157164620205,-0.7607865991823263
"2025","Garza, Justin","621057","121","28","86",0.0237435954889893,-0.7691869564246191,1.3328972094969236,-0.4879608182644428,-0.05200583931887149
"2025","Pop, Zach","647315","121","39","127",-6.60229833633161,-3.737126523723604,-1.4978850406333153,-0.9882173752410083,-0.3790693967336825
"2025","Warren, Will","701542","147","711","2802",-4.902800734630025,16.20234382279516,17.49006987238466,-25.377203225414497,-13.218011204395365
"2025","Buehler, Walker","621111","143","564","2189",-12.573691061764467,3.4421807525907915,15.018322910936186,-19.237092590590365,-11.797102134701078
"2025","Alvarado, José","621237","143","114","457",-1.436910899311721,-0.7086364489065327,2.9187987370589914,-1.1980931856046289,-2.4489800018595482
"2025","Sisk, Evan","681895","134","80","329",0.49253693589849745,3.949232678388703,0.701208018618658,-0.2431224607133998,-3.914781300395462
"2025","Castaño, Blas","680604","136","16","50",-1.831716362670954,-0.38315072981037035,-0.20503467487087026,-0.7236884306604976,-0.5198425273292159
"2025","Woo, Bryan","693433","136","731","2714",28.32526252722539,18.904522915990405,25.997855764785626,-9.068351965983734,-7.508764187566837
"2025","Seymour, Carson","693313","137","155","621",-4.030173142745709,1.7289408277964113,0.48573477301102036,-3.4734376290342586,-2.771411114518885
"2025","Birdsong, Hayden","806185","137","298","1194",-4.150479778280736,6.069369738235818,6.410567732964657,-9.159631315640503,-7.470785933840711
"2025","Fairbanks, Pete","664126","139","244","987",5.74525836294567,5.949609965399228,5.3978393087076375,-3.0970184264316822,-2.5051724847295147
"2025","Webb, Jacob","657097","140","265","978",8.241429631722967,2.7827322852330214,15.300702715863073,-7.1084194852963,-2.7335858840768577
"2025","Gausman, Kevin","592332","141","773","3030",25.927042302737824,24.95045001928793,24.127327610572234,-12.929778389914977,-10.22095693720742
"2025","Fisher, Braydon","680755","141","201","834",8.43731953961943,6.598193970093024,9.034406190466065,-3.55935636469439,-3.635924256245271
"2025","Thompson, Mason","666168","120","58","239",-4.29778918002859,-1.5386978740070667,1.6414352246581367,-4.090006375543365,-0.3105201551362943
"2025","Ferrer, José A.","678606","120","323","1208",1.1629153814972366,8.53363386900145,1.438355225404571,-3.476706451217192,-5.332367261691582
"2025","Brzykcy, Zach","694350","120","110","459",-4.984687663767128,-2.1520606602973396,2.85370875544914,-3.4831188376358186,-2.2032169212831088
"2025","DeSclafani, Anthony","543101","109","167","634",-6.866877668241928,-6.295503154548724,5.391504312735384,-2.135661627066845,-3.8272171993617463
"2025","Mantiply, Joe","573009","109","57","192",-11.47247513539143,-7.309649789860797,-2.428580479620245,-0.7284130275291206,-1.0058318383812654
"2025","Rodriguez, Eduardo","593958","109","692","2589",-19.26772504765946,5.237949098166581,7.7632952750273745,-24.645906417818473,-7.623063003034875
"2025","Jameson, Drey","686753","109","13","53",-2.0701954560391713,0.29895974386343993,-1.2645564783735437,-0.7793708927680576,-0.32522782876100975
"2025","Pope, Austin","687166","109","9","36",0.5012294989740254,0.8086878557454347,0.10656437901916088,-0.3458395948192114,-0.06818314097135869
"2025","Otañez, Michel","671305","133","28","121",-4.365582751352238,-0.208541850376459,-0.4352888643340541,-2.2325015845435776,-1.4892504520981469
"2025","Giolito, Lucas","608337","111","611","2368",5.001280799012189,6.471526902043001,22.05379461467825,-13.849649974939204,-9.674390742769916
"2025","Campbell, Isaiah","663462","111","35","109",-3.1352611230095766,-2.6007984040594447,0.5075725623887117,-0.458634100485099,-0.5834011808537435
"2025","Murphy, Chris","669684","111","147","569",3.6551925980627518,6.479527299147121,7.432583380231026,-6.001634896072593,-4.2552831852428
"2025","Horton, Cade","690990","112","476","1788",16.185062437198553,6.232373804421708,23.969051551389562,-9.315498767646913,-4.70086415096573
"2025","Messick, Parker","800048","114","165","625",2.279691156197843,-0.1937661505411835,7.8540550025255635,-3.7531591544339022,-1.627438541352627
"2025","Vodnik, Victor","680767","115","213","919",2.4998999382333613,8.33624293005333,5.479029275078421,-6.543722821885803,-4.771649445012604
"2025","Pérez, Martín","527048","145","228","902",6.280965739109921,6.467563640692389,10.692508572646913,-7.934509799502169,-2.9445966747272054
"2025","Sewald, Paul","623149","116","81","317",-1.356808374773791,-1.696854961349987,3.8415254696826087,-2.5265858837283464,-0.9748929993780702
"2025","Finnegan, Kyle","640448","116","227","846",9.32208377830952,5.550718673395264,9.875593612097488,-3.8491008415887777,-2.2551276655944434
"2025","Owens, Tyler","687074","116","15","66",0.37925576739873734,1.6913309131193253,-0.4369937641926253,-0.6743284227653694,-0.20075295876259353
"2025","Maile, Luke","571912","118","4","13",0.45734165546507066,0.5299225210857597,0.2973250377064777,-0.16990030732219177,-0.2000055960049749
"2025","Bellozo, Valente","678368","146","348","1322",-7.688487777439297,6.621440062660314,1.1464052914024392,-10.068705135800055,-5.3876279957019655
"2025","Henriquez, Ronny","678692","146","301","1158",12.695463606038686,12.183645050072471,6.016649598435245,-0.8749173520209923,-4.629913690448035
"2025","Roa, Christian","685005","146","12","41",0.579568427474685,0.8598581488436216,0.5415913068309399,-0.4927674007679247,-0.3291136274319518
"2025","Poche, Colin","621363","121","52","244",-4.821854430747404,0.46267365997099064,-1.0773325176147555,-2.806092680669372,-1.4011028924342723
"2025","Robertson, David","502085","143","77","304",-0.4328891165031006,-0.7802594811583412,2.952976607852342,-2.452616215521996,-0.15299002767510614
"2025","Mayza, Tim","641835","143","74","301",-0.3613498162461109,0.4158976858436837,1.9959146955959837,-1.3599218009897678,-1.413240396696011
"2025","Mercado, Michael","675650","143","20","85",-2.2237411323412966,-0.7073767472363909,-0.1967550104729165,-0.9597079822256807,-0.3599013924063085
"2025","Burrows, Mike","681347","134","401","1537",3.7258427573922086,6.770053735669891,16.79782610343875,-13.27765096024435,-6.564386121472099
"2025","Cease, Dylan","656302","135","720","3044",1.7675787410892627,10.251143182475406,24.162345908429696,-19.702802979395667,-12.943107370420146
"2025","Suarez, Robert","663158","135","267","1076",15.179084463943651,4.851803692195868,16.544237394029654,-4.207183812076714,-2.0097728102051766
"2025","Reynolds, Sean","669308","135","117","494",-3.1509476576895468,6.443829284800009,-2.133192264001866,-4.856323956744047,-2.605260721743645
"2025","Gillaspie, Logan","670810","135","31","112",-0.7490310737517087,0.9667471048832205,-0.849928038614264,-0.6403414351323798,-0.2255087048882858
"2025","Morejon, Adrian","670970","135","283","999",21.12132525756755,14.882704097750231,11.765056841895861,-4.950851799167566,-0.5755838829109842
"2025","Jacob, Alek","689690","135","153","586",-5.022537127816671,0.003563701889971252,1.9762887658607928,-3.3661361124767093,-3.636253483090733
"2025","Rodriguez, Bradgley","699134","135","30","127",1.6040435345141675,1.042234030029851,2.512743273831108,-0.3851688804817009,-1.5657648888650901
"2025","Evans, Logan","688138","136","349","1338",-10.06959824397622,-1.000884695870134,5.529559044898707,-10.117400820032541,-4.480871772972212
"2025","McDonald, Trevor","686790","137","60","212",3.9021255375326436,2.2621993998031766,1.8478494489826827,0.3090745898026249,-0.5169979010558406
"2025","deGrom, Jacob","594798","140","669","2614",32.909342388000255,17.919289705942465,29.395104514428187,-7.254857271367404,-7.150194561003055
"2025","Lucas, Easton","687922","141","108","438",-2.8243987650706943,-4.942425794317455,7.425866021354763,-3.433151361271467,-1.8746876308365379
"2025","Parker, Mitchell","680730","120","725","2705",-19.554407653496625,4.009792442302299,1.4587300998152721,-17.546985062950835,-7.475945132663347
"2025","Lara, Andry","691251","120","78","255",-5.771989108873584,-3.3627611243889453,0.48966159619736593,-1.7399991765136946,-1.1588904041683077
"2025","Newman, Kevin","621028","108","16","34",-0.6038277386043112,-0.0582958677018367,-0.47967941264408925,0.19013666455080794,-0.25598912280919234
"2025","Davidson, Logan","669722","108","3","14",0.773605868018882,0.7560191348668577,0.2429555547208799,-0.17699066827014143,-0.04837815329871407
"2025","Kavadas, Niko","694359","108","9","25",-0.16543347867517855,1.153790651338403,-0.5180455844889111,-0.2763655351978108,-0.5248130103268597
"2025","Suárez, Albert","544150","110","43","173",2.7224036799989806,2.641015414516438,1.9390228606846738,-1.1107955623766221,-0.7468390328255095
"2025","Poteet, Cody","547001","110","16","68",-3.2635573708515717,-2.4257193165901274,0.18572107330760992,-0.7777314043280759,-0.2458277232409785
"2025","Sugano, Tomoyuki","608372","110","673","2565",-13.23811177719822,-8.431020497596162,14.010456141149094,-11.426762169296513,-7.3907852514547105
"2025","Povich, Cade","700249","110","486","1971",-18.000709130790337,-0.8625015258610785,6.2829324119322765,-14.864483385761508,-8.556656631100038
"2025","Harrison, Kyle","690986","111","155","588",0.7586390257466675,4.6127181265869215,0.32283346386434464,-2.568245871268532,-1.6086666934360674
"2025","Palencia, Daniel","694037","112","214","841",7.16769482466175,3.8000512861983275,12.079070882313571,-5.427372665682307,-3.284054678167835
"2025","Nikhazy, Doug","680951","114","23","108",-3.020820095910777,0.5702188795341431,-1.9827830414349688,-0.9656808986780197,-0.6425750353319319
"2025","Gomber, Austin","596295","115","272","999",-19.5112296610516,-0.8506025924265002,-8.672732211661469,-6.979855601871559,-3.008039255092043
"2025","Mejia, Juan","675848","115","260","1074",-0.014124666712876793,2.5947822582875566,8.565210308917267,-7.111540288433794,-4.062576945483898
"2025","Lange, Alex","656638","116","6","20",-0.3358229522447756,-0.36923424230796215,0.20291435120595755,-0.031584492121276536,-0.13791856902149452
"2025","Lee, Chase","695445","116","147","600",-3.854744091427844,-4.5972682090046,5.859383290648256,-3.171745331652847,-1.945113841418653
"2025","Sommers, Drew","805427","116","19","78",-4.245085329277205,-2.3438165808153624,-0.6032726525292463,-0.9361926477841233,-0.36180344814847276
"2025","Zerpa, Angel","672582","118","275","1099",-2.5948331139194347,2.8969112469292675,2.848292528894062,-4.381554142245837,-3.9584827474969155
"2025","Soriano, George","666277","146","172","692",-11.642110345221347,-6.5034596935925935,2.9794099837255397,-3.557943727974744,-4.560116907379542
"2025","Patrick, Chad","694477","158","502","2010",7.493784325679404,11.95017407547538,20.97183715058944,-18.305341902075103,-7.122884998310311
"2025","Torrens, Luis","620443","121","8","23",-5.154506385070285,-0.8567501099153568,-3.5147026338630796,-0.4629124497933095,-0.32014119149853654
"2025","Tidwell, Blade","694918","121","78","309",-6.102376732225789,1.895459840632172,-2.4691369409051176,-4.376823175717887,-1.151876456234955
"2025","Tong, Jonah","804636","121","87","371",-6.359371827213891,2.7924671072099954,-4.3195554433031145,-2.7374444056805602,-2.094839085440221
"2025","Yarbrough, Ryan","642232","147","264","1017",0.6716956885886467,0.9103750670026354,9.90680211185043,-5.317361497971081,-4.828119992293341
"2025","Gil, Luis","661563","147","244","970",-0.06599960305712427,10.956363625652314,1.530875981702507,-8.347843868005137,-4.2053953424068045
"2025","Bednar, David","670280","147","249","1024",12.036936130304987,8.723837460204829,8.765489071854219,-2.698760181779352,-2.753630219974699
"2025","Walker, Taijuan","592836","143","538","2061",-13.379246155869328,2.2254145205465212,7.521686154631203,-15.208005914599152,-7.918340916447901
"2025","Triolo, Jared","669707","134","8","23",-2.5312206160663426,-0.2911466468226699,-2.1051089582236675,0.11379988745974562,-0.24876489847975033
"2025","Houser, Adrian","605288","139","518","1892",4.17283980278438,8.02344822870754,15.23099967825518,-12.272895418087705,-6.808712686090665
"2025","Englert, Mason","669438","139","184","724",6.888306582705751,3.2565166162093524,9.717948474850933,-3.8074029296096406,-2.2787555787449056
"2025","Gerber, Joey","680702","139","15","64",-0.34055650757285477,1.4301049480227184,-1.1371075526401804,-0.5723993523138589,-0.06115455064153365
"2025","Pepiot, Ryan","686752","139","679","2699",0.7462950008445027,14.354707602277243,15.955564470510286,-17.627594984586345,-11.93638208735677
"2025","Gray, Jon","592351","140","63","210",-5.177345229584909,-5.097435594372404,1.650499230858098,-1.4247998887541424,-0.3056089773164566
"2025","Scherzer, Max","453286","141","356","1390",-10.153555033079838,-4.234347636215282,7.445987323372834,-10.312324492083732,-3.0528702281536355
"2025","Domínguez, Seranthony","622554","141","259","1102",7.621460391273362,10.858453323303472,7.711022192044515,-6.3518273191521875,-4.59618780492244
"2025","Bowden, Ben","641386","133","47","187",-3.647276103505988,-3.0718471187154965,0.8132778304780669,-1.0227723980123353,-0.36593441725622233
"2025","Alvarado, Elvis","665660","133","182","765",-0.5891069550026767,-0.015473177526318826,10.195984739708651,-5.354938901284838,-5.414679615900171
"2025","Garcia, Brandyn","805299","109","66","277",-1.5486206022310576,4.104843486968665,-1.7178711059284875,-3.0327998594133176,-0.9027931238579159
"2025","Carrasco, Carlos","471911","144","212","779",-14.048773303312243,-6.174228978465811,0.0818216591369487,-4.869257744114122,-3.087108239869227
"2025","Sánchez, Gary","596142","110","7","19",-2.0632878808751887,-0.9542707207785903,-0.4409889417814111,-0.5487992035684209,-0.11922901474676631
"2025","Toro, Abraham","647351","111","8","15",-2.0762346995926744,-0.09571562543850343,-1.0935149463927667,0.0009036319678225879,-0.8879077597292273
"2025","Hicks, Jordan","663855","111","313","1199",-13.36298425578215,3.881684971515616,-1.445298700397753,-10.341578719909412,-5.4577918069905245
"2025","Fitts, Richard","690916","111","195","735",-6.470903802219744,-0.6317765063854951,1.2805650279287912,-4.091125396904376,-3.028566926858682
"2025","Herget, Jimmy","623474","115","346","1282",5.668883520614942,7.659086296861813,12.138846955049882,-5.796372368143857,-8.332677363152895
"2025","Rolison, Ryan","669020","115","193","676",-17.14266839898309,-3.2651721105348384,-7.889586113825671,-2.8502884960643247,-3.1376216785582196
"2025","Agnos, Zach","688642","115","137","527",-5.440254752716337,-2.1156412783899103,2.796951142061177,-4.047017611441424,-2.0745470049461794
"2025","Smith, Shane","681343","145","615","2419",6.105758399826314,26.752764315991154,1.8962510452987535,-14.262856712880247,-8.28040024858329
"2025","Skubal, Tarik","669373","116","748","2849",51.40827825729879,21.12338957501658,44.77482131852041,-7.778847545745728,-6.7110850904924995
"2025","Montero, Keider","672456","116","388","1473",-8.116031245053804,1.8687533942639574,1.9489452256963449,-8.12619639701241,-3.807533468001695
"2025","Kimbrel, Craig","518886","117","49","230",0.25190475958525294,0.11376045224904469,3.0175006282445334,-2.4918775338857064,-0.38747878702261984
"2025","Okert, Steven","595345","117","274","1052",18.86412102089356,10.46038903514527,17.699053550493783,-6.445367859426167,-2.849953705319316
"2025","McCullers Jr., Lance","621121","117","274","1147",-16.159191784956842,2.1155634078240158,-0.7560111479295952,-10.323029597228526,-7.195714447622714
"2025","Abreu, Bryan","650556","117","296","1189",14.075588407777754,10.419167422438196,10.596533546336145,-0.9265139402582204,-6.013598620738353
"2025","Sousa, Bennett","656986","117","199","728",8.699622146889077,0.3045923208262154,9.17862212470939,-0.24058674424470855,-0.5430055544018265
"2025","Wesneski, Hayden","669713","117","131","508",-0.5112310617629534,3.703963067219492,-0.9193991841933737,-2.2754015203288045,-1.0203934244602704
"2025","Alexander, Jason","669920","117","336","1252",-10.031527527163519,-1.432131429307673,7.401383749776407,-10.235962096703432,-5.764817750928836
"2025","Banda, Anthony","607455","119","263","1065",9.324310376629363,10.893306002000802,8.078648050920988,-3.6982809972891215,-5.949362679003288
"2025","Feyereisen, J.P.","656420","119","22","81",-4.961532664730596,-2.618385547937741,-2.159721181180329,-0.014422706938193322,-0.16900322867433332
"2025","Faucher, Calvin","676534","146","254","1054",4.369404864162388,6.446886504018672,10.98070094367917,-8.378812168494301,-4.679370415041126
"2025","Arias, Luarbert","678215","146","55","207",-5.401053757756736,-1.2107792335087622,-0.7656334974395591,-1.8397667869220629,-1.5848742398863487
"2025","Gillispie, Connor","687362","146","123","471",-5.9371268077957,-2.2603785503080953,0.22267740593866195,-0.9393572828607795,-2.960068380565488
"2025","Gusto, Ryan","687473","146","452","1760",-15.821297510243381,-7.899230057200528,8.826920551234238,-12.07308073254724,-4.675907271729798
"2025","Ramírez, Erasmo","541640","142","41","158",1.831440764285393,0.26053818154488145,2.541553587555005,-0.35352807044527274,-0.6171229343692202
"2025","Tonkin, Michael","543859","142","103","397",0.8426855065327654,4.238094368376696,3.2184154795817865,-3.2450145183882477,-3.368809823037467
"2025","Topa, Justin","623437","142","265","980",-0.8551337123459352,4.508915285601126,3.570349896608297,-4.067677901358584,-4.866720993196777
"2025","Rogers, Tyler","643511","121","299","978",21.798808650650262,18.07132067298607,7.279581027910665,-2.799246741632545,-0.7528463086139693
"2025","Kranick, Max","668820","121","150","529",1.8444553295457393,1.269904670122912,2.842517664279446,-1.5448220419704728,-0.7231449628861479
"2025","Schmidt, Clarke","657376","147","316","1226",10.026249580192022,12.718663817690656,12.842887060498382,-11.274677352167629,-4.260623945829375
"2025","Effross, Scott","664123","147","50","156",-2.7589853334876557,-2.5394297847796286,1.790640592019459,-1.0116004520473147,-0.9985956886801708
"2025","Holderman, Colin","670059","134","124","492",-9.882339038988887,-3.6603306158544426,2.832299094041639,-5.983656874735972,-3.0706506424400963
"2025","Adam, Jason","592094","135","267","1087",11.110054169484561,9.501391001119089,13.066117801819237,-6.744300090391799,-4.7131545430619655
"2025","Rodríguez, Randy","678495","137","198","808",9.308238442779773,6.753952670859241,10.457488680148597,-5.162785060285687,-2.740417847942387
"2025","Teng, Kai-Wei","678906","137","139","573",-2.898628786458835,2.5828084250299908,3.346995501674049,-5.514265779752195,-3.3141669334106774
"2025","Boushley, Caleb","676961","140","192","742",-8.83291501757348,-2.9638867919604026,3.0757266246054935,-6.7202279691096,-2.2245268811089622
"2025","Lao, Sauryn","666659","120","49","185",-2.11467255531583,-1.3448187604370925,0.22090313352468025,0.08036230254454152,-1.0711192309479582
"2025","Strickland, Hunter","519326","108","89","332",2.3802739169969374,5.067803701794193,0.6644713585098027,-1.63101935555537,-1.7209817877516875
"2025","McDaniels, Garrett","680729","108","50","191",-2.9637486381292235,0.18670461092844606,-0.1092495528430904,-1.269057300261154,-1.7721463959534276
"2025","Curtiss, John","595928","109","141","545",4.747558074486689,5.454533006599139,4.392715397767376,-3.5708287592149994,-1.5288615706648263
"2025","Mena, Cristian","691441","109","26","100",2.1014428111550014,1.2812455894610555,2.060296247949018,-0.8701960761374056,-0.36990295011766655
"2025","Krook, Matt","640454","133","15","71",-1.0416294066747276,0.7748922579742971,-1.1462498707093471,-0.46603494717661814,-0.20423684676305973
"2025","Bido, Osvaldo","674370","133","361","1380",-18.28535325243825,-10.897772882610088,8.061093627731315,-10.382213241223287,-5.066460756336155
"2025","Spence, Mitch","687765","133","373","1354",-12.3229807194072,-5.902235824497342,9.379369616985878,-9.839419660472467,-5.960694851423248
"2025","Akin, Keegan","669211","110","266","1058",1.434214405599981,0.4799836851935383,10.865206673496814,-7.1891873115780935,-2.721788641512279
"2025","Selby, Colin","681882","110","60","214",0.03683724561841084,-2.273889712467966,2.412646785594546,0.3768340050387168,-0.4787538325468875
"2025","Flexen, Chris","623167","112","178","673",5.139400102604324,3.4120486409961512,9.58104180557892,-5.501121004262626,-2.352569339708118
"2025","Pearson, Nate","663878","112","74","280",-5.6916311497128085,-1.3462876224350717,-0.5239614740674232,-1.9243703399788155,-1.8970117132314952
"2025","Barlow, Scott","605130","113","300","1274",5.972437786254755,11.86661690714064,9.721797739380932,-6.385981328757152,-9.229995531509685
"2025","Clase, Emmanuel","661403","114","199","746",5.500389819396264,3.248446267480727,8.388558209139587,-3.1631814978528663,-2.9734331593712
"2025","Senzatela, Antonio","622608","115","616","2284",-40.89790933365421,-9.8413398062453,-4.400873196237502,-18.307576092113578,-8.348120239057836
"2025","Anderson, Nick","623433","115","62","241",-1.3448265690620598,-0.821585408514033,0.9735320013897493,-0.7901151778272539,-0.706657984110524
"2025","Blalock, Bradley","687134","115","274","1033",-29.264117090651055,-5.210758068260149,-7.8101385260329685,-11.165540888743413,-5.077679607614566
"2025","Martin, Davis","663436","145","599","2309",-8.924464922024685,6.512212941464095,11.823379760070722,-17.926366125445064,-9.333691498114547
"2025","Wilson, Bryse","669060","145","224","854",-18.529678182717802,-8.479819568937119,0.5712266189363315,-7.7743410134924185,-2.8467442192245853
"2025","Kahnle, Tommy","592454","116","267","1035",1.2276696886461438,1.2977458596085003,12.645322964617778,-8.386857062384927,-4.328542073195211
"2025","Flaherty, Jack","656427","116","680","2831",-1.5667889125041676,4.53245600907041,17.714693915485324,-12.752877517173854,-11.061061319886047
"2025","Garcia, Luis","677651","117","27","106",2.5697800264188566,3.556676359396324,0.05698298462012459,-0.11191029975642461,-0.9319690178411674
"2025","VanWey, Logan","701121","117","49","182",-2.1796822196390044,0.14421132489655344,-0.43355930190957553,-1.0322178698990099,-0.8581163727269735
"2025","Stratton, Chris","608717","119","104","411",-8.79781697215301,-2.1949829206537657,-3.0150136328464954,-1.736873464927124,-1.8509469537256182
"2025","Misiorowski, Jacob","694819","158","272","1164",3.1270368779194913,8.438383003089013,8.244948496187313,-9.638646698827326,-3.9176479225295147
"2025","Cabrera, Génesis","650893","142","186","715",-9.048249817055638,1.0141975394525782,-2.8185290434083687,-4.2845952159210485,-2.9593230971787876
"2025","Adams, Travis","701519","142","158","663",-7.020740671040928,2.032678795811407,-0.9825235053508499,-3.146309785488758,-4.924586176012732
"2025","Festa, David","701581","142","229","882",0.5204640717472983,2.1515020399780833,6.480860912314843,-4.788435351051409,-3.323463529494207
"2025","Ross, Joe","605452","143","227","862",-8.806647079532002,-6.3427310731541935,4.719478885311897,-4.8103072205700705,-2.373087671119653
"2025","Sanders, Cam","676742","134","34","147",-2.6189425532408803,-0.5092904082485924,-0.32556174430421514,-1.2333286817128621,-0.5507617189752093
"2025","Mattson, Isaac","676755","134","195","777",7.121523344737076,7.310860393076936,9.705671097847876,-8.04446423767716,-1.8505439085105668
"2025","Ashcraft, Braxton","677952","134","290","1102",8.429444813809495,8.491200174988933,10.298159001239274,-6.131058870659652,-4.228855491759043
"2025","Barco, Hunter","682995","134","12","46",1.0413002399845546,0.4373406154078135,0.8950108489401892,-0.10124915411029987,-0.18980207025314833
"2025","Waldron, Matt","663362","135","25","104",-2.6697831675995634,1.151178513864561,-2.007375776793011,-1.0804987721325747,-0.7330871325385387
"2025","Hoeing, Bryan","663773","135","36","131",0.4744144696518095,0.6643744968197336,1.5767233478598441,-1.2687498078947423,-0.4979335671330258
"2025","Ferguson, Caleb","657571","136","267","1042",11.563822526667435,10.425706755216979,11.207814492963399,-4.8508076293133335,-5.218891092199582
"2025","Kirby, George","669923","136","524","2086",6.157887829395083,2.749378138015183,20.482245927058784,-11.275705838533776,-5.798030397145125
"2025","Romero, JoJo","668941","138","250","990",10.638201005528165,9.983614653192596,13.392632349611228,-8.01500663535464,-4.723039361921022
"2025","García, Yimi","554340","141","89","359",4.499004662186407,7.460394038133361,2.294571832805025,-3.6949285203777533,-1.561032688374222
"2025","Loutos, Ryan","702795","120","68","231",-6.229716745690943,0.5351237927984489,-3.5228604495398117,-2.1608897908024534,-1.081090298147124
"2025","Jansen, Kenley","445276","108","232","869",10.096206822705017,8.557381495659108,7.99321896154058,-5.22369497147593,-1.2306986630187147
"2025","Gallen, Zac","668678","109","812","3135",-5.366116791322588,-2.8756465483028264,20.20477233464078,-16.34282288512005,-6.352419692540517
"2025","Burnes, Corbin","669203","109","264","1009",6.19924817212159,-2.384994258262355,17.066978168706218,-4.983289936995849,-3.4994458013264604
"2025","Henry, Tommy","674072","109","26","107",-1.9124305959819348,-0.09927625171697058,-0.5122938463983573,-0.29387437021369983,-1.0069861276529064
"2025","Pfaadt, Brandon","694297","109","765","2920",-14.941794941294951,1.1981152206710557,9.616790228024726,-12.992374750883044,-12.764325639107625
"2025","Johnson, Pierce","572955","144","236","968",2.4737309664591542,3.099197596831052,8.781336192203254,-6.212709240849091,-3.1940935817260607
"2025","Bruján, Vidal","660644","144","11","23",-1.6944877743005669,-0.35639844145720506,-0.6768551076351188,-0.37505094489226876,-0.28618328031597445
"2025","Schwellenbach, Spencer","680885","144","433","1573",13.741222857169442,9.746031578755163,8.968268408265228,0.12706277400932442,-5.100139903860245
"2025","Cano, Yennier","666974","110","249","986",-5.204877473680919,2.840713097732113,3.7916768641410177,-7.226625536002914,-4.61064189955114
"2025","Vázquez, Luis","676679","110","14","32",1.2299766919190764,0.3033984953424274,0.9434761829317773,0.23910035160343912,-0.25599833795856686
"2025","Houck, Tanner","656557","111","203","749",-13.204233502827094,1.3978500984414202,-1.9147298650669125,-7.288656469039366,-5.398697267162229
"2025","Tolle, Payton","801139","111","74","304",-3.368945573338092,-1.8343833954991897,2.234303737740508,-2.345853898854303,-1.4230120167251084
"2025","Keller, Brad","641745","112","276","1113",18.673234862122186,16.261230527508214,12.088232537391969,-4.759920212232351,-4.916307990545586
"2025","Moll, Sam","594580","113","81","332",-3.5192180457747053,-2.489558293295676,3.195280098345283,-2.366684163155887,-1.858255687668423
"2025","Singer, Brady","663903","113","716","2850",-0.27526225314912417,26.030592379078733,3.8559169339456116,-18.370304314709863,-11.791467251463637
"2025","Williams, Gavin","668909","114","704","2925",7.96086225071986,21.972146939498668,17.62446011497097,-18.751441036753988,-12.884303766995814
"2025","Chivilli, Angel","683409","115","274","1022",-22.6259675644486,-8.063586937703157,-1.570807022088499,-6.8737746443018155,-6.1177989603551115
"2025","Vasil, Mike","678024","145","417","1646",12.951234651464475,21.384324929028992,13.920752048313572,-13.814406190164615,-8.5394361357135
"2025","Cannon, Jonathan","686563","145","465","1793",-21.047635929811126,-2.847275611970879,3.047599492949714,-14.824442752055438,-6.4235170587345305
"2025","Montero, Rafael","606160","116","251","1088",5.781395243361373,8.554157581088104,7.662720087408896,-7.640091285632128,-2.7953911395035083
"2025","Scott, Tayler","605463","117","134","536",-15.846708408017511,-5.178406477094584,-3.894863597900554,-4.092880773853208,-2.680557559169151
"2025","Javier, Cristian","664299","117","156","617",2.559887970984906,2.9616154233207017,7.008823640748201,-4.566148213650395,-2.8444028794335985
"2025","Bubic, Kris","663460","118","475","1795",13.891045719483547,13.845830752769006,18.48890570301051,-11.96281821888174,-6.480872517414217
"2025","Klein, Will","694361","119","70","305",0.43940255222675617,1.6486991862234972,2.110599148231804,-2.36371290549217,-0.9561828767363757
"2025","Fedde, Erick","607200","158","621","2369",-18.54757390405565,13.046559833595103,-4.691836020529295,-19.65025658210157,-7.252041135019844
"2025","Woods Richardson, Simeon","680573","142","470","1878",-1.7420422595081453,11.89626189390554,5.763591208711063,-14.09371044196309,-5.3081849201616835
"2025","Raley, Brooks","548384","121","99","388",10.832761831457635,6.966489279385506,6.825088309584886,-0.7932873859560652,-2.1655283715566966
"2025","Díaz, Edwin","621242","121","258","1067",17.07417896624623,11.951581622316288,15.243227628076324,-4.7506132365068625,-5.3700170476395135
"2025","Bird, Jake","656234","147","244","957",-2.0601295831975737,4.763783229043652,1.4957157256353786,-4.159070341385207,-4.160558196491399
"2025","Robert, Daniel","642016","143","59","255",-2.885351634693281,2.6322771554397626,-1.110680733500258,-2.9183225383251545,-1.4886255183076302
"2025","Wilson, Weston","642215","143","12","36",1.1610652211060013,0.7623929010243491,0.41651822210731193,0.1617277647346626,-0.17957366676032205
"2025","Rivas, Leo","660844","136","6","18",-0.976386562835744,-0.1129788483355972,-0.004630190946233237,-0.7758387092890042,-0.08293881426490944
"2025","Brash, Matt","666374","136","197","822",5.183174773261018,3.3434618823614737,9.008975029252593,-2.551970263373307,-4.61729187497973
"2025","Milner, Hoby","571948","140","290","1157",3.421656941323642,10.401866676978871,5.446769915409002,-9.978690341620112,-2.448289309444122
"2025","Bassitt, Chris","605135","141","736","2829",-2.540496027271778,6.5325889440419225,24.466516982120734,-19.024709767366247,-14.514892186068169
"2025","Bieber, Shane","669456","141","159","645",5.096270188616645,4.966739931753741,6.06567418928752,-3.7991083525588136,-2.1370355798658127
"2025","Williams, Trevor","592866","120","373","1448",-10.04753523009311,-1.5102160763445585,4.044036461327204,-10.383569555019289,-2.1977860600564343
"2025","Fernández, Julian","642759","120","20","76",0.6171642810918744,0.4548101012984369,1.1352078227613849,-0.5738288731038671,-0.39902476986407953
"2025","Anderson, Ian","666120","108","50","203",-5.073175998301828,-1.9883325145833266,0.20458366009642406,-1.9766744821549436,-1.3127526616599814
"2025","Brigham, Jeff","656257","109","18","63",-2.8477798501246174,-1.7441409526094227,-0.06292036950011318,-0.8891189878129089,-0.1515995402021717
"2025","Morillo, Juan","666661","109","152","617",-5.451514594671218,-1.3895468266890514,2.264673712889649,-4.439009542807313,-1.8876319380644988
"2025","Chavez, Jesse","445926","144","43","171",-6.0693013680057595,-0.3665628740320945,-3.0366304031055464,-2.0796838738714682,-0.5864242169966511
"2025","Blewett, Scott","656240","110","194","711",-4.475575951734475,-3.8183193033615708,5.818130494320076,-4.158685186892502,-2.316701955800471
"2025","Jackson, Alex","656577","110","8","24",-2.425232069917362,-0.6091188000650858,0.17092602332619675,-1.16308589775155,-0.8239533954269231
"2025","Bernardino, Brennan","657514","111","220","833",9.567258321144287,12.049849949174295,6.563309547615294,-5.315591022299604,-3.7303101533456835
"2025","Fulmer, Michael","605242","112","23","90",-0.5266702354448309,-1.5860262178453322,2.391207184814229,-0.9646143435318388,-0.3672368588818893
"2025","Suter, Brent","608718","113","285","1116",-1.4833690353777593,3.2917631282030038,4.6869808824912385,-6.474473726524964,-2.987639319547027
"2025","Santillan, Tony","663574","113","301","1230",4.734691998687252,9.39476568247577,8.434034123716984,-7.161761728559392,-5.932346078946113
"2025","Junis, Jakob","596001","114","272","1032",4.89871410498978,7.824774678783302,2.2715775101840623,-1.4904196309054552,-3.7072184530721355
"2025","Sabrowski, Erik","681870","114","121","503",3.7592861499966252,5.677311106054407,5.703244687984535,-4.8303299442025835,-2.790939699839733
"2025","Kent, Zak","687849","114","76","308",1.9888856457275677,5.601046899214734,1.069734950343293,-2.773578479633333,-1.9083177241971272
"2025","Brieske, Beau","689225","116","102","405",-4.163750586035113,-1.3663814801142538,3.190492736574802,-5.211258650023782,-0.7766031924718801
"2025","Contreras, Luis","664351","117","54","224",-1.26619732698319,1.079761899927082,1.1717127246379424,-1.7320397802990382,-1.7856321712491754
"2025","Hill, Rich","448179","118","43","171",-3.125656573997399,-0.7391062212565676,0.0366847785557404,-1.7027758520369594,-0.7204592792596132
"2025","Long, Sam","669674","118","188","786",-9.132441316418697,1.4045015470976192,-0.8288548830292833,-6.485507962791361,-3.2225800176956345
"2025","Scott, Tanner","656945","119","235","911",-1.618647703737735,-2.8435746886348348,7.07598822672761,-3.029328045662423,-2.8217331961680876
"2025","López, Pablo","641154","142","312","1259",9.208955565222325,6.191023029187742,12.088187838171395,-4.67947641304651,-4.390778889090332
"2025","Matthews, Zebby","805673","142","354","1353",-10.766329599814187,-5.076406429891847,5.181477908158488,-7.005424608191986,-3.865976469888811
"2025","Holmes, Clay","605280","121","708","2764",9.081033730001796,17.613987171980586,27.226011757411303,-20.77030432024974,-14.988660879140383
"2025","Minter, A.J.","621345","121","43","185",4.849648606452755,3.9783860237160145,3.4433458590376738,-1.8111211760922414,-0.7609621002086943
"2025","McLean, Nolan","690997","121","187","739",8.335795221723226,4.590063716459702,12.642998337915715,-6.104454337931938,-2.7928124947202524
"2025","Stroman, Marcus","573186","147","175","704",-5.363980649797005,-0.20280948529299286,3.3663302978149385,-5.255409636134354,-3.272091826184594
"2025","Trivino III, Lou","642152","143","206","841",-1.4050895178082619,7.09840296794689,2.322653242565678,-5.923609199018007,-4.90253652930281
"2025","Rangel, Alan","660604","143","46","174",-0.06694769623377772,3.0070694804074796,-1.5530004842365013,-1.2423682091806907,-0.278648483224065
"2025","Kerkering, Orion","689147","143","263","1073",-1.8597400333184633,0.6901737717166205,6.998202499569753,-5.97550395896964,-3.572612345635197
"2025","Darrell-Hicks, Michael","690382","134","43","158",-1.0893376912460455,-0.33168449228409225,1.112053911511253,-0.7453867367033393,-1.124320373769867
"2025","Cortes, Nestor","641482","135","157","599",-10.498180089434948,2.395722561447026,-5.383697864752854,-5.671682277829767,-1.8385225082993542
"2025","Koss, Christian","683766","137","16","42",1.7437451344973118,-0.23170068146792866,2.0819786667244164,0.000005599343303880344,-0.10653845010247986
"2025","Rodríguez, Manuel","655889","139","121","431",6.374442093153576,3.8876923681165088,4.502475668430037,-0.5067889414767279,-1.5089370019162396
"2025","Corbin, Patrick","571578","140","662","2588",-4.7174689317566605,12.0752235932349,8.933924046527101,-16.77746238739712,-8.949154184121547
"2025","Heineman, Tyler","623168","141","27","58",-6.772264503037117,-0.1479145296195863,-4.049106755502899,-1.5747586245300182,-1.0004845933846145
"2025","Piña, Robinson","673820","141","14","61",-3.105465641839645,-3.1496652062593364,0.6400659521506369,-0.38360483561901915,-0.21226155211192665
"2025","Lord, Brad","695418","120","546","2128",-5.720182466652048,3.5907996158112936,13.824915907281458,-16.85523563421488,-6.280662355529957
"2025","Quijada, José","650671","108","8","41",-0.5252503044083073,0.2813318635668803,0.571490446951527,-1.0112391372016267,-0.3668334777250875
"2025","Peralta, Sammy","671111","108","49","153",-0.8097578853900829,-1.6429429688953356,1.0749688697791884,-0.09920352116273651,-0.14258026511119998
"2025","Peraza, Oswald","672724","108","15","40",-3.8792104537618672,-2.353975253473889,-0.4881495143178349,-0.16977593264752805,-0.8673097533226148
"2025","Díaz, Yilber","700270","109","15","60",-1.5051238123514017,-0.22538744682768042,0.2533674418266642,-0.12872912777885281,-1.4043746795715326
"2025","Seabold, Connor","657756","144","48","185",-0.8660808849199794,-0.32808390088755524,1.916174217715363,-1.856042915780017,-0.5981282859677702
"2025","Smith-Shawver, AJ","700363","144","191","711",-0.09170765561515803,3.54812509264385,3.6166464439324053,-4.443198663216314,-2.8132805289750924
"2025","Bradish, Kyle","680694","110","126","494",6.937886376824427,5.241879361811838,4.403929265699249,-0.7245631442331277,-1.9833591064535432
"2025","Ragsdale, Carson","685068","110","25","95",-3.015203213004925,-1.942961466598312,-0.5951666327499179,-0.1470177398471776,-0.33005737380951794
"2025","Civale, Aaron","650644","112","434","1747",-4.273435190010566,9.330932227936549,5.844031129134363,-14.370566431662501,-5.077832115419003
"2025","Burns, Chase","695505","113","188","765",1.1918205146927752,1.9493239494405266,5.490325369096818,-3.9173350498502164,-2.330493753994359
"2025","Cecconi, Slade","677944","114","544","2063",-5.398214841859346,-6.43970863882183,16.622215815143306,-9.147716031276259,-6.433005986904605
"2025","Gordon, Tanner","685299","115","337","1244",-20.643132477157426,-9.731478169513807,0.39622769309638517,-8.755970928027224,-2.551911072712771
"2025","Taylor, Grant","691799","145","156","610",3.861365714939422,7.553911037832215,-0.8348268323674766,-1.875689901492042,-0.9820285890332761
"2025","Rogers, Jake","668670","116","16","49",0.22718974421062457,1.1865638542879362,-0.5067209680444781,-0.11768740455032096,-0.33496573748251235
"2025","Weems, Jordan","607179","117","23","98",-3.117601296211455,1.105354593731661,-2.563364795215735,-1.3835540501199408,-0.27603704460743994
"2025","Bergert, Ryan","686701","118","322","1312",3.785740525358663,11.422867369254678,10.37299069629872,-12.745778894745499,-5.264338645449252
"2025","Yates, Kirby","489446","119","179","762",-5.614921770675038,6.082592191378031,-4.245359427765972,-4.218376499150498,-3.2337780351365946
"2025","Phillips, Evan","623465","119","22","92",2.1074445468634817,2.1309354030306134,0.04093959850444984,-0.17016518604180406,0.10573473137022238
"2025","Miller, Bobby","676272","119","27","116",-4.491345858168621,-4.820368236870506,1.3408489031590796,0.07794794094556232,-1.0897744654027552
"2025","Henriquez, Edgardo","683618","119","78","279",0.4075542897097594,2.414575814902082,-1.219659885221311,0.3352904138866321,-1.1226520538576439
"2025","Phillips, Tyler","663969","146","313","1114",6.171595207328882,4.161191314684794,11.14784762434488,-5.462362827328236,-3.675080904372567
"2025","Zimmermann, Bruce","669145","158","28","91",-1.7579036106534427,0.656369548292988,-1.5940895971311435,-0.6628741969752026,-0.15730936484008437
"2025","Hagenman, Justin","663795","121","99","383",1.600474542634819,-0.06340301467910114,4.218979672626332,-1.2449905851921739,-1.3101115301202382
"2025","Rosario, Amed","642708","147","10","28",-2.8369898892528167,-0.03619144312267302,-1.4025335637187388,-0.9887248152658343,-0.40954006714557023
"2025","King, Michael","650633","135","308","1219",-3.337970278013223,-0.516661622064706,10.83895436675803,-7.623502024083168,-6.036760998623396
"2025","Estrada, Jeremiah","669093","135","302","1236",6.482607609008735,3.6405402593711,14.657374557597356,-7.941322810476556,-3.8739843974831794
"2025","Vásquez, Randy","681190","135","569","2148",-1.0694055256308583,13.964860188776166,11.597668852563297,-19.207048948663065,-7.424885618307288
"2025","Morgan, David","688158","135","192","766",3.5712490279065743,3.7163370818852277,8.09607740579292,-4.508721061857935,-3.732444397913638
"2025","Saucedo, Tayler","642048","136","66","232",-3.4396584990152377,-1.4966020187553046,0.0532972300055887,-0.7158462548568272,-1.2805074554086973
"2025","Buttó, José","676130","137","282","1095",-1.0731381597225047,0.082689185967042,8.424963495083514,-2.823807978244964,-6.756982862528084
"2025","King, John","667463","138","222","782",-11.714653324850627,-3.2392570364869533,0.4511009676993824,-5.785571846732657,-3.1409254093303995
"2025","O'Brien, Riley","676617","138","196","758",8.949784799955285,11.284164708815657,6.403872969940198,-4.1124485829618225,-4.625804295838743
"2025","Fernandez, Ryan","681676","138","138","524",-6.093213594364206,-3.7412517413807844,3.6393728850587723,-3.9405974379752013,-2.0507373000669933
"2025","Scholtens, Jesse","669947","139","38","154",-1.884838595131995,-0.6966915093168553,-0.4799900921301521,-0.342394373203288,-0.3657626204816981
"2025","Rutledge, Jackson","671131","120","331","1339",-19.15358036839588,-2.4510177977113394,0.20872190778174937,-9.364863255368155,-7.546421223098123
"2025","Cavalli, Cade","676917","120","219","788",-4.972183001583644,3.682041496805945,0.27020376145163494,-6.004843014279296,-2.9195852455619344
"2025","García, Luis","472610","108","228","896",1.3931397894149031,4.329972981894577,5.839562807678058,-3.5519529688863685,-5.224443031271364
"2025","Anderson, Tyler","542881","108","595","2339",-20.43725710411395,-5.733479706489343,8.88221870778949,-14.075378889482398,-9.510617215931788
"2025","Martinez, Justin","679885","109","66","269",1.7894971477228163,4.476005730044371,3.8450411569416714,-3.11087542148465,-3.420674317778579
"2025","Burgos, Juan","686228","109","64","220",-4.941553982524971,-1.7865603532720635,-2.197713347258644,0.20059225107163908,-1.1578725330659025
"2025","Jarvis, Bryce","686826","109","98","409",-1.3154439158322924,2.4174265297888238,1.008518838596117,-2.6887819902930366,-2.0526072939241913
"2025","Severino, Luis","622663","133","704","2731",-1.6477661980148703,3.779595894648595,30.137699272220704,-24.230776960787438,-11.334284404096604
"2025","Thompson, Zach","605507","144","12","60",2.4621693442662593,1.8889032324444441,0.9962114486931886,0.1681992327359344,-0.5911445696073071
"2025","Ruiz, José","614179","144","79","302",-5.6137554915682095,-1.0790223562220225,-0.48947572368658815,-2.946352046615223,-1.0989053650443754
"2025","Strider, Spencer","675911","144","539","2110",-11.722544606164428,-1.0019533755426902,9.442792934528825,-10.443069305388862,-9.7203148597616
"2025","Bowman, Matt","621199","110","114","447",-3.6520142092428887,0.4017863983625484,-0.4008656737986669,-1.8482783009215824,-1.8046566328851923
"2025","Dobbins, Hunter","690928","111","255","931",-0.3864178429482079,3.255054804356105,3.945466753867134,-3.7901141126028763,-3.796825288568578
"2025","Taillon, Jameson","592791","112","519","1979",4.101896742365615,5.475525343312226,12.712393089015418,-9.638457825079184,-4.447563864882865
"2025","Hollowell, Gavin","668970","112","43","172",0.11213359500551431,0.5437433773003039,1.3439659989993478,-1.055076004725329,-0.720499776568809
"2025","Pagán, Emilio","641941","113","270","1068",14.307978821846477,8.218691499486662,16.71183952751129,-6.795850549301137,-3.8267016558503273
"2025","Ortiz, Luis","682847","114","382","1501",-0.20719345266559655,2.298926823812736,14.208772121649403,-11.290450856210406,-5.42444154191734
"2025","Dollander, Chase","801403","115","441","1778",-17.02023312965734,2.353193286966789,8.610278087530055,-16.277920665144514,-11.70578383900965
"2025","Alexander, Tyler","641302","145","418","1585",-2.3581587073934864,4.146276986590274,5.88006321679229,-9.437577484077238,-2.9469214266987818
"2025","Guenther, Sean","674944","116","43","154",0.14621839920721197,1.0321452005174234,1.8666334285822321,-1.9169753308047541,-0.83558489908769
"2025","De Los Santos, Enyel","660853","117","277","1105",1.9069903604608578,-3.032629784679863,13.566964557898505,-5.7889796937150555,-2.8383647190427306
"2025","Harvey, Hunter","640451","118","39","167",5.74851299166581,2.5016799615031196,3.7243920601385323,0.16706506681680403,-0.6446240967926489
"2025","Ragans, Cole","666142","118","257","1079",2.2997713384239304,6.385715145424809,4.932582032850907,-5.694916750169681,-3.323609089682103
"2025","Kriske, Brooks","621139","142","87","381",-3.5510170990700596,1.3467514151507702,0.8353571917881553,-3.7864424430814205,-1.9466832629275626
"2025","Jankowski, Travis","608671","121","6","13",-1.2023919431673544,0,-0.2296308779944626,-0.05586676457570201,-0.9168943005971901
"2025","Sproat, Brandon","687075","121","84","290",1.4996977147402415,2.94658664926822,2.570210434378358,-2.4548376962291742,-1.5622616726771592
"2025","Carrillo, Alex","692024","121","22","84",-5.153049674848416,-2.327417248471287,-1.1296617335825887,-0.2513363048848209,-1.444634387909717
"2025","Keller, Mitch","656605","134","749","2870",1.5572135447085524,12.812828792629997,16.06180601506282,-19.734338950029365,-7.58308231295497
"2025","Lawrence, Justin","664875","134","66","270",4.54103919305184,3.6813503613642817,4.117731811119166,-0.8489107122600169,-2.409132267171593
"2025","Kowar, Jackson","663804","136","71","281",0.0014519431759249801,1.6492518335245305,1.9414373082185457,-1.9980079950410377,-1.5912292035261126
"2025","Lucchesi, Joey","664192","137","164","632",3.3653063884487944,5.705064296047938,3.3223576643183823,-4.41902497823147,-1.2430905936860566
"2025","Winn, Keaton","676775","137","42","165",-1.873164046694993,-3.023175754952643,2.0995347151439283,-0.6300387230283063,-0.3194842838579716
"2025","Black, Mason","696131","137","19","74",-2.686943385136924,-3.800076765868906,1.0783862984821764,0.2389659461740041,-0.20421886392419827
"2025","Alcala, Jorge","660896","138","256","1058",-14.282543469406685,-7.484173487384529,5.919405094421481,-8.206533551222314,-4.511241525221256
"2025","Liberatore, Matthew","669461","138","648","2388",-2.977471511642867,-0.7923512505258532,18.271717797475524,-12.672943830126616,-7.78389422846593
"2025","Kelly, Kevin","687330","139","170","588",-12.216339432252582,-14.85616399096594,7.60879355337717,-3.2207013433793685,-1.7482676512844384
"2025","Rock, Joe","697812","139","35","145",0.8011722326066464,0.5081598716590324,1.7473534000024373,-0.24974021524014106,-1.2046008238146837
"2025","Schultz, Paxton","687606","141","110","448",-4.2329359864048355,-5.429583254798289,6.921155429424393,-3.353787426663758,-2.3707207343671834
"2025","Yesavage, Trey","702056","141","62","239",1.9215574803885556,3.2460682269907664,1.078444974488207,-1.5305677857385482,-0.8723879353518708
"2025","Pilkington, Konnor","663455","120","123","500",-4.419487775472752,-0.9459400071695437,3.4656355089173045,-2.9225701769794172,-4.016613100241097
"2025","Irvin, Jake","663623","120","787","2945",-29.45063668484018,-12.055535081839833,10.513776270271261,-17.100112664914658,-10.808765208357014
"2025","Johnson, Ryan","696270","108","71","274",-6.83759353693479,-0.20540997987930548,-3.6236640801205287,-2.3327303876588843,-0.6757890892760672
"2025","Thompson, Ryan","657044","109","173","650",2.908644369911198,3.545169205059798,3.9458619431075213,-1.9070508345767496,-2.6753359436793698
"2025","Ferguson, Tyler","621053","133","244","990",3.3997693338778556,10.729670740892367,8.220173806650589,-9.915143845417573,-5.634931368247562
"2025","Ginn, J.T.","669372","133","391","1575",-9.343766247010127,-1.9981859528120398,8.18520513454444,-9.587117573762312,-5.943667854980179
"2025","Morton, Charlie","450203","144","652","2548",-26.062873937724106,-6.469013346065826,10.059501036588133,-15.645812116201045,-14.007549512045475
"2025","De León, José","592254","111","28","101",-0.42474746868373486,0.5453563881820886,-0.33167174393305787,-0.5023130338188662,-0.13611907911389945
"2025","Soroka, Michael","647336","112","379","1528",4.35752410867504,9.788449535899554,11.953625298948486,-8.451882066175486,-8.932668659997557
"2025","Wicks, Jordan","696136","112","67","217",-3.3076902628302074,-5.009697417914652,1.902378938594751,0.12922450733869734,-0.32959629084900416
"2025","Hudson, Bryan","663542","145","73","318",-3.8600229982055416,-1.5180706394122065,2.54130827930023,-3.420618080320904,-1.4626425577726698
"2025","Peguero, Elvis","665625","145","47","187",-2.7912711177897584,0.3152083971148512,-0.7508410145932767,-1.995859259154667,-0.3597792411566673
"2025","Freeman, Caleb","673965","145","16","70",-1.1421460812666024,-0.8945065063055645,0.2500207304809068,-0.40530733436859867,-0.09235297107334539
"2025","Murfee, Penn","682171","145","63","232",-4.3254966276201765,-0.026767689247263304,-2.4588141349137898,-0.8807599149987267,-0.9591548884603969
"2025","Ellard, Fraser","686642","145","74","329",0.5729390107577337,3.55254306827253,2.444437868805217,-3.7202541417164032,-1.7037877846036125
"2025","Falter, Bailey","663559","118","518","1951",-3.4177362043829937,5.975776052505634,12.80835356697333,-15.880474417505098,-6.321391406356894
"2025","Snell, Blake","605483","119","253","1028",9.892262576282501,5.672999026522418,12.049291789941686,-5.0388295861809445,-2.7911986540006546
"2025","Sasaki, Roki","808963","119","161","621",-0.6647843556836159,7.682072645478818,1.2140055644991976,-5.520060013984504,-4.040802551677129
"2025","Cabrera, Edward","665795","146","581","2252",2.374336889920085,5.8042222438403845,17.75520259118877,-12.153072377886108,-9.032015567223018
"2025","Gasser, Robert","688107","158","29","102",-1.7777546775412918,0.5332956457152856,0.12369821915740886,-1.6901983551082673,-0.7445501873057194
"2025","Funderburk, Kody","681892","142","181","725",2.055203564400321,2.425685934804352,8.399691119018508,-5.408965656983403,-3.361207832439124
"2025","Warren, Austin","681810","121","34","146",2.0604501450156807,1.7870636394471968,1.8039623699307608,-0.9712852823256932,-0.5592905820365834
"2025","Blackburn, Paul","621112","147","175","666",-6.188999702599519,-4.709318178253267,4.293232517194222,-3.1658164158407303,-2.607097625699747
"2025","Pivetta, Nick","601713","135","720","2851",34.58106688783589,23.412922039690592,34.98477426228702,-16.04511729888699,-7.771512115254776
"2025","Marinaccio, Ron","676760","135","42","164",4.915146304246725,2.540240677886684,3.2691081808973332,-0.28493203758780217,-0.6092705169494926
"2025","Cruz, Omar","678316","135","18","81",0.23933133541489332,-0.8362101404853635,2.3652401919842947,-0.4701313305479019,-0.8195673855361378
"2025","Thornton, Trent","663423","136","178","656",2.7427860762327794,3.6597443908039264,6.254969554369513,-5.531659927995031,-1.6402679409456296
"2025","Webb, Logan","657277","137","856","3282",12.386270432936033,7.995355451821833,26.069708654075917,-13.515550517920024,-8.16324315504168
"2025","Brubaker, JT","664141","137","116","469",5.176410219977238,3.200462696975138,6.428645965228796,-1.9835194646605496,-2.469178977566145
"2025","Turnbull, Spencer","605513","141","33","125",-3.875872476539657,-0.628977721225631,-2.0818084320825414,-0.7984666104612059,-0.3666197127702779
"2025","Tate, Dillon","622253","141","34","139",-2.893677103236221,-0.6696641451425607,-0.651795380470694,-0.7741515920005192,-0.7980659856224469
"2025","Salazar, Eduardo","674285","120","151","545",-17.31271069251416,-5.719297229127567,-4.748170063007559,-4.481679251861394,-2.3635641485176215
"2025","Beeks, Jalen","656222","109","229","916",9.423352303661614,5.459735828221519,14.810389527189862,-6.81904767187557,-4.0277253798742
"2025","Richards, Trevor","670950","109","29","116",-1.753818627917569,-1.794242240389667,1.0474950431864973,-0.522301478869697,-0.4847699518447017
"2025","Abner, Philip","691769","109","18","71",-0.8331831958627844,-0.670799678736912,-0.04580865097672815,-0.005336595161418649,-0.11123827098772548
"2025","Leclerc, José","600917","133","46","229",-6.277379687422031,-1.80146476405219,-0.8478782889147701,-2.585075999848058,-1.0429606346070124
"2025","Bautista, Félix","642585","110","142","627",7.135163666389138,9.214534464224307,5.531551980486913,-4.330901240840344,-3.280021537481738
"2025","Garcia, Rico","670329","110","141","586",3.135824600998694,5.907705614149156,0.2416439027906905,-1.8624947324203966,-1.151030183520748
"2025","McDermott, Chayce","694646","110","51","195",-9.23529041516187,-2.4763361083539968,-0.734755446765696,-3.526764641532314,-2.497434218509861
"2025","Brasier, Ryan","518489","112","105","404",0.46636266209346505,-0.4748435805766806,3.152187188136447,-1.265011276203728,-0.9459696692625696
"2025","Morgan, Eli","669212","112","34","132",-4.733956995459282,0.9684604784008626,-2.221870109965378,-3.430349269060808,-0.050198094833958186
"2025","Little, Luke","681432","112","15","76",-0.45888638698454565,0.812745227992556,0.13244225683914534,-1.2462463100075387,-0.15782756180870816
"2025","Ashcraft, Graham","668933","113","284","1039",-0.4976593019009666,0.16721375264875477,5.132499438309406,-3.2842720829132523,-2.513100409945871
"2025","Farmer, Kyle","571657","115","5","7",-1.2710595665701188,-0.437871361182386,-0.8331882053877326,0,0
"2025","Wilson, Steven","621051","145","239","974",2.0431963756203375,12.298211403488512,1.9899829907826359,-7.407143034606875,-4.83785498404395
"2025","Altavilla, Dan","656186","145","120","456",-2.733869408601998,0.48918348038525755,2.8855485183775125,-4.703699659115526,-1.4049017482492454
"2025","Hader, Josh","623352","117","205","847",12.657225273844656,5.0839612467394755,10.31079468517143,-1.7593411147817026,-0.9781895432845481
"2025","Salazar, César","663967","117","4","11",0.45734165546507066,0.32000631566462096,0.5841882574933193,-0.07694701436570298,-0.3699059033271666
"2025","Zuber, Tyler","676604","146","58","245",-4.070649475507504,-1.556564804992211,-1.5383545527346747,-0.5629574970199341,-0.41277262076068566
"2025","Sanoja, Javier","691594","146","54","170",-10.836233063678794,-8.009673900080488,1.0735727531498316,-2.525584402822827,-1.3745475139253045
"2025","Mears, Nick","683232","158","221","845",6.088536523570319,4.050687450407336,5.269628260682592,-1.8726527876521437,-1.3591263998674614
"2025","Pintaro, Jonathan","702752","121","6","29",-1.0649612410075873,-0.6472965694704907,0.3971056659041774,-0.5015791153967285,-0.3131912220445453
"2025","Slater, Austin","596103","147","3","10",0.1748155021378298,0.08198207094141494,-0.4404885755542236,0.5598627544698891,-0.026540747719250656
"2025","Doval, Camilo","666808","147","275","1104",7.406523078536297,5.939780473089404,8.835384298424232,-1.919061697579836,-5.449579995397518
"2025","Headrick, Brent","687396","147","91","366",1.7526411854184722,5.769675068015893,-1.998923431191046,-1.2180194155043804,-0.8000910359019953
"2025","Luzardo, Jesús","666200","143","758","3013",18.029238522080167,15.887787705706517,24.644222249852042,-14.039974457127089,-8.46279697635123
"2025","Moreta, Dauri","664294","134","67","285",0.2530902051776047,0.8243251484337055,1.5597768984370777,-1.5410792321097735,-0.5899326095834058
"2025","Alexander, Scott","518397","137","81","313",-7.678584949127692,-1.1641746395024124,-2.394198871942962,-2.821139017852285,-1.2990724198300265
"2025","Porter, Logan","682515","137","5","15",-1.1486380381484822,-1.5884336503029806,0.7013233529320307,-0.08240085364588481,-0.1791268871316476
"2025","Whisenhunt, Carson","687931","137","102","408",-6.39770696639215,-4.282687364384041,4.185958491688525,-3.2385227447654574,-3.0624553489311808
"2025","Rasmussen, Drew","656876","139","584","2316",24.60979079647796,18.262262981706805,26.254479031831895,-13.315164229379791,-6.591786987680963
"2025","Bigge, Hunter","685801","139","60","227",-0.6104243770840292,-1.5622546273225861,2.3967863199984514,-0.34675499583301445,-1.098201073926881
"2025","Church, Marc","687847","140","23","99",-1.1904510625414702,0.3865300062292861,0.7432141577789513,-1.7279253141078201,-0.5922699124418874
"2025","Borucki, Ryan","621366","141","144","594",-2.687402042449447,-0.021738327760847123,3.295189261348622,-3.1914539049095967,-2.769399071127625
"2025","Kiner-Falefa, Isiah","643396","141","2","7",0.5251155254729707,0.13160726673793266,0.5914134706279841,-0.197905211892946,0
"2025","Hoffman, Jeff","656546","141","286","1128",-1.8216766097972548,-0.9593602422809049,8.895282230543087,-4.656436479054756,-5.101162119004695
"2025","Sandlin, Nick","680704","141","69","290",1.8023227899979484,0.9210354278271704,3.8172573300939927,-1.0623816608680798,-1.8735883070551327
"2025","Fluharty, Mason","689254","141","211","859",7.793967155962852,2.172741969588023,14.244194925918755,-4.518528858768304,-4.10444088077565
"2025","Sterner, Justin","686993","133","264","1093",7.614356780534291,4.168309378721505,13.841954615618059,-6.160398892116789,-4.235508321688495
"2025","Díaz, Alexis","664747","144","85","361",-7.686295229555636,-0.7676677277746234,-0.15656343133370632,-3.7076022930461994,-3.0544617774011025
"2025","Lee, Dylan","669276","144","265","1102",12.247464931639678,4.245440780599867,13.430270421293201,-2.2995413035630365,-3.1287049666903455
"2025","Harris, Hayden","802686","144","12","50",-0.3582391428638756,-0.22794118292820903,0.2758391318361777,-0.30575766960974954,-0.10037942216209458
"2025","Eflin, Zach","621107","110","309","1127",-17.716052872434354,-9.217839789764156,1.154775122962873,-6.490055771386731,-3.162932434246303
"2025","Burdi, Nick","595897","111","21","83",0.16630792306627132,-0.7406703105305217,1.6709731449407368,-0.6513964176993123,-0.11259849364463102
"2025","Crochet, Garrett","676979","111","814","3151",34.23592309529297,26.862407747917516,25.065240750502593,-10.524477916078228,-7.167247487048959
"2025","Kelly, Zack","677161","111","151","582",-0.5988957661347115,2.754006113517007,1.1142559701444648,-1.441179967520876,-3.0259778822753125
"2025","Criswell, Cooper","681867","111","80","276",-3.8518649657976503,-3.70207341421058,0.8404964426003931,-0.12867204802571364,-0.8616159461617523
"2025","Assad, Javier","665871","112","153","567",2.2207298293601356,4.264428025873173,6.2211113146877075,-5.688361444854286,-2.5764480663464537
"2025","Littell, Zack","641793","113","757","2788",-0.8578619367145873,-3.1220047182879345,18.430931107970277,-9.165145975564707,-7.001642350832247
"2025","Richardson, Lyon","680689","113","168","674",-3.2820790689243955,6.894300643177609,0.3970309067669556,-7.061475932217428,-3.5119346866515393
"2025","Hernández, Carlos","672578","114","202","759",-3.8937900415660565,-0.09444391627825402,5.327070780543968,-6.604797628994613,-2.521619276837163
"2025","Eisert, Brandon","685126","145","300","1216",-11.09243026250635,-3.4419013651022894,4.843051014599593,-6.484912514125537,-6.008667397878104
"2025","Estévez, Carlos","608032","118","263","1043",15.619504077991765,13.783583009810151,13.655995060403209,-8.246766901324516,-3.573307090897072
"2025","Casparius, Ben","676508","119","333","1262",5.381251791644306,3.336161071552566,12.778712068979438,-6.243765751006342,-4.48985559788137
"2025","Curry, Xzavion","675540","146","16","56",-0.9871343913441198,0.7457853731980036,-0.22187758473764452,-0.5403938096945915,-0.9706483701098874
"2025","Peralta, Freddy","642547","158","723","3086",26.19563813397157,16.163452546314705,44.17395709345457,-20.18058954634298,-13.961181959454969
"2025","Ashby, Aaron","676879","158","270","1033",8.746845332202138,8.599353726273403,9.004219123780013,-3.6480406730602244,-5.2086868447910675
"2025","Bride, Jonah","681146","142","37","114",-4.628105953396347,-1.7901481458391812,-0.40186301227313953,-1.2473148747409684,-1.1887799205430565
"2025","Adcock, Ty","686654","121","14","82",-1.6294003511666248,-1.26642071986278,1.035663952214205,-1.2580351710890147,-0.14060841242903505
"2025","Weaver, Luke","596133","147","261","1049",9.34049594573181,10.750484818065923,7.0066618931771005,-4.715628610267248,-3.701022155243961
"2025","Loáisiga, Jonathan","642528","147","131","467",-6.821018717230614,-2.95303957430034,1.8392828981581582,-2.9456218418161475,-2.7616401992722834
"2025","Hill, Tim","657612","147","266","899",4.821675338114206,8.162344414330638,5.556774884205472,-6.505766188891041,-2.3916777715308637
"2025","Chandler, Bubba","696149","134","124","461",5.455394681905821,5.759019392939584,3.7539542274129,-2.1839077579692066,-1.8736711804774626
"2025","Miller, Mason","695243","135","232","972",17.140501642238824,8.23600694602305,14.037789147937472,-1.1667121806593024,-3.966582271062372
"2025","Miller, Bryce","682243","136","391","1543",-15.461656115998089,0.2745865266210621,2.0538004420682734,-13.232068973406848,-4.557974111280579
"2025","Verlander, Justin","434378","137","661","2608",0.0067315118958023445,7.466339780638019,15.351408488398345,-14.777507982140401,-8.033508775000223
"2025","Lauer, Eric","641778","141","425","1682",5.308659067966314,4.996457883657114,18.66289269808198,-12.821682782783162,-5.529008730989632
"2025","Stefanic, Michael","683021","141","3","7",0.7736058680188821,0.2932456071043902,0.5841067123157422,-0.10374645140125041,0
"2025","López, Jorge","605347","120","105","387",1.827039559216333,2.761792189615441,0.18245429873377617,-0.27219558135714267,-0.8450113477757388