"year","last_name, first_name","player_id","team_id","pa","pitches","runs_all","runs_heart","runs_shadow","runs_chase","runs_waste"
"2026","Anderson, Shaun","641312","108","93","351",-2.9716905847827193,-1.332294293795704,3.7070569611169106,-3.100867598722172,-2.245585653381754
"2026","Weiman, Blake","676620","108","76","284",-2.497053908428554,-1.3492767693061873,0.7593100445373352,-1.243158961268763,-0.66392822239094
"2026","Burnes, Corbin","669203","109","47","198",-10.028446411211636,-5.276979613113329,-2.026186977107598,-0.9888084764795037,-1.7364713445112077
"2026","Carrillo, Gerardo","672629","109","80","316",0.43008233079593394,3.4174745752183178,0.3502169807538248,-1.2301123785012644,-2.1074968466749433
"2026","Basso, Brady","669620","133","198","696",-8.217002445676846,2.2118164960228315,-3.868657548317042,-3.2034065602814783,-3.356754833101143
"2026","Johnson, Pierce","572955","113","211","840",-0.41322819470481625,5.32853791746219,1.7513764553907076,-4.760822960008431,-2.732319607549286
"2026","Bibee, Tanner","676440","114","780","2968",1.2496789095021403,14.887787629289209,20.331378921625443,-21.277964710957654,-12.691522930454733
"2026","Adams, Blake","687060","115","9","37",-3.379950802811942,-2.069552130937009,-0.9162131744910864,-0.12611750828277368,-0.26806798910107243
"2026","Melton, Troy","675512","116","470","1773",7.09641214824877,10.557172714227304,16.632822862618628,-13.098646973605996,-6.994936454991151
"2026","Weiss, Ryan","680802","117","131","530",-13.03415932995028,-0.6923497172159613,-6.319127387318941,-3.6693124670630755,-2.353369758352305
"2026","Díaz, Edwin","621242","119","94","395",-5.646360608466836,-4.301871842842992,4.9640186004828575,-3.4775577306405623,-2.8309496354661388
"2026","Scott, Tanner","656945","119","247","963",13.037489082318663,8.678957138107988,7.1660452253338,-0.7126365287703516,-2.0948767523527887
"2026","Halvorsen, Seth","678020","119","139","522",-9.985277351269385,-3.2196886389161405,2.6945765145013323,-6.3191020773057405,-3.141063149548829
"2026","Faucher, Calvin","676534","146","292","1166",11.642805670059328,12.892941710581837,14.918466989231005,-11.639537920187733,-4.52906510956576
"2026","Zuber, Tyler","676604","146","175","694",-8.001474487979088,-4.744551491558685,4.599206731617821,-5.983892793342212,-1.8722369346960146
"2026","Monteverde, Patrick","687287","146","18","65",-0.8799139226914321,1.260075909149336,-0.8294292721377751,-0.8918201749790422,-0.41874038472395114
"2026","Pérez, Eury","691587","146","659","2673",6.727935492296825,15.086729663040892,24.90046056112436,-13.704595314034046,-19.55465941783431
"2026","Acton, Garrett","670183","142","50","203",-0.9666390251591925,3.1193210602539585,-2.2738644133778636,-0.6520645574054337,-1.1600311146298525
"2026","Yan, Jefry","642376","121","96","367",-2.0976117020338734,0.34747502994766766,2.792926807785082,-1.8161657082818459,-3.421847831484774
"2026","Holman, Grant","680880","143","7","34",-2.980463046372382,-0.8786754603663146,-1.9836118583766384,-0.1658258221862723,0.04765009455684379
"2026","Murdock, Noah","668716","134","15","64",-0.30847221759712357,0.42552949219524144,0.3990909658588307,-0.42827618233758113,-0.7048164933136145
"2026","Bachar, Lake","669199","134","357","1448",12.072854251811307,14.801682034317484,16.582982264837515,-9.680456792471771,-9.6313532548719
"2026","Doval, Camilo","666808","137","271","1038",-1.7381600808755602,3.7951392331783746,3.6124181443375063,-3.0233517863468116,-6.122365672044634
"2026","Wilkinson, Matt","683363","137","110","419",1.780784027724111,2.8855291469252933,3.4963899909004494,-2.6665491937263086,-1.9345859163753247
"2026","Heasley, Jonathan","669169","139","19","64",-2.5693792901661854,-0.2891268246134916,-1.6244350224162867,-0.5144204179822208,-0.14139702515418687
"2026","Paddack, Chris","663978","140","267","1015",-10.893063432628635,5.588165837336534,-7.132966179278094,-5.800878266067572,-3.5473848246195017
"2026","Garcia, Robert","676395","140","71","287",3.28602682367296,5.211315270862127,2.1265411784791164,-2.770628468499784,-1.281201157168503
"2026","Taillon, Jameson","592791","141","369","1443",-16.908290438282716,-12.205777802398933,14.430623011934877,-10.989426787254047,-8.143708860564692
"2026","Van Eyk, CJ","669310","141","55","225",-3.970388821686442,-2.390592619102597,1.6212821968132438,-2.1302962121484743,-1.0707821872486154
"2026","Herz, DJ","687792","120","35","128",-6.8520459000818725,-0.8761835865466627,-4.415324983476701,-0.5513628416756622,-1.009174488382848
"2026","Early, Connelly","813349","120","400","1562",1.8808436708244707,11.755257248184382,10.556776049605983,-10.302344307609493,-10.128845319356397
"2026","Aldegheri, Sam","691951","108","151","610",1.3375215562834157,6.845350324143459,4.685074630235227,-6.979810648162622,-3.2130927499326507
"2026","Santana, Dennis","642701","109","248","929",-5.974369891971974,-2.7986707939584385,7.480344208216527,-5.94700678094367,-4.709036525286405
"2026","Jameson, Drey","686753","109","86","306",0.32169343801575917,2.374564291340881,1.04946617923855,-1.007307563824909,-2.0950294687387636
"2026","Mahle, Tyler","641816","144","613","2402",3.8998260639306705,2.1617538341431395,28.795554409222675,-20.06812262568705,-6.989359553748044
"2026","Young, Danny","664849","144","63","265",-5.610054398600585,-1.4477257485514672,-0.12640385645541846,-2.377619281644021,-1.6583055119496781
"2026","Martinez, Seth","661527","111","6","22",-0.8085422386798107,-0.8891607818413034,0.011413680834504475,0.4184476717160266,-0.3492428093890384
"2026","Rea, Colin","607067","112","587","2226",-0.19203501815089913,-2.96608688169645,26.130683778510196,-12.159230271365262,-11.197401643599376
"2026","Trevino, Jose","624431","113","49","125",-9.015026334109976,0.004729692575817124,-3.6806270158337147,-2.7961655327054684,-2.5429634781466066
"2026","Marinaccio, Ron","676760","113","260","1042",-9.808150641704172,-1.5927707581066373,6.7145615386585265,-6.77038615328871,-8.159555268967356
"2026","Mey, Luis","682825","113","165","665",-2.804039407913232,4.5411347227913375,2.421007693872178,-5.855521007463443,-3.910660817113305
"2026","Maxwell, Zach","687209","113","65","291",-4.233074977226696,-2.12444308538238,1.606745013905924,-1.897420977234181,-1.8179559285160583
"2026","Sabrowski, Erik","681870","114","200","820",9.380258324799128,8.46268462992476,10.288012742389927,-5.041269678251832,-4.32916936926372
"2026","Quintana, Jose","500779","115","211","816",-10.29868710667998,-2.6267239626047085,-0.6056806983792258,-3.501081639539831,-3.565200806156201
"2026","Hudson, Bryan","663542","145","280","1057",-1.007538784961198,1.5966847069450956,8.445369173400259,-7.353334006123337,-3.696258659183214
"2026","Richards, Trevor","670950","145","340","1302",6.755634434221359,11.800810097482705,12.052205603914745,-10.161131752396953,-6.936249514779122
"2026","Taylor, Grant","691799","145","336","1333",18.957270351653875,14.951290984043917,9.198507436715486,-2.9266968748968907,-2.2658311942086926
"2026","Lambert, Peter","663567","117","664","2643",-0.06134269224076425,14.75450965647387,18.011480600486298,-18.896401250771234,-13.930931698429676
"2026","Burrows, Mike","681347","117","421","1567",-16.36625249704355,-7.219546135678125,12.460868968577012,-13.422796383036204,-8.18477894690622
"2026","King, Bryan","687911","117","276","1067",-5.299891772010111,1.4841116501590763,4.170643007291311,-5.76325334444876,-5.191393085011726
"2026","Lynch IV, Daniel","663738","118","356","1300",7.320963756554652,3.448116436843335,17.188483984324634,-8.042619259072264,-5.273017405541046
"2026","Gonsolin, Tony","664062","118","15","63",-1.8288345671077546,0.5306762233682177,-1.5424202029569416,-0.48265716495723654,-0.3344334225617942
"2026","Duran, Carlos","679922","118","9","35",-0.8255191138730469,-0.34129966260383227,0.7011095834774479,-0.6807107215237045,-0.504618313222958
"2026","Spence, Mitch","687765","118","56","200",-9.985216195612026,-2.095740420871649,-4.256456734920287,-2.406378881686994,-1.2266401581330932
"2026","Pannone, Thomas","623381","158","14","56",-0.7685827365673433,0.684154347201225,-0.5834322761088476,-0.5304709644250478,-0.3388338432346731
"2026","Arcia, Orlando","606115","142","5","14",-0.7709045065008439,0.33582887034849573,-0.3893282019015918,-0.44520308942567505,-0.2722020855220727
"2026","Ober, Bailey","641927","142","561","2099",-2.4295979370498513,8.892601410986527,9.633524979026369,-12.79322665194203,-8.162497675120703
"2026","Jackson, Alex","656577","142","10","26",-1.7800526738251452,0.5141437071712921,-1.6675721396914598,-0.7400408875523158,0.11341664624733856
"2026","Stock, Robert","476594","121","146","560",-3.7740033990097173,0.6539436440889257,3.2953917613071138,-3.115265902583167,-4.60807290182259
"2026","Torrens, Luis","620443","121","11","22",-3.177373396989484,-2.1953915705373257,-0.45873138568202015,0.20756011435307026,-0.7308105551232082
"2026","Manaea, Sean","640455","121","653","2493",-16.658386139268075,1.0006065278332135,7.929330095256009,-11.802600746567256,-13.785722015790093
"2026","Zuñiga, Guillo","670871","121","4","18",0.46259508067815786,0.18638285382348774,0.12572175421361045,0.16857498759086298,-0.018084514949803274
"2026","Gerber, Joey","680702","121","34","129",0.233926227390211,1.8731427003233878,0.1613477212659729,-1.3604921582423741,-0.44007203595677563
"2026","Cruz, Fernando","518585","147","232","944",1.8490688220150704,1.6761070907689726,8.263872593797473,-3.3392678240166282,-4.751643038534747
"2026","Wheeler, Zack","554430","143","645","2649",24.951094835384417,9.498762612485088,34.99613111963793,-9.365469120132865,-10.178329776605748
"2026","Banks, Tanner","621383","143","175","669",-14.827859133249682,-10.585606457373595,3.1585125169168786,-4.476493503557326,-2.9242716892356504
"2026","Urquidy, José","664353","143","164","607",-5.7247783866688495,0.22900301173437138,-0.851495510567514,-3.4085084981383313,-1.693777389697369
"2026","Soto, Gregory","642397","134","283","1153",6.20513295313643,7.109906808961647,7.618119754033481,-4.480815727318639,-4.042077882540051
"2026","Mlodzinski, Carmen","669387","134","536","2080",0.8954999309618487,7.04272665392855,14.722843973576952,-11.220243750171836,-9.649826946371803
"2026","King, Michael","650633","135","757","2981",18.965117908184883,19.52212636172677,32.44865922802904,-14.413165198178003,-18.592502483392945
"2026","Strzelecki, Peter","657265","138","61","251",-0.6186972493708042,5.050955957541012,-1.3677548895958602,-2.6621233044300303,-1.6397750128859268
"2026","Pushard, Matt","690155","138","32","120",-0.4492303221708182,0.17225248754497463,1.1428132312516015,-1.3605395933835374,-0.4037564475838573
"2026","McGreevy, Michael","700241","138","702","2774",1.3728683290206296,11.266624026282937,15.598480872324362,-13.734388847373467,-11.757847722213235
"2026","Peralta, Freddy","642547","139","729","2959",0.6584946968057719,9.950574703867021,22.355929826361844,-16.436989625775524,-15.211020207647596
"2026","Lorenzen, Michael","547179","141","619","2400",-47.41048364335785,-3.734695170838914,-10.923199115584143,-20.785445634068132,-11.967143722866707
"2026","Tiedemann, Ricky","694357","141","29","123",-0.26939566873180654,1.100240381625443,0.9234780930773442,-1.222833520206655,-1.0702806232279385
"2026","Beeter, Clayton","690925","120","205","796",1.8276052926403237,5.208819118962316,8.91811579332989,-6.76905249509421,-5.5302771245576725
"2026","Kochanowicz, Jack","686799","108","295","1106",-2.5300820314539254,3.5283016172211723,12.76683680122171,-10.822070891773754,-8.003149558123042
"2026","Kriske, Brooks","621139","133","10","38",1.34609491401976,0.31002243600990104,1.0809515987054321,-0.1173919761126117,0.07251285541703817
"2026","Lopez, Jacob","682052","133","547","2226",-11.424097515779643,14.056946561411845,6.402370753500052,-18.473699978204976,-13.409714852486593
"2026","Suter, Brent","608718","144","375","1526",4.27096879944916,7.9729114604277544,9.97200341983673,-5.95868860368139,-7.7152574771339335
"2026","Gibson, Trey","694346","110","185","711",-7.0591752964471794,1.5961098360113575,-0.8744805897615289,-5.2653013906220245,-2.5155031520749875
"2026","Kelly, Zack","677161","111","71","283",1.2914557151460748,2.9068361703192576,1.201688280268387,-1.542015365435752,-1.2750533700058166
"2026","Thielbar, Caleb","573204","112","208","848",-2.2303889057101163,3.1876042407877567,1.7402653572964657,-4.019002483163072,-3.1392560206312576
"2026","Assad, Javier","665871","112","377","1506",3.1731639288130222,9.67024821377866,11.182142591994449,-11.578836956467205,-6.1003899204928915
"2026","Moll, Sam","594580","113","255","1073",-2.121975889338116,6.547687744269135,8.339226879390603,-9.13704832824846,-7.871842184749397
"2026","Higgins, P.J.","664731","113","3","10",0.7828965054514522,0.11837269985928056,0.565989860615452,0.1902020265065761,-0.0916680815298565
"2026","Ashcraft, Graham","668933","113","149","612",1.1123022025518083,7.632676255167979,1.428350932524109,-5.794832011936972,-2.1538929732033116
"2026","Brebbia, John","605154","115","21","94",-2.5939909090861133,-0.7869513851479104,-1.236745915259123,-0.39882866571288206,-0.17146494296619688
"2026","Agnos, Zach","688642","115","404","1502",-13.556889934853656,-1.6032301629762653,2.454166498182567,-9.16952537293381,-5.238300897126137
"2026","Anderson, Drew","623454","116","456","1770",-0.3108053547548783,5.011916480940852,15.059071967266595,-9.732478653123389,-10.649315149838934
"2026","Kinley, Tyler","641755","116","228","909",1.5769599914009673,2.9600497093499656,8.769206825513107,-6.89456599367944,-3.257730549782668
"2026","McKinstry, Zach","656716","116","15","57",-2.5506500660820564,0.01801168313212791,-0.2011623383194819,-0.8147268907596608,-1.5527725201350413
"2026","De Los Santos, Enyel","660853","117","300","1153",0.07396771165537024,1.0771007836158544,11.29630711947678,-6.31106901212006,-5.988371179317211
"2026","McGee, Easton","668834","118","52","184",-6.039630778694157,-2.6439424647806145,-1.1537659806189096,-2.1301652489609264,-0.11175708433370315
"2026","Eder, Jake","671109","119","15","56",1.0177624611033278,0.8521376727857369,1.1163440009936405,-0.6272256967480072,-0.32349351592804215
"2026","Knack, Landon","689017","119","50","187",-1.2757724777737658,-2.4759912150456787,3.7009704871384366,-1.9124318007227625,-0.5883199491437605
"2026","Fairbanks, Pete","664126","146","182","766",-4.086477494441361,-0.38444261870096963,4.663907327722479,-6.021775542456841,-2.344166661006025
"2026","Sánchez, Gary","596142","158","9","30",0.2334380099497284,-0.7914864849626206,1.1795968236774836,0.1419718383340146,-0.296644167099149
"2026","Henderson, Logan","701656","158","371","1505",16.27422959309913,8.948838573976591,18.776432441586238,-6.95921388967702,-4.491827532786657
"2026","Sands, Cole","663485","142","56","209",-3.066899983209743,1.6322680406431036,-1.916059980100021,-2.02976312936655,-0.753344914386274
"2026","Nance, Tommy","667297","142","256","981",1.0944454384568165,4.372473423362486,2.6567064931015256,-1.6143935584797435,-4.320340919527465
"2026","Orze, Eric","679358","142","187","677",-1.7609546861877365,2.76649130730452,5.528230456809869,-6.272952164481575,-3.782724285820557
"2026","Funderburk, Kody","681892","142","221","876",4.126822442304994,9.56411309871233,8.351440968380578,-8.509853532224527,-5.278878092563388
"2026","Devenski, Chris","606965","121","38","134",-5.223619933033638,-1.555312944207474,-1.5670099124034143,-1.6938061745997022,-0.40749090182304887
"2026","Pintaro, Jonathan","702752","121","130","523",-0.3421119974281219,0.2634558252060755,8.44826834271013,-4.333034694518776,-4.720801470825553
"2026","Hill, Tim","657612","147","239","816",-4.680993424665953,-2.7295459296579425,9.187984531757847,-6.673715225943072,-4.465716800822781
"2026","Ashcraft, Braxton","677952","134","667","2413",14.420018704310941,6.722563369373905,20.307379724584404,-4.225824921977254,-8.384099467670124
"2026","Barco, Hunter","682995","134","87","351",-4.63998272531382,-2.0551242621559904,2.4152526177323286,-3.61668091719179,-1.3834301636983652
"2026","Canning, Griffin","656288","135","391","1544",-12.978463616835633,0.10650754297741968,5.212910914959917,-8.3073054388807,-9.990576635892266
"2026","Gonzalez, Domingo","682445","136","36","129",-1.3157408478197996,-1.4310354806949022,2.6385805667564703,-1.7060812844617157,-0.8172046494196513
"2026","Anderson, Kade","807739","136","146","541",1.1471002436324769,-1.5896130881370718,5.619936150465164,-1.7484162875559572,-1.1348065311396573
"2026","Hentges, Sam","656529","137","170","687",0.9370531411172486,9.629333082033726,2.1073017255779125,-5.763853041495257,-5.035728624999133
"2026","Sanmartin, Reiver","665665","137","92","345",0.23787306883079157,-1.807810560906902,4.292489228112067,-0.774540901473375,-1.4722646969009954
"2026","Lonsway, Seth","675920","137","14","40",-2.3063609877203213,-1.3780067884255476,-0.5948494194137137,-0.3049800953497543,-0.02852468453130673
"2026","Roupp, Landen","694738","137","657","2712",13.154705725008261,21.87917702324069,29.236637139789874,-27.4511328406791,-10.509975597343074
"2026","Tidwell, Blade","694918","137","235","959",2.648629683719116,10.648882265103923,7.057625837684311,-10.31415849708683,-4.743719921982279
"2026","Davitt, Duncan","701474","137","36","121",-3.776288907431504,-2.0900706636934054,-0.04704651904590517,-1.406310250193963,-0.23286147449822975
"2026","O'Brien, Riley","676617","138","272","1064",3.7449292490475203,14.31261869970821,5.124835632304224,-6.14609090070385,-9.546434182261054
"2026","Graceffo, Gordon","700669","138","323","1222",15.662667670851098,12.065184982826803,16.0919117471428,-5.61666012064329,-6.877768938475209
"2026","Martinez, Nick","607259","139","722","2524",18.260673972915896,9.345775180886847,27.43461171952883,-12.57035835236243,-5.949354575137399
"2026","Seymour, Ian","693855","139","547","2123",5.896693459597922,-6.5138256252786775,24.70175066977732,-6.179857320554259,-6.111374264346379
"2026","Gonzales, Marco","594835","140","28","118",0.8534980740051088,2.4128305338822256,-0.6933909793497818,-0.36405395858347184,-0.5018875219438632
"2026","Yesavage, Trey","702056","141","401","1619",8.589911379309408,10.49142076017691,15.383308634224173,-6.507245933369777,-10.777572081721866
"2026","Cavalli, Cade","676917","120","705","2777",12.33419836490662,17.660865892288058,23.535771157732867,-14.780087620779518,-14.082351064334766
"2026","Simpson, Jared","688692","120","20","93",0.24160015259421994,0.4774316458926729,1.773370133354468,-0.7597378672295416,-1.2494637594233797
"2026","Bachman, Sam","696147","108","216","830",0.4060268411497374,11.751427355383564,-1.746185378135829,-5.369479860431493,-4.229735275666506
"2026","Littell, Zack","641793","109","540","1977",-25.098968921043102,-8.028284156718584,7.261853322438563,-15.711939228456343,-8.620598858306776
"2026","Del Castillo, Adrian","680728","109","9","16",-0.5650212116872766,-0.3024538634431856,-0.26869671188961763,0.05085697319387758,-0.044727609548351074
"2026","Blewett, Scott","656240","133","159","584",0.7053430931638132,0.6705884576852974,3.1899085489059495,-0.4345833540303386,-2.7205705593970957
"2026","Suarez, José","660761","133","276","1069",-5.006903497975914,2.9856198014119184,2.4656770962894363,-5.222938832306556,-5.23526156337072
"2026","Roycroft, Chris","688297","133","188","695",-16.537203795804427,2.5617114458596624,-8.92822825614032,-6.089642450992319,-4.081044534531463
"2026","Suárez, Albert","544150","110","261","970",0.14948797742239978,5.802232743263004,6.478781860413543,-7.013985014427148,-5.117541611826998
"2026","Enns, Dietrich","608650","110","70","291",1.1783839567054648,5.463310456684247,2.0399570782535075,-3.737389408349171,-2.587494169883117
"2026","Bautista, Félix","642585","110","10","37",-1.9694237236052126,-2.1683298679244185,0.3606638779960927,0.01970935684541513,-0.18146709052230203
"2026","Cano, Yennier","666974","110","203","794",9.379137315813818,5.736441481098946,10.893949210664696,-4.831208864876852,-2.4200445110729683
"2026","Rogers, Trevor","669432","110","699","2689",6.197546424475667,11.841854761228065,18.792293225075756,-17.643458549007697,-6.793143012820405
"2026","Young, Brandon","687064","110","669","2530",-2.4851337800917683,12.371951656502215,4.102950220668775,-11.231190334411535,-7.728845322851226
"2026","Houck, Tanner","656557","111","13","50",-1.0506367380141746,-2.1096629146180237,1.4613517048773552,-0.3225854334568887,-0.07974009481661734
"2026","Kelly, Carson","608348","112","13","29",-0.6031674941538073,-0.7666295611115527,0.15919356230197607,0.06460124246857825,-0.060332737812809005
"2026","Ferguson, Tyler","621053","112","78","293",-1.0657825302822896,1.452243475315929,-0.05733780328817975,-0.4422223738552729,-2.0184658284547656
"2026","Blach, Ty","621389","112","9","30",1.6688102674511613,0.7318273401196491,0.7667754787289391,0.19932092507240953,-0.029113476469836468
"2026","Civale, Aaron","650644","112","491","1896",-7.360479920705418,5.973334711589359,2.014562526796135,-8.64263257817857,-6.705744580912372
"2026","Kelly, Antoine","681520","112","4","18",0.44045124482806236,0.5999542493012557,0.41532341292943087,-0.36428232557246376,-0.21054409183016043
"2026","Wicks, Jordan","696136","112","50","180",-4.137356368820061,-2.664258497556418,0.0643075100700005,-0.782676343346488,-0.754729037987157
"2026","Martin, Riley","702303","112","32","118",0.9853879654371742,1.020350903556401,1.232175390303282,-0.9502643915982864,-0.31687393682422216
"2026","Emanuel, Kent","592288","113","23","96",-0.9702708406599845,0.6500365688924474,0.8101328196870878,-1.4173164779517267,-1.0131237512877935
"2026","Heuer, Codi","676051","114","46","189",-2.3671802908875343,0.05396955054341302,0.051542194157201654,-0.7062667022765983,-1.7664253333115532
"2026","Hill, Jaden","677955","115","179","692",1.339249924044454,3.6512620011957106,4.422972885114355,-2.6972548423399685,-4.037730119925647
"2026","Jansen, Kenley","445276","116","179","725",8.839721041635096,5.157528005933347,13.78053264998039,-5.447759124799811,-4.650580489478839
"2026","Waguespack, Jacob","621097","116","183","672",8.497239103795144,3.7497189269146465,14.433051341140622,-6.127638686980487,-3.5578924772796343
"2026","Gose, Anthony","543238","118","51","200",2.614945197580967,2.9351102736267887,0.4376345779709028,-0.2259894967134591,-0.5318101573032656
"2026","Treinen, Blake","595014","119","128","494",-2.101497779892307,-0.6545715441372626,4.518421595294857,-3.8280526664810837,-2.137295164568818
"2026","Glasnow, Tyler","607192","119","287","1149",15.427473680398014,9.411137059932123,16.21646266155057,-4.768942650031814,-5.4311833910528735
"2026","Lauer, Eric","641778","119","466","1814",-17.664907487304006,-13.315393352472768,17.4465301099953,-14.433563384911066,-7.362480859915486
"2026","Miller, Bobby","676272","119","32","142",-1.491886572760672,2.532514738948047,-0.9488101789194533,-1.4035839786927289,-1.6720071540965382
"2026","Wrobleski, Justin","680736","119","576","2137",3.766613638793673,13.564926014789556,13.929465146518378,-15.109658117750211,-8.618119404764016
"2026","Vesia, Alex","681911","119","234","1011",12.404498654526462,4.196859106589165,16.205949668750954,-4.256510103541613,-3.7418000172720625
"2026","Gervase, Paul","801434","119","34","124",1.971764598913206,0.6451024676134559,2.9042064762912787,-1.0248885919020974,-0.5526557530894309
"2026","Snelling, Robby","702281","146","22","86",-2.136666423669429,0.6084067058537294,-1.3044350100693145,-1.0586005543182933,-0.38203756513554865
"2026","Wilson, Bryse","669060","158","151","558",-0.0170102674847752,2.179046648987888,2.065961038996672,-2.7972711863816784,-1.4647467690876579
"2026","Ryan, Joe","657746","142","614","2441",4.058133759468619,-10.360314596077037,36.26531972742208,-10.968507176683888,-10.878364195192406
"2026","Matthews, Zebby","805673","142","545","2117",-2.6356514863691793,-1.4330616738645519,16.349419558056677,-9.903855204503385,-7.648154166057938
"2026","Myers, Tobias","668964","121","229","836",-5.069767680276577,2.4873534516695734,0.45226486242596864,-4.934817635866006,-3.074568358506118
"2026","Lavender, Nate","681320","121","79","294",7.179005738106741,4.917217516644795,5.445570298380994,-1.7139316384228445,-1.4698504384962072
"2026","Rodón, Carlos","607074","147","340","1438",13.998158136082047,19.411331850594348,13.469260264047612,-11.272146830610268,-7.610287147949644
"2026","Raley, Brooks","548384","143","223","842",-1.367631885153591,0.919976746023805,7.018036355443871,-3.6638676629406093,-5.641777323680655
"2026","Shugart, Chase","663767","143","222","867",-0.056145369033004947,3.1328489253195713,8.563461883152858,-6.11179853022627,-5.640657647279173
"2026","Backhus, Kyle","679775","143","94","354",-2.118191222504136,0.2835486109520569,1.6516844628713385,-1.9983839493961504,-2.0550403469313783
"2026","Weaver, Luke","596133","134","237","903",11.072465282924858,8.765204178212096,7.927910446466443,-3.2051324502943546,-2.4155168914593355
"2026","Keller, Mitch","656605","134","503","1887",-12.531648288150702,-0.6594221503127813,12.278349045280939,-13.437033024377325,-10.713542158741518
"2026","Mattson, Isaac","676755","134","176","728",-2.847923622608497,4.977399883044726,3.5251295313665723,-8.5482284490066,-2.8022245880131993
"2026","Mize, Casey","663554","135","549","2083",-9.419683008285968,-7.084224388186158,20.2656275445476,-13.905886019639425,-8.695200145007956
"2026","Harris, Trent","805345","137","94","368",3.242338949029477,0.688076547817722,5.851356896819671,-1.8667865606932752,-1.4303079349146426
"2026","deGrom, Jacob","594798","140","665","2735",16.71921263797991,5.091904991980007,27.586078644248868,-5.657329445465476,-10.30144155278344
"2026","Fisher, Braydon","680755","141","305","1256",0.7813838062640868,3.8912481942345063,12.953690322160048,-7.549802202746005,-8.513752507384483
"2026","Yean, Eddy","678868","120","45","168",1.570879089818034,1.2553605304506115,2.7710492805033096,-1.606847120483384,-0.8486836006525036
"2026","Kelly, Michael","547184","133","32","121",-5.916540757759475,-1.0224819754252088,-3.13431777528074,-0.9231821258844057,-0.8365588811691227
"2026","Hartlieb, Geoff","664129","133","124","435",-2.1399059852695026,1.6709025905210582,1.1868282512431576,-1.886745472783245,-3.1108913542504752
"2026","Sterner, Justin","686993","133","183","726",-6.233080239996394,-4.034949596366231,4.331258307236589,-3.882110265228004,-2.6472786856387565
"2026","Detmers, Reid","672282","108","740","2958",27.613364003314288,13.1920684207719,32.27781185606547,-7.992865411006001,-9.863650862517131
"2026","Natera Jr., Samy","696519","108","131","580",7.694540254934491,9.172443038028124,5.662738994684683,-4.344529008689555,-2.796112769088771
"2026","Gallen, Zac","668678","109","468","1780",-18.794403796793045,-10.6952037970165,10.731703022073267,-10.936219115066475,-7.894683906783369
"2026","Carrasco, Carlos","471911","144","73","246",-1.9876239329650043,-0.2640634135193504,0.8827478865662752,-1.5937731688899275,-1.0125352371220016
"2026","Waldrep, Hurston","694462","144","56","215",-3.32621477998532,-1.1712655917312351,2.2347265659640048,-1.2668688190372048,-3.122806935180886
"2026","Miller, Erik","669062","111","224","970",6.269338605712059,7.884142349093075,12.012153491941119,-9.003086488911041,-4.623870746411104
"2026","Olds, Wyatt","681544","111","68","288",1.0129037662665141,0.9516455168904003,4.058155217968189,-2.1744513310814266,-1.8224456375106484
"2026","Gamboa, Alec","687941","111","132","466",3.121450410738591,3.0130567736424605,6.681014134309043,-4.980990072482304,-1.5916304247306194
"2026","Garrett, Braxton","666129","112","49","199",-3.4167650379756767,-0.8427047020324712,2.015475943089769,-2.5612974129644335,-2.028238866068541
"2026","Roberts, Ethan","681799","112","110","436",-1.682925627284652,3.9920281101589867,2.304724778361628,-4.432983702429933,-3.5466948133753395
"2026","Burns, Chase","695505","113","630","2569",12.142678148775111,11.70415514779331,24.24769324434479,-10.839721209614924,-12.969449033748038
"2026","Smith, Cade","671922","114","290","1226",13.312320447018198,12.050842805048914,12.808824694177869,-5.210401712622748,-6.336945339585829
"2026","Brazobán, Huascar","623211","145","264","1040",10.753570370455035,4.655690325296254,14.474606369685093,-2.862603160904521,-5.514123163621789
"2026","Verlander, Justin","434378","116","39","171",-3.7018684268685367,1.3364502775231417,-2.3836388493556564,-1.726298330931243,-0.9283815241047778
"2026","Salazar, César","663967","117","4","10",-0.33135627901168835,0.2523606078072453,-0.7478814899359987,0.21785855648510946,-0.05369395336804426
"2026","Javier, Cristian","664299","117","276","1109",-4.807532030773652,7.72662930943147,-1.2535654487754484,-5.888607948762244,-5.391987942667418
"2026","Bivens, Spencer","702352","118","42","182",-2.8993838804339385,0.08087299633670991,-1.1862529214194066,-0.9501474595420304,-0.843856495809207
"2026","Ohtani, Shohei","660271","119","340","1335",20.489182579625478,19.919040140771358,12.745588383043247,-5.590651433030046,-6.584794511159072
"2026","Gusto, Ryan","687473","146","391","1436",-5.432882855782887,3.195108855403321,7.012809381429567,-11.181775326016853,-4.45902576659894
"2026","Gibson, Cade","806188","146","220","877",-1.6043860526266591,1.9771970354431854,6.927542088296559,-5.763663206372818,-4.745461969993574
"2026","Williams, Devin","642207","121","183","759",-1.4740991582725258,3.5655955894265734,5.047041081438482,-6.709919531670613,-3.3768162974669695
"2026","Schreiber, John","670167","147","242","997",-2.1242580918221847,3.3305295795765706,8.004776302781709,-7.965516348505679,-5.494047625674784
"2026","Keller, Brad","641745","143","135","533",1.989999856212542,2.088538866403314,5.826498336282949,-2.155849202804739,-3.7691881436689836
"2026","Keller, Brian","662144","143","11","39",-0.6536580264500491,-1.834077883922636,0.6553300729315552,0.6150286490302733,-0.08993886448924171
"2026","Curtis, Khristian","694753","134","87","349",1.3653800232331836,2.4283904436727024,5.02631595079573,-3.121382803087708,-2.9679435681475446
"2026","Pivetta, Nick","601713","135","140","578",9.092370133090931,8.884829167334674,4.493118355404524,-1.414956600549064,-2.870620789099192
"2026","Rodriguez, Bradgley","699134","135","300","1183",13.146767036213864,6.33932799469933,13.463288237474416,-3.167710400651452,-3.4881387953084477
"2026","Brubaker, JT","664141","137","250","1000",5.650175810310197,5.662565236863032,12.514071191478077,-6.0543938612581005,-6.47206675677281
"2026","Zimmermann, Bruce","669145","138","21","72",-0.36336785713718284,1.1878681825508421,-0.7838959601911059,-0.7530829570874623,-0.01425712240945759
"2026","Svanson, Matt","694335","138","207","788",-6.980506845815465,-3.647607741847194,7.255907367009264,-7.575429001200441,-3.013377469777096
"2026","Gastelum, Luis","703725","138","152","599",-0.9373511747129187,-1.5136728918120828,4.300214619768145,-1.0254135727280738,-2.6984793299409073
"2026","Silseth, Chase","681217","140","267","1089",-0.9381806315012188,9.758042781218753,2.087728145141237,-7.304533027291878,-5.479418530569334
"2026","Scherzer, Max","453286","141","364","1461",-2.589467005241325,-4.143490978627561,14.923959296002751,-7.777653508796332,-5.592281813820162
"2026","Dallas, Chad","689149","141","64","260",-0.37226013495972443,0.6166917747463898,2.775545862673575,-2.7127717044343123,-1.0517260679453788
"2026","Klein, John","804619","141","35","148",-0.031922393379804015,-0.6170273933010028,2.3315289981790728,-0.642298219129403,-1.104125779128471
"2026","Tur, Yunior","814305","133","78","294",-13.816591366158152,-7.147276660789269,-1.3647795951387716,-3.690938983088903,-1.6135961271412256
"2026","Kerr, Ray","678061","144","66","212",3.8965270628163653,3.558479524705156,1.674022764485102,-0.49852820689491,-0.8374470194789823
"2026","Bradish, Kyle","680694","110","668","2629",-10.116763985742754,10.538371225826435,6.846931693539315,-18.297369140888417,-9.204697764220109
"2026","Kahnle, Tommy","592454","111","43","168",-3.8860279609196757,-2.630110572928384,1.589268711230515,-2.2513956281535896,-0.593790471068216
"2026","Festa, Matt","670036","114","289","1102",-3.982806570841819,-2.739733215908351,8.33365913983524,-4.924758368387078,-4.651974126381623
"2026","Sommers, Drew","805427","116","167","642",0.33604421831004394,5.851134468430678,0.45019021100398665,-2.5233565008092023,-3.441923960315422
"2026","Teng, Kai-Wei","678906","117","329","1266",-9.860744950123877,1.4636616409217078,4.813680190630589,-6.732084481479777,-9.406002300196384
"2026","Henriquez, Edgardo","683618","119","241","968",13.933922271518304,16.07079389981693,8.064777490710407,-3.847689546943434,-6.3539595720655955
"2026","King, John","667463","146","195","714",7.199188442768384,7.930295818547263,4.801361401224288,-2.234520483188902,-3.297948293814269
"2026","Sanoja, Javier","691594","146","27","73",-4.327992435617373,-1.2749342769254794,-2.336924229866997,0.26817495731687624,-0.9843088861417721
"2026","McCullers Jr., Lance","621121","158","195","793",-6.762752057977869,1.8187490552788037,3.5673955078362583,-6.379078757868131,-5.769817863224783
"2026","Alvarado, José","621237","143","269","1129",-2.4072250749451487,6.822957400923247,2.4077944934770397,-5.135074206961112,-6.502902762384323
"2026","Pop, Zach","647315","143","31","130",1.3555200922774782,1.9954255371818108,1.2125377991816997,-1.1343991760304033,-0.718044068055629
"2026","Buehler, Walker","621111","135","648","2606",-2.3646124617580035,10.502792393942347,18.681696643711355,-19.16874596543087,-12.380355533980781
"2026","Durán, Rodolfo","660710","135","19","45",-5.195177771831195,-2.9370900378527067,-0.8545062304149231,-1.36131912741291,-0.042262376150653896
"2026","Speier, Gabe","642100","136","188","698",5.009876043225812,6.284629613575257,5.718657782609458,-3.813573762917074,-3.179837590041825
"2026","Buttó, José","676130","137","16","63",-4.630388233089805,0.6035355084599234,-3.6599952483804765,-0.704881253322654,-0.8690472398465996
"2026","McDonald, Trevor","686790","137","310","1137",1.245546436188429,4.187521517986477,9.475202453950251,-3.8428791510987517,-8.574298384649534
"2026","Rajcic, Max","691008","138","39","163",0.05034576478205296,-1.069281504688209,4.032029466717875,-1.8718264092781407,-1.0405757879694717
"2026","Brooks, Aaron","605156","139","4","17",-1.2584846126076679,0.06071974296257196,-0.8606182497525853,-0.2899293617434871,-0.16865674407416756
"2026","Martin, Chris","455119","140","66","248",-8.652414034516223,-3.5081307620511244,-3.3772533820336452,-1.0597280178677555,-0.7073018725636907
"2026","Alexander, Tyler","641302","140","312","1200",4.536900657284223,11.334075790584768,5.221353503925851,-6.700733460716154,-5.3177951765102245
"2026","Santos, Winston","692437","140","9","33",-0.2399636925935004,0.34686776178951667,0.005124769827505898,-0.16780190599828496,-0.4241543182122378
"2026","Teodo, Emiliano","693713","140","10","43",-1.056333436777272,-0.7068339980308352,0.7675082645389779,-0.9210190010613087,-0.19598870222410603
"2026","Cellucci, Brendan","676454","141","29","112",4.364863944151905,3.5313049853942347,1.1334024147467932,-0.3801146600530776,0.08027120406395571
"2026","Fluharty, Mason","689254","141","261","1034",6.954440800574522,5.841622891687068,11.178668352103175,-5.300683868197676,-4.765166575018067
"2026","Ribalta, Orlando","687377","120","178","750",3.315648611033787,1.3961277553676295,9.285315915164146,-4.605530029094651,-2.760265030403336
"2026","Sandlin, Nick","680704","108","40","157",-4.187152317052744,-1.3699085265683966,0.7491305367914505,-1.5413021612842392,-2.0250721659915594
"2026","Foster, Cameron","671382","110","49","189",-4.896847603832817,-2.0749446872452895,-0.037037545266671495,-1.2679229135333676,-1.5169424577874886
"2026","Chapman, Aroldis","547973","111","213","841",7.905818882717334,4.967486264276239,9.451260513780072,-3.978434254669611,-2.5344936406693783
"2026","Harvey, Hunter","640451","112","18","76",-3.1703240846396716,0.5405458193112345,-2.7081936275804455,-0.6172141003174334,-0.38546217605302835
"2026","Phillips, Connor","683175","113","145","590",-3.799430380951623,4.027081821525568,3.7510944254207184,-6.935607692318238,-4.641998935579662
"2026","Aguiar, Julian","687924","113","14","54",-0.09171434264815428,-0.5992628855129978,1.2951137001159099,-0.6193118906848288,-0.16825326656623765
"2026","Herrin, Tim","682120","114","237","983",1.036595717553406,5.96726483610953,6.918572060223305,-7.48729282800394,-4.36194835077548
"2026","Mushinski, Parker","656786","115","34","139",-2.141598515037762,1.861296039825644,-1.6479451647810444,-1.6142557705099525,-0.7406936195724081
"2026","Valdez, Framber","664285","116","757","2768",4.6326486786101535,14.690059646635387,20.508767234280967,-13.357471342600306,-17.208706859705867
"2026","Madden, Ty","680744","116","189","755",9.43535661108967,6.875044779510335,9.575024827607443,-3.924465032596247,-3.0902479634318607
"2026","France, J.P.","641585","117","31","117",-1.5135769369320067,0.2757847836760271,-0.2005112410044716,-0.05586527140553997,-1.5329852081980229
"2026","Wacha, Michael","608379","118","810","3028",8.377461061528354,22.937649290505334,12.693127133549808,-16.54988564624123,-10.703429716285475
"2026","Avila, Luinder","679883","118","309","1293",-7.673410971745833,3.385981262298115,8.676409668390693,-9.91031330819034,-9.825488594244321
"2026","Alcantara, Sandy","645261","146","894","3293",13.888981638258556,10.17081810869368,39.79105103992625,-22.926827458459186,-13.146060051902229
"2026","Phillips, Tyler","663969","146","538","2037",0.21616552079848012,9.11579656341594,11.404554796470054,-13.77982854963337,-6.524357289454158
"2026","May, Dustin","669160","158","621","2399",-2.5920373028145303,7.969278423200951,15.118256288523005,-11.634008126665782,-14.045563887872719
"2026","Fitzpatrick, Brian","702153","158","30","109",0.10341235919899662,1.4754019051161693,0.8308816963713431,-1.4190016547610695,-0.7838695875274466
"2026","Adams, Travis","701519","142","247","950",-0.6817373876041567,4.9287142449079555,4.464608363737524,-5.805747343644167,-4.269312652605476
"2026","Fulmer, Michael","605242","147","60","264",0.028971366135914788,1.3837904814864699,-0.22143553459727866,0.7380115591757372,-1.8713951399290127
"2026","Yates, Kirby","489446","134","178","726",5.971060755826949,6.210736654720713,9.626099047272506,-6.100726335806998,-3.76504861035927
"2026","Miller, Mason","695243","135","271","1149",21.55905477328861,14.344955758531665,10.70691503841851,1.0293538284220325,-4.522169852083604
"2026","Domínguez, Seranthony","622554","136","258","1112",4.087574259890768,5.110091557541219,11.126316876960678,-6.981825041522995,-5.167009133088128
"2026","Webb, Logan","657277","137","667","2488",18.00886049784653,15.34901772790151,29.16427915878181,-16.690835077069032,-9.81360131176777
"2026","Santos, Gregory","666619","137","22","86",-1.3509649093463203,1.1843153872954504,-1.359232757301466,-0.9377592845285004,-0.2382882548118046
"2026","Kennedy, Buddy","671083","137","9","39",-1.8799648922763361,-0.16157165448065525,-1.2712133373329189,-0.04536953927813474,-0.40181036118462765
"2026","Torres, Bryan","663494","138","8","18",0.8020466856174343,0.7915665692508211,0.5761325911419154,-0.3383987277691746,-0.22725374700612735
"2026","Englert, Mason","669438","139","172","664",-8.96141562963807,-10.827948080860734,4.3984750534466714,-0.5649415247663934,-1.9670010774576194
"2026","Cook, Alex","702047","139","24","98",0.9303670421683488,1.9396238439509297,0.3175641568417633,-1.2498291466378568,-0.07699181198648856
"2026","Cease, Dylan","656302","141","685","2895",36.01258814524336,32.41794434722842,36.627992464760545,-18.910662354031704,-14.122686312713938
"2026","Rodríguez, Yariel","684320","141","45","172",-5.231290025028871,2.9371897069657398,-3.409372292592167,-3.100800202978967,-1.6583072364234732
"2026","Krook, Matt","640454","120","45","179",-3.860369625193175,-0.4596951864997672,-0.10383073530039422,-0.9955973332551619,-2.301246370137851
"2026","Alvarez, Andrew","674841","120","473","1857",6.602933780162924,11.107765037582162,10.594403948935215,-7.117200360537333,-7.982034845817108
"2026","Lord, Brad","695418","120","354","1467",3.406294227818591,5.795963770120475,16.07958887605278,-9.705677159134938,-8.763581259219723
"2026","Pfaadt, Brandon","694297","109","561","2032",13.340643022114367,7.264388703545207,23.249043443786636,-9.532270776602061,-7.640518348615434
"2026","Helsley, Ryan","664854","110","67","273",-1.177235341069019,0.6684459044259058,1.329456229288996,-1.7013437711771024,-1.4737937036068165
"2026","Whitlock, Garrett","676477","111","198","743",11.423985290496129,2.6035146986020177,7.815843225646174,0.9795006110161246,0.025126755231824782
"2026","Thornton, Trent","663423","112","193","708",-0.769344445853371,1.6713967164627135,4.521336291901286,-3.888146124434705,-3.073931329782664
"2026","Maton, Phil","664208","112","136","546",-8.097905908298662,-3.373063106965789,4.486721529433634,-5.832266261266074,-3.379298069500435
"2026","Brown, Ben","676962","112","265","1004",19.365056808643367,15.195869455282406,8.915374428066231,-2.41842356051407,-2.32776351419121
"2026","Burke, Brock","656271","113","308","1180",6.152358772123991,9.101070167713221,11.921405354571716,-8.54199145273805,-6.328125297422894
"2026","Garcia, Julian","670062","113","179","712",5.582421011137626,-1.0395865700812288,13.019360837567882,-5.1265667474087575,-1.270786508940263
"2026","Petty, Chase","695534","113","139","477",-1.5214203297512288,-1.7037972418737461,6.433814281471019,-3.177462137332772,-3.0739752320157336
"2026","Yoho, Craig","684974","114","164","635",2.982469908397999,4.890110478919487,3.8323278809617665,-2.712298078942405,-3.0276703725408525
"2026","Mejia, Juan","675848","115","320","1303",-5.208725928047905,4.848787896757669,5.772306442342746,-8.720283820731417,-7.109536446416922
"2026","Criswell, Jeff","676105","115","18","79",-1.5555124693411015,-1.5514554461513326,1.659609751661198,-0.7233845107724325,-0.9402822640785347
"2026","Castaño, Blas","680604","115","111","460",-1.5693979706741834,6.64953190097838,-0.9944973817488242,-4.233038288549092,-2.9913942013546477
"2026","Hughes, Gabriel","687312","115","282","1142",-1.239908047523133,6.564278259329315,3.9908447016650817,-7.067195970232165,-4.727835038285371
"2026","Frasso, Nick","693308","115","99","390",-4.462170709535885,-0.28646743486399767,-0.9329390256245327,-1.1937789714856386,-2.0489852775617132
"2026","Castillo, Luis","622491","145","590","2367",-22.74978738600704,1.5298153078758487,6.829517130331767,-21.2761597326131,-9.832960091601516
"2026","Martin, Davis","663436","145","610","2318",4.506525969490151,7.424029210598237,21.737861202996147,-13.181096382748825,-11.474268061355398
"2026","Smith, Shane","681343","145","49","225",-6.137259741268731,-1.7372863471470845,-0.6236786360479201,-2.5899230380620977,-1.1863717200116277
"2026","Vest, Will","676684","116","116","484",-0.7894310222129349,2.017924676616668,1.441458207977465,-1.7523038802605875,-2.496510026546483
"2026","Ryan, River","689981","116","21","82",-0.8471559418420592,-0.33780279437248584,0.009543996716227743,-0.038028929080907825,-0.4808682151048928
"2026","Wesneski, Hayden","669713","117","245","898",6.628197927673998,9.344009267531902,5.693756730724177,-4.565805808279683,-3.843762262302396
"2026","Cruz, Steven","674444","118","243","930",-2.2382432280794835,2.8458455012924304,5.063152388428687,-6.666320029824055,-3.480921087976561
"2026","Megill, Trevor","656730","158","239","874",20.88602765278088,16.441704316639818,8.74483968814415,-1.301002861110536,-2.999513490892584
"2026","Sproat, Brandon","687075","158","415","1727",-15.825123737548804,1.6144116559997574,7.455607572254489,-14.480960284531843,-10.41418268127126
"2026","Rojas, Kendry","696070","142","130","521",-0.7525906747449058,4.705285201348021,3.7413363087435334,-5.788575889926283,-3.410636294910183
"2026","Schuemann, Max","680474","147","5","14",0.10019162821570839,0.26699964698985684,-0.12555509693622974,0.1376402860735496,-0.17889320791146834
"2026","Schlittler, Cam","693645","147","760","3041",40.76440552148708,29.750717316447023,36.41605462971757,-13.418107986209845,-11.98425843846775
"2026","Rodríguez, Elmer","695684","147","125","497",-3.6274677468882293,-1.7530984743156968,5.8812629978403494,-3.806354422030149,-3.9492778483827324
"2026","Stratton, Hunter","676702","134","15","56",-0.3411006777953738,-0.06872813320746021,-0.12311780789703919,-0.053357086444472415,-0.09589765024640172
"2026","Jacob, Alek","689690","135","23","87",-0.06538964347364243,-0.6283245278494813,0.6613497281079284,0.19805267059710707,-0.29646751432919616
"2026","Robles, Victor","645302","136","9","26",-1.9623107016856176,-1.003707440907124,-0.6939576074514012,0.1250621144134454,-0.38970776774053806
"2026","Houser, Adrian","605288","137","470","1731",-2.327078643885924,5.487078421069561,11.897716030095955,-12.187549338515014,-7.524323756536445
"2026","Liberatore, Matthew","669461","138","674","2610",-17.968887646403523,-9.948029392783313,18.02204379471739,-12.473736396358806,-13.569165651978913
"2026","Collyer, Gavin","686560","140","112","480",-1.4496067566679747,5.719605739934597,3.8955019739207724,-5.998307255627387,-5.0664072148959685
"2026","Corniell, Jose","692030","140","27","104",-7.445457229772325,-4.635451998845431,0.000858840670085681,-2.4805371053089953,-0.3303269662879821
"2026","Straw, Myles","664702","141","20","54",-2.956176859186343,0.9251801147298471,-0.08917060423217571,-3.2820841360038666,-0.5101022336801478
"2026","Watson, Ryan","670245","108","305","1138",2.03203013345421,6.819834557809361,5.6894352827172545,-5.028739380692337,-5.448500326380083
"2026","Peralta, Sammy","671111","108","112","400",-7.066334473970304,-4.609573771359854,2.806881496629702,-3.686328679919925,-1.577313519320226
"2026","Kerry, Brett","695049","108","54","212",1.5849916024231714,-0.415457411922751,2.9432810405478875,-0.2318339902008637,-0.710998036001103
"2026","Springs, Jeffrey","605488","133","630","2464",-32.207273050825364,-16.778558602640935,19.043887102852516,-20.766490938344653,-13.70611061269231
"2026","Severino, Luis","622663","133","271","1086",-6.319591247781512,0.6212518814028256,2.7230983960063444,-5.371775056334716,-4.292166468855957
"2026","López, Reynaldo","625643","144","346","1368",-3.762191656338417,4.933150543550866,5.9465813060869674,-8.05652901598436,-6.585394489991903
"2026","Fuentes, Didier","800311","144","295","1231",7.952399771982698,6.346203569375989,14.188565457502413,-8.020241971811087,-4.562127283084623
"2026","Hoppe, Alex","695380","110","190","733",-2.3887667737282023,3.522035228470845,0.9058826753439667,-2.1961103074869843,-4.620574370056026
"2026","Slaten, Justin","686580","111","137","508",-2.1198972321217564,1.1842221722035178,0.27903043426650487,-2.387993477950966,-1.1951563606408118
"2026","Martin, Corbin","656686","112","25","111",-2.148718007202039,-0.9159058198303276,1.1836963478222706,-1.3408488564505663,-1.0756596787434147
"2026","McCambley, Zach","685112","113","59","239",-0.6603454264215852,0.19458667614249553,2.2548450959155177,-1.3517716812707767,-1.75800551720882
"2026","Armstrong, Shawn","542888","114","153","628",0.9118521525710106,3.0982230138550517,5.229118181635045,-4.481315508857053,-2.9341735340620336
"2026","Romano, Jordan","605447","115","152","643",1.0265820894728879,3.7197625244098256,4.961098712911358,-2.5575698915913714,-5.096709256256922
"2026","Sullivan, Sean","807743","115","114","412",-11.466690377898741,-6.577590292268567,-0.6525806518798034,-2.2810241926082138,-1.9554952411421525
"2026","Smith, Burch","572143","116","73","287",-1.1229031089109893,0.1018205807245415,3.0746831201485647,-2.846863214506029,-1.4525435952780699
"2026","Díaz, Yilber","700270","116","34","146",-5.4178441920187135,-4.24945410658558,0.8252917158264864,-0.9572707309837163,-1.0364110702759048
"2026","Seabold, Connor","657756","118","113","476",-2.9771181576434356,2.807750716198327,1.8601617744347372,-3.3089242037139406,-4.336106444562559
"2026","Kolek, Stephen","663568","118","224","837",-1.2097727578484867,-3.012182190107925,10.21950269707001,-4.704555048537904,-3.7125382162726663
"2026","Morgan, Eli","669212","118","91","339",-4.188727625470404,-1.5648367411681596,0.753998906361062,-1.5902961301146321,-1.7875936605486706
"2026","Sheehan, Emmet","686218","119","471","1954",0.23488232892335992,5.919356408533571,9.149298514067974,-3.5717775639328706,-11.261995029745345
"2026","Sasaki, Roki","808963","119","522","2100",-9.60557095641413,9.318413010656014,-0.29737939905845345,-10.36246947974778,-8.26413508826393
"2026","Ekness, Josh","694795","146","132","549",0.9727850746562952,8.060742752835926,2.853652603313144,-6.4398899770121485,-3.5017203044806293
"2026","Romero, JoJo","668941","158","236","922",1.266376773940496,-0.13539805917400255,9.065378926054825,-3.5922204800597286,-4.071383612880593
"2026","Zerpa, Angel","672582","158","55","216",-4.8903604090265205,-0.0783401132089801,-2.3804267587878822,-1.5581575781241912,-0.8734359589054662
"2026","Rogers, Taylor","573124","142","270","1076",-2.7942960435568196,5.994497844173781,5.157739697048659,-9.204695817547314,-4.741837767231936
"2026","Banda, Anthony","607455","142","155","608",-2.4947173306910098,-0.46186733503273425,7.4543922835932745,-2.5803493959631005,-6.906892883288442
"2026","Laweryson, Cody","689520","142","78","296",-3.0975643267582056,0.23254961423088555,2.0622938539408997,-3.8282129994464498,-1.5641947954835393
"2026","Pérez, Cionel","672335","121","198","790",-1.4620929883565614,3.9101717249095267,2.839153101724605,-5.519610531000168,-2.6918072839905354
"2026","Trivino III, Lou","642152","143","36","144",-4.205218698147286,-0.38568482435552837,-1.5803810972467467,-1.8883355593865165,-0.3508172171584917
"2026","Kilian, Caleb","668873","143","207","786",2.0621392793144473,1.6672508077408625,6.195897566143362,-3.284129543500307,-2.5168795510694792
"2026","Sisk, Evan","681895","134","196","833",0.16485734699841567,2.0848974955284776,11.64449577744932,-5.4262593996851765,-8.138276526294181
"2026","Jones, Jared","683003","134","415","1634",10.378211065829229,4.083043031530881,15.804315485171387,-1.8256996417644908,-7.683447809108502
"2026","Ray, Robbie","592662","135","702","2854",7.664913689030642,27.23447762614312,25.957551182899454,-27.62351914588021,-17.90359597413168
"2026","Rucker, Michael","621074","136","186","757",0.7947978945681589,3.2726458873924447,2.7085801118469566,-2.245276768484042,-2.9411513361872057
"2026","Borucki, Ryan","621366","137","103","380",-4.688979751891295,1.7422210252454913,-2.898019345593486,-1.6108764497992054,-1.9223049817440958
"2026","Molina, Anthony","683627","137","136","541",3.364643155570194,4.074665528037151,4.872674331402505,-4.407102153033541,-1.1755945508359258
"2026","Mautz, Brycen","802408","138","75","302",-3.880772485884226,-0.5144985395768787,1.0248750264148305,-1.6365650871551234,-2.7545838855670546
"2026","McClanahan, Shane","663556","139","487","1830",15.694970900140806,18.37929706789171,20.185390407333255,-13.909085504421535,-8.96063107066257
"2026","Cleavinger, Garrett","664076","139","179","734",-2.5561058065410873,-2.3957643113808818,7.8409989154420705,-4.525584812934639,-3.4757555976676393
"2026","Solesky, Chase","686678","139","17","58",-2.6694896691270764,-2.0113879635433483,0.11056371374103782,-0.5720864546571981,-0.19657896466756977
"2026","Bradford, Cody","674003","140","193","719",-2.627590422165827,1.8097278954014315,-0.35225610905690025,-2.0112696712699187,-2.0737925372404264
"2026","Little, Brendon","663893","141","126","552",-7.374820819974499,-4.650354321429159,2.084603054630355,-3.1308868062204516,-1.678182746955237
"2026","Gray, Josiah","680686","120","15","58",1.1981487331526484,2.277840768220294,0.032460699796877435,-1.091359338874227,-0.020793395990295768
"2026","Perales, Luis","691384","120","60","250",-7.272810601820498,-2.504434424279067,-0.6964902673837225,-2.659110530805125,-1.4127753793525792
"2026","Frazier, Adam","624428","108","14","45",-3.5034421311862802,-0.38054182174782497,-0.2622615824064798,-2.57467883573079,-0.28595989130118543
"2026","Klassen, George","691946","108","125","491",0.0880910029976155,5.418914537289173,1.185317410918638,-3.6041728857939925,-2.911968059416205
"2026","Santa, Alimber","695001","117","59","238",3.0357582078667416,5.57419869357257,1.213693159691094,-2.5794992948447,-1.1726343505522245
"2026","Rock, Joe","697812","133","56","211",-2.7025150563727727,1.4168153960708572,1.3617673193337478,-2.5176265105853624,-2.963471261192015
"2026","Estrada, Lazaro","681751","141","56","228",-0.14162726048018656,4.934594972464353,-1.3220717932148136,-2.4111916331308088,-1.3429588065989186
"2026","Holmes, Grant","656550","144","641","2382",3.6397681845023047,17.824902497072685,12.962659586998802,-16.5510406150221,-10.59675328454707
"2026","Senzatela, Antonio","622608","158","309","1165",1.0308309157024198,5.844030634084477,7.393306565585171,-8.986951525086612,-3.219554758880623
"2026","Rodriguez, Carlos","692230","158","42","182",-0.6550233894422287,-1.4160694632820172,3.133839349475929,-0.2019960860346798,-2.170797189601461
"2026","Dobbins, Hunter","690928","138","231","932",-0.8807211222766504,2.6934708842490096,6.676958408059292,-5.995554801319057,-4.255595613265889
"2026","Clarke, Taylor","664199","109","286","1070",9.309205724057785,2.571519473376874,14.60036662251238,-3.8204464288324336,-4.042233942999047
"2026","Hoffmann, Andrew","694851","109","59","230",-4.903571688794192,2.5112724108975617,-2.3843595381735034,-3.81885231743291,-1.2116322440853342
"2026","Aleman, Franco","680916","114","103","427",-4.238774644814029,-0.6950770827159363,1.3925418977902078,-2.6310763767491814,-2.305163083139111
"2026","Brash, Matt","666374","136","63","262",6.117701256747841,4.174533871287093,3.539591704562037,-0.8026953507885052,-0.7937289683127801
"2026","Wilcox, Cole","677961","136","122","488",-0.13445069899337442,-0.03782733787520587,5.193314143674522,-3.467955935743892,-1.8219815690487988
"2026","Taylor, Troy","700187","136","15","51",-1.4510919952792478,0.6845069016363164,-1.570810918597002,-0.3239598890783915,-0.24082808924017082
"2026","Fulton, Dax","690978","146","122","479",2.2193572339219556,1.910257510272365,7.594430161906163,-4.547526665223588,-2.737803773032992
"2026","Brzykcy, Zach","694350","146","12","48",-0.39804197763733434,0.9786194074231758,-0.18117814109784647,-1.1040054791764824,-0.09147776478618132
"2026","McLean, Nolan","690997","121","747","2914",17.505584077062178,28.15037290581885,24.568410816300393,-16.382166808009664,-18.83103283704736
"2026","Thornton, Zac","804267","121","337","1257",0.5178493737894466,7.125132978274253,8.08333934100917,-10.276517290504522,-4.414105654989454
"2026","Cruz, Yovanny","672442","120","70","256",-3.979975945020513,-0.017226106174385997,0.4618531993704816,-2.11972916040253,-2.304873877814073
"2026","Walker, Taijuan","592836","143","115","424",-19.31147949198165,-10.041581222657516,-0.6982692707860352,-7.490051630050216,-1.081577368487867
"2026","Johnson, Ty","694494","139","34","161",-0.29603888024497116,1.4642798010659677,-0.11928301695957741,0.28668570807150234,-1.9277213724228632
"2026","Burgos, Raymond","670103","111","82","292",3.0553671068389723,2.8246779231598156,2.0687367216039245,-1.2249567443173757,-0.6130907936073914
"2026","Samaniego, Tyler","701719","111","89","314",0.2230233374437056,-0.8258576118072907,6.622192624064108,-2.3016628033146116,-3.271648871498505
"2026","Sugano, Tomoyuki","608372","115","654","2522",-21.586577439808817,1.812806151790011,2.6803742872125373,-16.762064277563102,-9.317693601248436
"2026","Ragans, Cole","666142","118","151","639",-4.457056783879976,-0.7841170408600546,6.984902333802272,-6.431218455923183,-4.226623620899003
"2026","Castro, Kervin","665645","147","23","94",2.661390589470585,1.4091347006336612,2.4104853816049956,-0.670258588141206,-0.48797090462686515
"2026","Rom, Drew","680723","133","82","300",-2.7965135376859305,-0.20881137999356086,2.2081646601468843,-3.3948563702342875,-1.4010104476049665
"2026","Johnson, Seth","686751","133","158","605",-8.257336904688863,-2.9029900223663585,4.543343489716609,-6.205925807633071,-3.6917645644060433
"2026","Morris, Kade","695034","133","89","322",-9.677317293603066,-3.554655643875132,-1.181421464465343,-2.8462080523821154,-2.0950321328804713
"2026","Strider, Spencer","675911","144","165","691",-5.225200702787151,4.839288084258264,0.7100990132333409,-6.641772751775223,-4.132815048503536
"2026","Oviedo, Johan","670912","111","18","72",-3.4992965321261473,-3.6908746944128095,0.44379837450041304,0.2057868401952038,-0.45800705240895523
"2026","Rivera, Eduardo","700842","111","44","210",0.19803700922272816,1.4761478952627132,1.7319490719029893,-2.248656635557967,-0.7614033223850066
"2026","Tolle, Payton","801139","111","602","2282",15.211818181422826,16.797928763000943,15.279206015949422,-9.601832913256752,-7.263483684270787
"2026","Greene, Hunter","668881","113","121","456",-3.6372966272034626,-1.663813055416704,3.0975455644159733,-4.066941388118714,-1.0040877480840227
"2026","Nicolas, Kyle","693312","113","42","198",-3.7045782370841716,1.5866001678032535,0.7892218167618084,-4.419144643577081,-1.6612555780721483
"2026","Gaddis, Hunter","683769","114","257","983",3.444727630652325,6.339525455576005,10.328220221154764,-7.98693995984447,-5.236078086233979
"2026","Thompson, Keegan","624522","115","57","195",-3.1388241680759332,-1.433115945139928,-0.32922421661722623,-1.008571668964111,-0.36791233735466966
"2026","Feltner, Ryan","663372","115","548","2049",-16.871075820544863,3.516981186495283,2.8303675734022837,-12.178097677582368,-11.040326902860079
"2026","Gilbert, Tyler","656457","145","32","134",-5.894254962363129,-3.420388331773479,-1.511684275059926,-0.5107072593668612,-0.45147509616286163
"2026","Nikhazy, Doug","680951","145","9","39",0.19675043750298904,0.14802101592922368,1.1631721520181213,-0.71053024119662,-0.40391248924773626
"2026","Davis, Tyler","699823","145","126","488",5.619490487372489,5.331490986593556,5.452021265086988,-4.159483018755338,-1.0045387455527182
"2026","Okert, Steven","595345","117","261","1050",13.233111195973835,9.753063520707384,12.120409428105352,-5.157436933424296,-3.4829248194146194
"2026","Hendrickson, Josh","681973","117","9","35",0.87991172750015,0.6375817849386527,0.5575512721565821,-0.06660445857413766,-0.24861687102094698
"2026","Maile, Luke","571912","118","3","8",0.7828965054514522,0.041051768449655156,0.816359384269644,-0.07451464726784708,0
"2026","Dobnak, Randy","677976","118","321","1264",1.154708571975552,10.679494789015072,4.414113890408703,-7.779270251283898,-6.159629856164333
"2026","Casparius, Ben","676508","119","23","99",-2.338998133330027,-1.4238725865174748,1.7544345855823964,-2.08358671673419,-0.5859734156607596
"2026","Bender, Anthony","669622","146","139","539",8.720404270938683,7.262006481585813,6.05919410904072,-1.4833049278814419,-3.117491391806404
"2026","Anderson, Grant","681982","158","233","915",1.0417895124081542,-1.1241433283591022,12.265245143827954,-6.727506035911118,-3.3718062671495703
"2026","Gómez, Yoendrys","672782","142","286","1123",-0.5493136968593673,8.206653874089023,5.526862150114857,-7.1634569226141025,-7.119372798449151
"2026","Schmidt, Clarke","657376","147","4","24",-0.19119694069502446,0.19356833919299746,0.14595867419492242,-0.4248196898493668,-0.10590426423357752
"2026","Hanner, Bradley","690440","147","34","128",-6.968548985383009,-4.373534733490092,-2.065306976214207,0.0976345748540623,-0.6273418505327711
"2026","Kerkering, Orion","689147","143","267","1093",-1.7844714839993125,1.8459142616301971,8.130963240244014,-4.586716170906593,-7.174632814966915
"2026","Dotel, Wilber","696062","134","181","706",4.8022776975322925,5.215971335082338,7.561301027982395,-4.846037113402598,-3.1289575521298514
"2026","Chandler, Bubba","696149","134","673","2686",-5.233982244730162,10.450861366695692,20.392928581210782,-23.047845089787184,-13.029927102849392
"2026","Flores Jr., Rafael","804668","134","5","8",-0.04214559046595237,0.13275800400482232,-0.1869346290406247,0.01203103456985002,0
"2026","Adam, Jason","592094","135","142","583",1.0788170437344407,0.4617049291952655,8.002205114882118,-3.5842897207170314,-3.8008032796259235
"2026","Brito, Jhony","666745","135","35","123",0.6768689162866159,-1.0769346843823002,1.4099658949196312,0.7318908279002725,-0.38805312215098686
"2026","Milner, Hoby","571948","136","176","674",1.8890975010419169,1.3320081626704536,6.833580775126035,-2.3047782310482967,-3.9717132057062727
"2026","Kirby, George","669923","136","740","2758",-11.433519166033495,0.9772513652880638,10.903662387506083,-13.589478214481401,-9.724954704346288
"2026","Whisenhunt, Carson","687931","137","164","617",-6.253107624507783,1.297969124292455,0.2980755370958863,-4.761111869194006,-3.088040416702113
"2026","Pallante, Andre","669467","138","679","2642",10.719096038198709,14.976913573201246,21.53720666752349,-14.08586736884057,-11.709156833685453
"2026","Matz, Steven","571927","139","342","1345",-4.743001095520617,0.5130961069585838,12.474098592370057,-12.541231675409819,-5.188964119439431
"2026","Higashioka, Kyle","543309","140","18","51",-4.763272923879104,-1.5140395868400067,-1.2777503388909226,0.006423749392858835,-1.9779067475410328
"2026","Williams, Trevor","592866","140","120","514",2.89218397726481,6.467513569947902,1.203111290667522,-2.672159616002555,-2.1062812673480615
"2026","Lovelady, Richard","663992","120","167","640",-8.921653086093194,-1.3286801147276375,1.088070762084022,-5.296252636852934,-3.384791096596644
"2026","Vivas, Jorbit","678391","120","26","53",-5.270133664060817,-0.430437442710167,-3.1428479174519084,-0.7959404424008782,-0.9009078614978635
"2026","Parker, Mitchell","680730","120","178","664",-10.385750672247061,1.6555125056335191,-3.0833207977961212,-5.431906861008139,-3.5260355190763097
"2026","Lucchesi, Joey","664192","108","23","111",-3.8689085072202567,-1.282866777289196,0.03561388761486922,-1.4567340981942014,-1.1649215193517284
"2026","Martin, Trevor","694680","108","73","265",-5.899326749415102,-2.809587123951064,0.07822525401792577,-1.2394416453878958,-1.9285232340940661
"2026","Medina, Luis","665622","133","314","1270",3.719975003350615,6.001506351197215,13.161777206805258,-7.553229750791431,-7.890078803860416
"2026","Murphy, Owen","702566","144","56","212",-5.73340138851032,-2.1272492493848096,-2.2789573564951238,-0.7416649232720878,-0.5855298593582965
"2026","Hiraldo, Yaramil","682274","110","48","193",-2.4064389576986502,-1.572412027299443,1.7123246565696757,-1.3995003663400514,-1.1468512206288328
"2026","Uberstine, Tyler","700413","111","11","45",-0.9508383644425864,-0.6387125655044922,0.08363738532674564,-0.38417975917849756,-0.011583425086342386
"2026","Pomeranz, Drew","519141","112","131","478",-4.900219393533654,0.10583830067360123,0.20577925087415158,-2.721073099266111,-2.4907638458152963
"2026","Velasquez, Vince","592826","112","11","43",2.052745147443453,1.527579684016486,0.7260922702762136,-0.10117134906867181,-0.09975545778057428
"2026","Hollowell, Gavin","668970","112","64","259",0.14466035541662634,2.839264549758843,0.4666769678637619,-2.194586218360784,-0.9666949438451957
"2026","Little, Luke","681432","112","5","19",-1.1159819944366558,-1.1569870175864903,0.23189387711285697,-0.06394760789004081,-0.12694124607298177
"2026","Imanaga, Shota","684007","112","706","2810",6.2382128334973865,13.559518551723366,17.362181546544186,-14.606127354185636,-10.077359910584546
"2026","Horton, Cade","690990","112","26","92",2.0410517009454434,0.29760701045549814,2.3781271911878257,-0.2762104840867984,-0.35847201661108324
"2026","Leibrandt, Brandon","605335","113","29","99",-3.6826392073044585,-4.1053574241960185,1.4457745179299228,-0.38293809908931237,-0.6401182019490502
"2026","Adams, Mason","690279","115","124","468",-5.0765640416789815,-0.1251465539042438,-0.4564957819774858,-3.625549912066887,-0.869371793730365
"2026","Dollander, Chase","801403","115","189","743",0.624956808857434,0.9432442284253706,7.044967438593656,-3.4683390462938024,-3.8949158118677993
"2026","Brieske, Beau","689225","116","102","387",-1.201665823256667,0.48878489349717896,-0.07863406748757595,-1.1582201810727106,-0.453596468193554
"2026","Sousa, Bennett","656986","117","141","533",-6.635958567232267,-1.6915621152780589,-1.809372338472479,-1.0434003575886395,-2.0916237558930875
"2026","Bolton, Cody","675989","117","95","391",-4.1417528562202035,-0.21876215852644496,2.0228186326706674,-3.7516870341120945,-2.194122296252331
"2026","Estévez, Carlos","608032","118","7","27",-2.8024745329889824,-1.5000771251431426,-0.2806781674100437,-0.9001615032860587,-0.12155773714973797
"2026","Stewart, Brock","592779","119","101","382",4.032166652072567,3.0408655931991904,6.286201516757245,-3.7644082657436773,-1.53049219214019
"2026","Hernández, Jonathan","642546","119","107","413",1.1332394957533602,1.662783039409281,2.038892195898689,-0.6133515364795534,-1.9550842030750553
"2026","Woodruff, Brandon","605540","158","173","639",10.57884310957622,6.027126860949834,10.041721225155044,-4.559301280632223,-0.9307036958964316
"2026","Moore, Dylan","664238","143","7","20",-0.12355759946948858,0.17105593285963946,0.2675372980724766,0.2665716914844884,-0.8287225218860931
"2026","Bidois, Brandan","684049","134","80","325",-9.121267854363195,-3.238657178045291,1.2903151059003057,-5.240976185689001,-1.9319495965292055
"2026","Hart, Kyle","606996","135","268","1071",3.3579176093862384,2.9391020215782855,12.849392248369252,-7.8007268589242145,-4.629849801637093
"2026","Rivas, Leo","660844","136","13","31",-4.808110782651343,-2.0106658600468394,-2.281671688871966,-0.009892702430859969,-0.5058805313016783
"2026","Ferrer, José A.","678606","136","292","1090",-6.488035368784896,2.8286491619269007,2.123551873342329,-4.952242982445517,-6.487993421608605
"2026","Walker, Ryan","676254","137","152","609",-6.694783228542209,2.689135230009281,2.533938461637691,-9.506708849893036,-2.4111480702961456
"2026","Smith, Dylan","681916","137","174","703",1.7824199485873515,7.957156396446021,1.8459876201692724,-4.400785469734619,-3.6199385982933254
"2026","Kelly, Kevin","687330","139","276","987",15.142332289753044,3.1905608364194378,16.038159569710835,-0.09172318977311383,-3.994664926604103
"2026","Rogers, Tyler","643511","141","289","1018",14.813871853785631,13.914992841938115,8.496670944502984,-5.406988801077053,-2.190803131578423
"2026","Bird, Jake","656234","120","172","678",-3.2700120965666866,1.8367386596408748,5.549458489807978,-6.529160531077261,-4.1270487149382715
"2026","Joyce, Ben","690829","108","60","259",2.565909185367995,2.095294748556006,5.297986091008096,-2.5160688920468344,-2.3113027621492748
"2026","Ureña, Walbert","700712","108","623","2481",15.19169260369147,19.637390632474713,23.27756822342451,-16.02299157619945,-11.700274676008325
"2026","McCann, James","543510","109","22","57",-4.917597787107532,-0.694144779142171,-2.365370350454707,-0.7173703916016874,-1.1407122659089672
"2026","Law, Derek","571882","109","34","155",1.3143432917259683,1.932770912688172,0.7908581403983117,-0.011308103272889926,-1.3979776580876258
"2026","Drake, Kohl","684442","109","95","382",-8.673957087965896,-4.971487243773532,5.201630130782484,-5.9611779964430704,-2.9429219785317824
"2026","Cabrera, Jose","703615","109","129","463",-5.673440774834541,-2.799329852173227,4.528599122779053,-4.481700438572121,-2.9210096068682536
"2026","Alvarado, Elvis","665660","133","227","951",-2.2806988534786843,-2.014640418290133,11.723213651286583,-7.40172815544094,-4.587543931034194
"2026","Hamilton, Ian","641656","144","23","92",-1.8090244688931454,0.8687340161455386,-1.4577717432954265,-0.20617899508685872,-1.0138077466563984
"2026","Falter, Bailey","663559","144","69","217",-10.079054432996744,-4.58099157314597,-2.028496630647448,-2.2601164215966647,-1.2094498076066678
"2026","Burkhalter, Blake","686628","144","5","23",-0.0774460670045864,0.33216499398603305,0.4628633455421635,-0.7487434730569764,-0.12373093347580666
"2026","Espada, Jose","664744","110","4","15",-0.2843208162127462,0.7880934409494444,-1.0476514672568675,0.02305514026398693,-0.04781793016930996
"2026","De León, Luis","801725","110","36","126",2.6298193911551286,0.007207037991297932,3.288326668205992,-0.7832625732993849,0.1175482582572242
"2026","Ríos, Yacksel","605441","112","5","13",1.3067448831570045,0.8431024938348112,0.5571903632829901,-0.019154219933703722,-0.07439375402709275
"2026","Webb, Jacob","657097","112","284","1139",-0.2544041189990124,-4.179951257599175,15.45921166035022,-7.025926661328013,-4.507737860422048
"2026","Wantz, Andrew","681806","112","20","81",-2.460573057002649,-1.5607062719235383,1.6438693587142692,-1.961870100649598,-0.5818660431437821
"2026","Griffin, Foster","656492","114","720","2833",2.5408673892971363,16.474097019594964,19.589149184992525,-19.87599587042455,-13.64638294486577
"2026","Johnston, Troy","687859","115","9","35",0.5114318609548273,0.5612451016812371,0.6989778050669521,0.06952592162941444,-0.8183169674227764
"2026","Herrera, Welinton","700327","115","10","45",0.6433778020585523,1.154372395815326,-0.026621852792075518,-0.28319891089025445,-0.20117383007444373
"2026","Pecko, Ethan","814490","117","140","572",4.478626848666627,8.036496470038928,5.717487835948271,-6.2797664473717205,-2.995591009948857
"2026","Mears, Nick","683232","118","82","341",-1.2039005893990355,1.4273256670715548,1.6921636340969617,-2.5964457676460793,-1.7269441229214737
"2026","Petersen, Michael","656848","146","267","1129",14.41509142634765,11.088955708930285,14.90972598874208,-5.681911992983829,-5.90167827834089
"2026","Ashby, Aaron","676879","158","382","1582",6.992872185255249,13.19773787831625,6.131333913125291,-4.817691139960654,-7.518508466225619
"2026","Raya, Marco","694397","142","25","100",0.48756281743444135,2.2405349902047167,-0.06087839022632742,-0.7177791499206164,-0.9743146326233321
"2026","Seelinger, Matt","676910","121","15","52",-3.8028676509860238,-2.1106344651327076,-0.9432408669147422,-0.34365351397431987,-0.40533880496425484
"2026","Nola, Aaron","605400","143","742","2946",-21.957123824721883,-5.876560649198327,2.8924171918095865,-8.713476687791266,-10.259503679541938
"2026","Mayza, Tim","641835","143","269","1085",7.030482450041883,6.530135598331786,8.207673219283942,-3.6613252932463034,-4.046001074327536
"2026","Luzardo, Jesús","666200","143","730","2864",31.12380726517037,20.536317325653474,29.89671950454425,-9.917189240514766,-9.39204032451277
"2026","Giolito, Lucas","608337","135","138","551",-5.52427339845211,3.792490557979357,3.822405266085801,-6.750031317724026,-6.389137904793242
"2026","Simpson, Josh","681006","136","38","153",-5.902241716994266,-4.260812295220341,0.27121779592978384,-0.9383541922342463,-0.9742930254694611
"2026","Roxby, Braxton","694820","137","25","104",0.8666590585548728,2.2655377415222997,-0.5432602999090651,-0.510743134350687,-0.3448752487076748
"2026","Soriano, George","666277","138","286","1150",-1.23777091436816,5.643044667712384,7.598717170037835,-8.418444323524426,-6.061088428593981
"2026","Leahy, Kyle","681517","138","596","2328",2.4367257414766383,8.108559281051457,19.049798349369635,-15.935504750742288,-8.786127138202144
"2026","Bigge, Hunter","685801","139","84","319",0.7944641915236578,3.6806461735297082,3.795924517051745,-5.036143132735546,-1.6459633663222486
"2026","Leiter, Jack","683004","140","355","1397",-10.729452468771795,-1.178113364457786,9.792502675316365,-11.987283598647096,-7.3565581809832965
"2026","Peoples, Ben","687239","140","68","282",-1.0839753034710014,1.8882443413213994,0.3909279928302201,-2.007066131318543,-1.3560815063040759
"2026","Woods Richardson, Simeon","680573","141","303","1161",-19.524376842896885,7.723753731333936,-8.62990578598042,-11.726094102402442,-6.892130685848039
"2026","Lawrence, Justin","664875","120","176","684",-18.879168436931597,-8.653493136627988,-1.0151805145583757,-2.431057030694706,-6.779437755050521
"2026","Sinclair, Jack","695378","120","46","167",2.9730007476582965,3.7275030284649087,1.2560250087593945,-0.26214753862096557,-1.7483797509450405
"2026","Rodriguez, Grayson","680570","108","442","1771",-19.69764352360211,0.7107863041461117,2.2065365156987466,-15.532365585631393,-7.082600757815668
"2026","Nelson, Ryne","669194","109","373","1374",-8.083174079333368,-5.544850070507331,8.830220120008043,-6.971227002405961,-4.397317126428121
"2026","Perkins, Jack","678022","133","532","2066",-14.658131096097224,-2.7597392275456887,9.10400022372412,-10.800843096179518,-10.201548996096193
"2026","Mederos, Victor","682989","144","148","586",4.615281266164322,4.637586966489312,7.177664860055078,-3.5024045785781808,-3.697565981801887
"2026","Eflin, Zach","621107","110","17","74",-0.061722484938238065,0.3117362720454721,-0.16735540834074997,0.0793551256935709,-0.28545847433653126
"2026","Povich, Cade","700249","110","160","611",-2.359385538554761,-3.765601029098193,7.026622760262155,-1.8556535364545628,-3.764753733264153
"2026","Suarez, Ranger","624133","111","610","2384",20.27554760291852,22.292921447494546,24.507011481792603,-17.117028552379267,-9.407356773989356
"2026","Williamson, Brandon","682227","113","230","907",-7.548733302659515,6.7453523436352105,2.616679714719147,-9.885384436604122,-7.025380924409717
"2026","Messick, Parker","800048","114","745","2948",29.23014593412957,28.71692779273908,30.019541940137085,-18.29450548285485,-11.211818315891904
"2026","Schultz, Noah","702273","145","324","1262",-10.514152076892735,12.66109887648873,-2.0649669424062167,-12.260943103513437,-8.849340907461798
"2026","Rainey, Tanner","663432","116","31","127",0.8290775214780536,2.872447216693449,0.6391720035427186,-1.6673621959906666,-1.015179502767448
"2026","Muñoz, Roddery","682610","117","25","112",-6.655916185175263,-4.359270377228163,-0.5054307656419628,-0.2816526836373372,-1.5095623586677964
"2026","Roa, Christian","685005","117","43","178",-3.8387352407236346,-1.113180300962607,-0.02320572069558878,-1.0872888489142776,-1.6150603701511619
"2026","VanWey, Logan","701121","117","46","194",1.484221621451338,-0.04855445546712565,3.231131134324888,-0.9259403715969557,-0.7724146858094698
"2026","Lange, Alex","656638","118","275","1135",-14.860321337829275,-1.5738492152728378,0.5780040445411673,-7.105417749507343,-6.7590584175902775
"2026","Pearson, Nate","663878","118","200","772",1.9065770413279959,6.316885397472107,8.935506783699577,-8.687542524011883,-4.658272615831809
"2026","Klein, Will","694361","119","187","762",-0.51783052412884,8.42193321851771,-1.041606810455225,-3.768617554303187,-4.129539377888142
"2026","Abel, Mick","690953","142","92","357",0.19771133876387081,3.7822161725109558,0.9330521386560168,-1.844150565311187,-2.6734064070919175
"2026","Cole, Gerrit","543037","147","510","1923",7.7822455268541875,11.118938565506266,14.852717838982592,-12.537189568953497,-5.652221308681162
"2026","Rangel, Alan","660604","143","123","491",-3.6038875171269935,1.1403079753255718,0.3896490328419143,-3.547868217062576,-1.5859763082319067
"2026","Woo, Bryan","693433","136","709","2667",19.249161261084716,7.34023754066523,31.27242847682231,-10.396456866346826,-8.967047890056053
"2026","Bruihl, Justin","677865","138","344","1314",2.8909211188130466,14.678003486506903,1.5383844936928317,-3.419619248041562,-9.905847613345108
"2026","Winquest, Cade","685464","138","57","245",0.8434864444492123,2.795913159899965,0.8154363867923036,-1.5511098598148476,-1.2167532424282073
"2026","Wells, Tyler","669330","139","276","1068",14.595238007122386,6.567794035390273,16.83571631500075,-6.379655674717416,-2.428616668551227
"2026","Boyle, Joe","671212","139","81","347",2.039417960024201,5.2979241012171165,2.103842579478937,-3.3995395375156514,-1.9628091831562027
"2026","Latz, Jacob","656641","140","264","1128",21.5735216188717,13.089928391663632,20.348585417143404,-4.968269915044857,-6.89672227489049
"2026","Haggerty, Sam","664059","140","3","6",0.21784822774341772,0.28216439045700087,0.2528134065797757,0.09065228358861316,-0.407781852881972
"2026","Winn, Cole","668390","140","214","787",-6.01040127041432,2.8919162921340913,-2.5631597068600582,-3.57860324126223,-2.7605546144261366
"2026","Gray, Peyton","682608","140","246","944",-3.405570765964801,4.736517874709044,-2.316358044165798,-2.3603350330507977,-3.465395563457267
"2026","Mantiply, Joe","573009","141","111","399",2.8837713495421466,3.2849807449076063,3.0322082852365044,-1.3843469297754438,-2.04907075082652
"2026","Kranick, Max","668820","120","94","340",-8.334177883537192,-0.7331666903866724,-3.831828878470624,-1.920404426107845,-1.84877788857205
"2026","Wiemer, Joey","686894","120","16","43",-3.500154153168662,-0.675380258869863,-0.8594848661525171,-0.8878540279044993,-1.0774350002417838
"2026","Cortes, Carlos","666126","133","49","159",-7.375564263485204,-4.996338133550928,2.748253590180171,-1.7478478669808124,-3.379631853133636
"2026","Morales, Luis","806960","133","90","346",-14.817800521499679,-3.3410161343084495,-3.961375025497914,-4.381864643451418,-3.1335447182418976
"2026","Saucedo, Tayler","642048","108","87","343",5.377995359337133,4.302582266104672,4.318449302986154,0.12596434871174594,-3.369000558465437
"2026","Johnson, Ryan","696270","108","436","1722",-9.378055053272083,1.5289689147439973,11.169804929850427,-11.883843023420495,-10.192985874446016
"2026","Loáisiga, Jonathan","642528","109","258","962",15.398361626733248,6.314125798601031,16.081356697079034,-3.6847066580263874,-3.312414210920433
"2026","Morillo, Juan","666661","109","263","1041",12.89267195974927,9.355576086508034,9.235216998774643,-1.7387402855917518,-3.959380839941679
"2026","Martinez, Justin","679885","109","55","232",2.9565998879779056,1.9269945313410115,3.8637939402469286,-2.113372752449979,-0.7208158311600573
"2026","Elder, Bryce","693821","144","633","2245",2.0324891424682696,15.122937408057759,9.346592406065806,-14.26115680911498,-8.175883862540312
"2026","Ritchie, JR","702275","144","325","1278",-10.9978733257512,6.748339180245821,1.5549171086558913,-11.3511343454808,-7.949995269172114
"2026","Akin, Keegan","669211","110","114","443",-1.2290740061788183,4.117226538516643,0.7036122723382022,-3.9482844426839234,-2.1016283743497457
"2026","Allen, Logan","671106","114","81","325",-4.522559552250901,0.42328464818397576,-0.23966931342769052,-2.977454905846564,-1.7287199811606238
"2026","Cecconi, Slade","677944","114","527","2003",-8.24082107268021,1.5792094284156648,9.164032960891442,-10.329949986058724,-8.654113475928602
"2026","Espino, Daniel","682982","114","65","273",1.3997354753480784,-0.4180084805381744,4.760175891013215,-1.9697760756553953,-0.9726558594715684
"2026","Shook, TJ","669298","115","35","134",-6.266890221849175,-3.543002240381862,-1.2893692113420783,-0.8767500360613105,-0.557768734063925
"2026","Castellano, Eiberson","682769","115","12","35",-0.3546564988180081,-0.6688806630524811,0.5224147837538987,0.25631468026351634,-0.46450529978294236
"2026","Fedde, Erick","607200","145","604","2413",-4.345517714676462,10.64861153269039,17.463675370959177,-20.819920868175434,-11.637883750150543
"2026","McGuire, Reese","624512","145","3","9",0.7828965054514522,0.5028047002009584,0.08237289977942655,0.21687312540477102,-0.019154219933703722
"2026","Smith, Hagen","696146","145","110","469",11.475975649627525,6.884645904635368,6.543208902311477,-0.807560046830702,-1.1443191104886197
"2026","Finnegan, Kyle","640448","116","270","1062",-11.047202029723499,-3.7897306436304343,5.455102971511864,-7.15335269902797,-5.559221658576965
"2026","De Jesus, Enmanuel","646241","116","178","669",2.5090108829192577,1.8150251037278045,7.353716937766189,-3.179239952133313,-3.4804912064414264
"2026","Sears, Andrew","808825","116","92","364",-6.433646744530944,-2.545564446991437,2.2377649594648013,-3.2486232804807966,-2.8772239765235144
"2026","Ullola, Miguel","699044","117","62","236",2.50615342876727,3.447021606069795,2.3313984047604137,-1.336635563231556,-1.9356310188313834
"2026","Snell, Blake","605483","119","173","741",11.550176511567958,6.082219410437354,9.364102129665234,-1.1597945836989787,-2.7363504448356375
"2026","Stallings, Garrett","668831","158","51","194",7.894726222773781,2.901222055695399,6.432003965609459,-0.44283465729962407,-0.9956651412314472
"2026","Gordon, Colton","676467","158","69","272",-11.773785937807663,-7.851235372127269,-1.5616307259635176,-1.5882646095983362,-0.77265523011854
"2026","García, Luis","472610","142","74","265",-5.959069227244882,0.14433598658037547,-2.476257352501693,-1.378537617029842,-2.2486102442937286
"2026","Herget, Kevin","643361","121","3","11",0.7828965054514522,0.3078884424963064,0.5618634069774358,-0.08685534402229,0
"2026","Warren, Austin","681810","121","216","931",-1.897549583211365,8.0130237409193,1.9993124840431022,-7.611233562755523,-4.298652245418224
"2026","Bednar, David","670280","147","278","1154",14.221302904233056,9.414523249692307,14.972408024751825,-5.906434905992016,-4.259193464219063
"2026","Bowlan, Jonathan","680742","143","229","966",2.5950264049895124,5.956070033794608,4.044998588518679,-1.9618710319677155,-5.444171185356065
"2026","Bazardo, Eduard","660825","136","295","1133",-6.4203104109112195,-0.09592608470011599,2.9378240613244864,-5.5743095913564,-3.6878987961791867
"2026","Hancock, Emerson","676106","136","565","2171",10.587506523137316,12.998933890857248,21.620576916006954,-13.367643030602263,-10.664361253124664
"2026","Gage, Matt","657424","137","126","526",-5.238941011272804,-2.0066693200234798,1.8961926891320022,-2.4809448481020286,-2.647519532279295
"2026","Rodríguez, Manuel","655889","139","34","138",-2.1915358345842626,0.2472557974840571,-0.5347692023840568,-0.3687450560767838,-1.5352773736074814
"2026","Eovaldi, Nathan","543135","140","613","2220",2.2863257521781986,-6.678173021703383,28.300662634022984,-10.520817520222813,-8.815346339918563
"2026","Junis, Jakob","596001","140","231","845",8.338014772502147,5.148530210734927,11.383011005372879,-5.641403213604044,-2.552123230001603
"2026","Ross, Joe","605452","140","57","205",-3.3066763627373925,-1.206285480388833,-0.5559221002823388,-0.9468528251655373,-0.5976159569006841
"2026","Arrighetti, Spencer","681293","141","492","1942",-7.750599706877895,6.27106294275104,15.427100392116527,-13.712732714548498,-15.736030327196952
"2026","Henry, Cole","669371","120","71","282",-5.540838288149671,0.6696602075987115,-0.09908299043193568,-3.0835135166637,-3.027901988652742
"2026","Varland, Gus","681402","120","154","579",-11.683095068922439,-10.835349813365887,4.514695218835207,-1.62055028222497,-3.741890192166787
"2026","Soroka, Michael","647336","109","472","1839",16.946063717566055,20.25409700587665,15.359748281238344,-10.088544671981035,-8.579236897567899
"2026","Sale, Chris","519242","144","647","2574",34.877541759025256,19.014059434219575,29.52788517157682,-6.8085438686455495,-6.8558589781255845
"2026","Payamps, Joel","606303","144","36","151",-1.4572007218666172,-0.6406227635362151,1.5084970408287457,-1.2835887070767658,-1.041486292082383
"2026","Dodd, Dylan","689266","144","193","779",5.4494081838511805,6.320375194002432,9.880453082452693,-7.2873304266540995,-3.4640896659498437
"2026","Baz, Shane","669358","110","766","2911",1.418770051816531,12.43967400317601,19.055838631623732,-19.121220286065107,-10.955522296918042
"2026","Monasterio, Andruw","655316","111","8","28",-4.780828929622022,-3.667919209548348,0.3837921591550959,-0.6585524134149219,-0.8381494658138471
"2026","Crochet, Garrett","676979","111","138","518",-7.3576296545742235,-4.864915400565349,3.209371652441458,-3.395763617270785,-2.3063222891795374
"2026","Palencia, Daniel","694037","112","122","477",-0.4243595259652131,3.4690469703581144,2.369219320665599,-3.16472945424747,-3.097896362741459
"2026","Abbott, Andrew","671096","113","727","2858",-13.274784316078431,12.872688780543658,5.493617078735908,-20.084010398344198,-11.557079777013755
"2026","Franco, Jose","683742","113","92","348",-2.8836683305210826,2.9065959113060043,-0.595779663580151,-3.328556448859588,-1.8659281293873464
"2026","Burke, Sean","680732","145","716","2878",11.450849671559615,13.692969727592082,23.10292088809794,-15.223165299033605,-10.12187564509683
"2026","Ralston, Jack","667652","146","76","311",-3.6555172769768935,1.8177695164929597,-1.7970253838595214,-2.2552134934909223,-1.4210479161194145
"2026","Vodnik, Victor","680767","146","265","1027",-2.8681256592038107,9.613414082110513,3.1430041590531306,-7.33910722392868,-8.285436676438776
"2026","Gasser, Robert","688107","158","462","1817",1.5703491218930394,10.027500837881721,12.359186720709713,-12.333874647166672,-8.48246378953171
"2026","Bradley, Taj","671737","142","748","2997",8.629605638615232,17.58685893264363,24.156274335867018,-14.025050029654588,-19.088477600240786
"2026","Paredes, Mike","702474","142","154","551",-5.054437155543612,-1.4328671510418285,6.795823893075508,-6.852831891811686,-3.5645620057655996
"2026","Headrick, Brent","687396","147","325","1282",10.98763760709812,2.873517615678171,15.787353690956195,-4.240023482865362,-3.433210216670889
"2026","Montgomery, Mason","682254","134","276","1169",14.487732497922243,5.646070709076824,17.587714465511535,-3.072872029299141,-5.67318064736698
"2026","Stanek, Ryne","592773","138","266","1079",4.718272136305495,0.23295747197480748,16.19271027609642,-5.1870723078736605,-6.520323303892079
"2026","Rincon, Hancel","684516","138","14","59",-2.9964862309040283,-1.3071093592700143,-0.07810498970120486,-0.1866670191740054,-1.4246048627588033
"2026","Hjerpe, Cooper","687309","138","55","254",1.3742868166591342,4.115062396475866,3.148664430406441,-4.739848109330438,-1.1495919008927338
"2026","Sulser, Cole","642121","139","232","938",0.7907783901138301,-1.3483077091652387,8.183971062842078,-0.45445374838008396,-5.590431215182919
"2026","Andrews, Tanner","681084","141","11","43",1.0174839658018737,1.2863805169208835,1.366673257917113,-1.3560266515505834,-0.27954315748553943
"2026","Irvin, Jake","663623","120","470","1939",-12.889523808772251,3.217415997560817,11.064478358258928,-15.813950839575883,-11.357467325016133
"2026","Poulin, PJ","676571","120","152","635",1.880505348122913,4.142580750189827,6.189459849275072,-6.05367289179036,-2.397862359551636
"2026","Tolman, Erik","680899","120","67","289",1.1475188985724887,2.518114101742448,2.9163343934619848,-2.5506851623774236,-1.7362444342545187
"2026","Kikuchi, Yusei","579328","108","304","1202",-5.1658054450471305,7.840446631386873,0.5060294757978386,-8.139989239024883,-5.37229231320695
"2026","Thompson, Ryan","657044","109","183","654",-5.23709817133876,-1.326296234279586,-1.5050658896117104,-0.869806124755569,-1.535929922691894
"2026","Burgos, Juan","686228","109","17","53",0.5585091953135795,1.28249339511106,-0.17127943833566872,0.03109213509456358,-0.5837968965563753
"2026","Harris, Hogan","663687","133","309","1333",0.21268829804624714,7.006318226529887,12.955746593082106,-12.566943377590862,-7.182433143974897
"2026","Muñoz, Rolddy","691548","144","12","49",-2.0091928309031633,-2.3940413052818146,1.0779179981197047,-0.23277432357431166,-0.4602952001667422
"2026","Nunez, Anthony","689296","110","253","993",5.730988991433812,2.9137038763522773,9.157297207266401,-2.7147605723889074,-3.6252515197959494
"2026","Zeferjahn, Ryan","666171","112","296","1270",6.262614506545112,9.852039768126286,13.227701096754847,-8.594351413193001,-8.222774945143044
"2026","Antone, Tejay","622088","113","233","907",3.475984615535023,5.102856935109418,8.97502798367675,-4.58416723636072,-6.01773306689042
"2026","Singer, Brady","663903","113","724","2801",-38.345389045885504,-10.427089311007062,7.696385942247591,-22.155953418323353,-13.45873225880267
"2026","Hernández, Carlos","672578","114","14","51",-1.721341236943821,-0.7690660896464379,-0.5992448510861053,-0.12198304979939625,-0.23104724641188207
"2026","Pallette, Peyton","688883","114","97","442",-1.0850531575858617,2.5630947033904334,4.885373628964146,-5.428498411296439,-3.1050230786440047
"2026","Murphy, Chris","669684","145","150","614",-2.672601337612391,6.95907878858912,-0.6576026589434214,-5.122417029228464,-3.851660438029618
"2026","McDougal, Tanner","701780","145","5","25",-1.211217645807728,0.2807533932183638,0.05821683385009432,-0.7507085589747426,-0.7994793139014437
"2026","Vanasco, Ricky","676568","116","40","170",-6.608419441009537,-2.0748394748947026,-1.29670524889703,-2.453889970608171,-0.7829847466096331
"2026","Blubaugh, AJ","805123","117","401","1640",5.702312125133293,10.926168250415301,15.803034917932724,-10.16619822074702,-10.860692822467689
"2026","Rojas, Josh","668942","118","4","13",0.43530656565947345,0.2943326294586176,0.016727214692297043,0.15094358076834352,-0.02669685925978477
"2026","Tolbert, Tyler","686475","118","33","106",-10.989013627586582,-2.5142353625245817,-5.056662139282074,-0.8791571415279427,-2.538958984251988
"2026","Black, Mason","696131","118","142","556",-5.8527029535136395,2.5029667480792703,1.5892447583559959,-7.232238695282615,-2.712675764666292
"2026","Junk, Janson","676083","146","522","1981",-3.545966760973909,-5.104926936637376,20.214097640249108,-12.20518329201898,-6.4499541725666445
"2026","Kempner, William","687531","146","50","199",2.7605058044278996,2.6453200172141904,2.41845183789042,-0.7207962869910712,-1.5824697636856369
"2026","Chivilli, Angel","683409","147","73","285",0.4463035797867881,3.8588770147173928,-0.22749061792180097,-1.739012012200869,-1.4460708048079316
"2026","Kelly, Antwone","699008","134","81","293",-4.120633856665319,-1.7666201514656565,1.191381184254115,-2.5967760097016863,-0.9486188797520921
"2026","Vásquez, Randy","681190","135","586","2226",-0.7011279037512403,15.533150935562547,5.145110816238669,-13.478942402236777,-7.9004472533156545
"2026","Muñoz, Andrés","662253","136","240","953",5.048978174780962,2.7881708302411448,8.398419913397078,-0.28821675259441953,-5.849395816262827
"2026","Peguero, Joel","666711","137","48","169",0.5767015005960563,0.5772707547423646,1.328766296813343,-1.023418309589116,-0.3059172413705351
"2026","Seymour, Carson","693313","137","138","530",-4.184894286890488,4.121843669985318,-1.4447354595456754,-4.817854893878912,-2.044147603451217
"2026","Ferguson, Caleb","657571","138","148","586",-5.434861257948785,-2.1463441307955726,5.9879108407118515,-7.199665664213886,-2.0767623036511806
"2026","Jax, Griffin","643377","139","458","1724",8.43589350529251,6.378906959863144,14.756184363695786,-4.74751878893607,-7.951679029330361
"2026","Baumler, Carter","691945","140","27","117",-2.7761180227293747,-1.7715753533271512,0.458614998551984,-1.6394940903282456,0.17633642237403865
"2026","Sewald, Paul","623149","141","218","854",1.79562311040881,-1.2821912671718358,12.12296845415999,-5.71765055133997,-3.3275035252393743
"2026","Fernández, Julian","642759","120","18","71",0.3639932894928252,0.4623700650668978,1.4937635335284636,-0.9635686046590648,-0.6285717044434711
"2026","Rutledge, Jackson","671131","120","12","44",-3.0552209188906967,-0.44316083715529114,-1.6682192470686439,-0.18326992016483737,-0.7605709145019239
"2026","Vargas, Ildemaro","545121","109","17","48",-0.19039966211006226,1.4061151578398248,-0.17924074788600264,-0.3836347344587684,-1.0336393376051158
"2026","Kittredge, Andrew","552640","110","213","711",1.8555089187671516,0.4510108032356756,3.402312498834495,-1.0481261449704773,-0.9496882383325359
"2026","Tromp, Chadwick","644433","110","6","16",-2.3317468097192386,-0.28594124175762275,-0.3436041974929827,-2.0493407248881974,0.3471393544195635
"2026","Morán, Jovani","663558","111","270","1061",7.663786772134977,8.557106212669378,12.126896931746462,-6.78267367775291,-6.237542694527957
"2026","La Sorsa, Joe","686747","111","2","8",-1.397492604675918,0,-1.2313956621493198,-0.08205376839284761,-0.08404317413375063
"2026","Gausman, Kevin","592332","112","749","3003",2.894809398486846,-4.60656244680739,28.578149356476455,-11.660127247567027,-9.416650263615136
"2026","Pagán, Emilio","641941","113","173","675",0.8733314810152216,-2.8308355753846133,9.63869064082152,-4.421739402605657,-1.512784181816024
"2026","Santillan, Tony","663574","113","189","698",-9.2853551976159,-1.2607868697678508,2.281391053739598,-6.2672307042115865,-4.038728677376053
"2026","Allard, Kolby","663465","114","44","177",-5.945669360494217,-2.3642571923480737,-3.1967335287626386,0.5689630299194421,-0.9536416693029454
"2026","Herget, Jimmy","623474","115","235","946",-6.928189792996731,-1.0297573393574369,7.1906561471458135,-5.459356040012237,-7.6297325607728785
"2026","Sims, Lucas","608371","145","46","171",-1.5035992167452041,-0.2973582322453311,1.8088199549120811,-1.8598886258674239,-1.1551723135445306
"2026","Rogers, Jake","668670","145","12","43",-0.13560132715184653,-0.02614279290100345,0.8727211508079901,-0.23652306064588238,-0.7456566244129509
"2026","Leasure, Jordan","673929","145","77","313",0.14781588822336622,2.595830101295916,-0.2792592265866185,-0.261352630829894,-1.907402355656038
"2026","Hanifee, Brenan","669724","116","92","321",-1.5839343378284836,1.8329083251387042,-0.3929739936927489,-2.265992576720282,-0.7578760925541567
"2026","Cerantola, Eric","672021","118","28","122",-4.500834141283305,-1.7096148671837168,0.8127651763216696,-1.9425287288082362,-1.6614557216130192
"2026","Irvin, Cole","608344","119","30","102",-1.548822974770033,0.8135678854820405,-1.555619602103724,-0.21789473989530794,-0.5888765182530423
"2026","Phillips, Evan","623465","119","103","423",1.6524499726009627,-1.7875026996051615,5.374835820962991,-0.6830276264036633,-1.2518555223531995
"2026","Hurt, Kyle","669165","119","197","742",2.4015473908637355,-1.0090153551718637,9.784208978126337,-1.8431329877449052,-4.530513244345819
"2026","Richardson, Lyon","680689","158","16","68",-2.6262585722128367,-2.6215473870046195,1.2138464198613965,-1.0489782066579707,-0.16957939841164288
"2026","Vaughn, Andrew","683734","158","26","83",-9.422601298689496,-1.0736200489219412,-5.561875678512279,-0.30403960674551633,-2.4830659645097612
"2026","Crow, Coleman","689441","158","84","295",-2.483893231374453,0.02736507892345985,0.7680002894053299,-2.1207762691273055,-1.1584823305759375
"2026","Anderson, Jack","681252","142","48","180",1.944159933907267,2.9198222471193556,0.8005807335304104,-1.1761180988235345,-0.6001249479189652
"2026","Senga, Kodai","673540","121","283","1129",-15.147832632466594,-5.459610533833948,8.195975610592871,-8.681113017655452,-9.20308469157007
"2026","Weathers, Ryan","677960","147","568","2280",1.3253157333897276,9.399542255143045,18.131648292614717,-17.230976368239745,-8.974898446128261
"2026","Peralta, Wandy","593974","135","319","1224",-0.16439205182400293,6.819056550398084,3.765598334387466,-5.304043776079291,-5.44500316053027
"2026","Márquez, Germán","608566","135","236","918",-16.203937773203467,-7.7922166759866265,3.3974298129482006,-7.053267933143333,-4.755882977021714
"2026","Pereda, Jhonny","640902","136","4","16",-1.745998438976793,-0.20456267644502768,-1.039710346963624,-0.33971992734739337,-0.16200548822074845
"2026","Gilbert, Logan","669302","136","748","2983",13.312291951345216,11.895007784237192,22.26938272763671,-7.703628978314264,-13.148469582214437
"2026","Criswell, Cooper","681867","136","169","642",1.949766806476214,1.8050202115952434,8.007031102386664,-4.856849878585351,-3.0054346289203444
"2026","Legumina, Casey","668984","139","297","1118",0.8795452776597565,2.3232094155483374,11.172668396651206,-8.680761106292794,-3.9355714282469854
"2026","Soriano, José","667755","141","744","2916",12.576358148579597,12.06026595307231,24.956663225613717,-10.74876619509826,-13.691804835008103
"2026","Lee, Chase","695445","141","40","146",-2.307880949640328,-0.09044695507711864,-0.8827606323156565,-0.97619440625809,-0.35847895598946455
"2026","Mikolas, Miles","571945","120","498","1827",-21.158713389829707,-3.2303672477029517,1.2486227691281684,-14.627132253645973,-4.549836657608987
"2026","Kent, Zak","687849","120","77","294",-5.836945032493267,-4.348113383252544,2.3651887706376598,-2.4726463046214633,-1.3813741152569117
"2026","Granillo, Andre","701552","120","50","198",-4.368607530931972,-0.6813433206771476,1.6281366216096744,-3.0391873983415745,-2.2762134335229254
"2026","Fermin, José","820862","108","235","981",2.066123144272063,3.107239116174109,9.76423503208922,-5.828839706184985,-4.976511297806283
"2026","Pérez, Martín","527048","144","595","2244",9.523327077040644,21.42290270167732,17.99415531099529,-20.573882847340478,-9.319848088291494
"2026","Guerrero, Tyron","594027","111","165","607",8.108793074875587,8.782673456426506,2.8539703530756824,-1.8853706902262128,-1.6424800444003864
"2026","Bennett, Jake","687562","111","453","1618",12.725706589757788,8.254301739655206,14.632849714971472,-4.683224653007293,-5.4782202118615935
"2026","Boyd, Matthew","571510","112","520","1957",5.482145734088219,16.98240198252876,10.936065432337445,-12.478649448884221,-9.957672231893788
"2026","Cabrera, Edward","665795","112","350","1353",-9.28811820033053,-0.6714461260215014,8.33516535962297,-10.431860696408398,-6.5199767375236
"2026","Manfredi, Mark","815081","115","75","298",1.4933839315122475,3.0821759479677104,2.2406095029443787,-2.4882894337201016,-1.3411120856797394
"2026","Flaherty, Jack","656427","116","395","1658",-3.2416147529385344,11.182371830011608,7.808713284022015,-10.224825762150944,-12.007874104821225
"2026","Wade Jr., LaMonte","664774","117","6","11",-1.5548479080430642,0.10054189508967659,-1.8279941118941125,0.2470931917832794,-0.07448888302190791
"2026","Voth, Austin","608723","142","56","215",-11.004140624343147,-3.898058531500853,-3.522628808733353,-2.216484995993218,-1.3669682881157217
"2026","Blackburn, Paul","621112","147","335","1238",16.649945272651777,11.4914060529189,16.969829028596788,-5.8924939115932125,-5.918795897270682
"2026","McFarlane, Alex","686934","143","79","312",2.8375611687421443,2.21302715926104,4.958254812934945,-2.930849480570921,-1.4028713228829166
"2026","Painter, Andrew","691725","143","552","2126",-6.809630606431493,1.6864330332401944,15.056557210141877,-13.019773527101869,-10.53284732271169
"2026","Eisert, Brandon","685126","134","189","784",-1.9507963389336316,0.4382532113993578,5.057730852464856,-1.5727394189343356,-5.874040983863505
"2026","Morgan, David","688158","135","158","597",-4.392175114549665,2.169724679824894,1.5371127420225388,-4.73002874186927,-3.368983794527833
"2026","Vargas, Carlos","672841","136","81","282",1.5697336750818045,1.7530227355478019,2.4360723618797646,-0.44180069082704065,-2.177560731518719
"2026","Foley, Jason","671345","137","115","448",0.8916548629930904,0.8906518733543018,4.179307096317394,-2.0447286390897026,-2.1335754675889005
"2026","Abner, Philip","691769","137","86","313",-6.761772083400279,-4.164086689742645,2.5493310582533537,-2.881852350966817,-2.2651641009441663
"2026","Perdomo, Cesar","702885","137","104","375",-0.6083931358696244,-1.712603885923686,5.363216316317677,-2.489183420718192,-1.76982214554543
"2026","Pagés, Pedro","686780","138","7","16",-0.6788738473025315,-1.337977128544374,0.17131430441469297,0.2881991523533396,0.1995898244738099
"2026","Shuster, Jared","694363","138","43","166",-1.9415794028257465,1.1766571715432648,-0.3536173839390352,-1.3144352039592047,-1.4501839864707722
"2026","Mateo, Jorge","622761","139","12","41",-0.9671480970639444,0.10871228090089746,-0.18100283817558901,-0.23523622612973735,-0.6596213136595152
"2026","Grove, Michael","675627","139","28","89",-1.9530309253101983,-0.8252415002471281,-0.5868703879818292,-0.4480298381448414,-0.09288919893639995
"2026","Quantrill, Cal","615698","140","442","1669",15.819161423937938,7.757447285533435,22.784346105365316,-8.47729554180126,-6.24533642515951
"2026","Montgomery, Jordan","656756","140","103","414",6.267999429401256,4.594824953258798,6.928068100551423,-3.6121783854868146,-1.6427152389221504
"2026","Corbin, Patrick","571578","141","360","1412",-11.865116276808223,-4.312558893388445,7.787719258515691,-8.731184566082463,-6.609092075853008
"2026","Leiter Jr., Mark","643410","133","143","551",3.882473306146225,1.374270358474377,7.627324451734123,-1.9903870323995734,-3.1287344716627077
"2026","Barnett, Mason","686930","133","228","909",-14.19767067050853,-3.29329170571268,4.448805506333242,-9.47515607048876,-5.878028400640339
"2026","Ginkel, Kevin","656464","109","273","1099",4.3738894116012,6.906293523026688,0.001105336249626325,-0.540691379919908,-1.9928180677552092
"2026","Walston, Blake","686796","109","11","42",1.1533643800917015,0.6110647994994483,1.032423490101602,-0.4299894160767178,-0.06013449343263086
"2026","Iglesias, Raisel","628452","144","238","911",11.0478616049883,4.7504466376537815,10.318803195852503,-2.0550551451425156,-1.9663330833754913
"2026","Garcia, Rico","670329","110","262","997",16.17514189873751,15.344256204023077,11.694301127032189,-7.097518319293785,-3.7658971130239784
"2026","Weissert, Greg","669711","111","253","991",5.119813992866493,11.18813227525417,4.862210648678886,-5.867098394370573,-5.06343053669599
"2026","Hedges, Austin","595978","114","20","55",0.19959320208361153,0.40731901869074494,0.12089564455674633,-0.3881794684374669,0.05955800727358733
"2026","Holderman, Colin","670059","114","221","860",11.977881881357169,11.440353326726985,10.991990278505664,-3.6522381491202505,-6.802223574755221
"2026","Hicks, Jordan","663855","145","212","888",1.4990452277071302,2.1523169296864344,8.227674145860925,-3.9146760670539593,-4.966269780786255
"2026","Hader, Josh","623352","117","167","676",20.814069017099246,8.995893878191044,14.739568206627352,-0.3183669348107806,-2.603026132908359
"2026","Blanco, Ronel","669854","117","143","570",-8.05086653721101,-4.654717891495828,2.641590770075045,-3.608796893341457,-2.42894252244877
"2026","Alexander, Jason","669920","117","84","299",-3.100818613248552,-0.4951650359034748,0.6028428492745213,-2.4412601346978478,-0.7672362919217446
"2026","Imai, Tatsuya","837227","117","336","1451",4.878267311502068,13.533722067895642,10.93458498369251,-12.012529227473257,-7.577510512612801
"2026","Kimbrel, Craig","518886","118","194","776",1.3869036449015095,10.65662930518022,0.3168888909993253,-5.111718409240975,-4.474896142037057
"2026","Way, Beck","694360","118","105","389",-1.595630873675009,1.7995044319461841,0.4038171135574925,-1.811992528962153,-1.986959890216535
"2026","Yamamoto, Yoshinobu","808967","119","706","2734",43.87906318088253,22.232463751464156,45.858602965906194,-15.138166059643856,-9.073837476844089
"2026","Meyer, Max","676974","146","462","1789",7.791580006428187,8.382987000349354,11.59427887870479,-4.811184081525792,-7.374501791100179
"2026","White, Josh","687985","146","8","43",-2.103892124971308,-0.5270908136643371,-0.14890651493998586,-0.8483278230521005,-0.5795669733148845
"2026","Uribe, Abner","682842","158","232","918",14.664753000579074,15.638768965501095,9.186402897121777,-6.579151399272138,-3.581267462771663
"2026","Hoffman, Jeff","656546","142","287","1211",4.094042351836499,2.5388440719553613,9.551539916869007,-2.4521632313615647,-5.54417840562632
"2026","Prielipp, Connor","687570","142","535","2067",-1.5012791990561398,-4.461287249188224,25.75693920872432,-13.056808380591262,-9.74012277800096
"2026","Edwards Jr., Carl","605218","121","25","99",1.0624593460643281,0.39571066588935266,2.1274301771762256,-0.8372181521589853,-0.6234633448422653
"2026","Topa, Justin","623437","147","108","414",-8.229115046277462,-5.349264101281111,3.4178885179536502,-4.102771120426541,-2.1949683425234645
"2026","Beck, Brendan","694341","147","58","246",-5.929596967950364,0.7644144200076233,-2.5559364531852937,-3.418369808207834,-0.7197051265648569
"2026","Kuhnel, Joel","669270","137","201","748",-5.580152576941714,1.7304759660255025,2.6589591369257755,-5.429379518465374,-4.5402081614276195
"2026","Winn, Keaton","676775","137","175","644",3.585882930178644,2.4096285031757216,9.479937750792033,-4.614501433336246,-3.689181890452857
"2026","Baker, Bryan","641329","139","243","977",15.607891784009166,11.275517674282034,15.329200578781217,-5.43316603438003,-5.563660434674046
"2026","Rasmussen, Drew","656876","139","669","2660",41.24694478730616,23.21729397212799,31.730432433055054,-4.8980793839784065,-8.802702233898417
"2026","Scholtens, Jesse","669947","139","208","773",-9.35283003931,2.1143477808581035,-3.37673101218199,-4.823560304608259,-3.2668865033778545
"2026","Gore, MacKenzie","669022","140","748","2962",7.3708147687898355,16.975439202439578,22.498818991289237,-18.18864743878397,-13.914795986154974
"2026","Rocker, Kumar","677958","140","644","2496",-5.477877631083285,2.2729894159174147,13.530654067144706,-13.311926313947477,-7.969594800197912
"2026","Waldichuk, Ken","686610","120","40","149",-5.181250283538823,-2.6628311890869862,0.24065298263943208,-1.576017905093859,-1.1830541719974077
"2026","Heineman, Tyler","623168","108","26","64",-2.2967244303475773,-1.5668794470090501,0.28235311939540114,0.910867899165914,-1.9230660018998427
"2026","Kelly, Merrill","518876","109","702","2621",-17.104925768496294,1.576767736278926,11.937892119772123,-20.997873743677626,-9.621711880869723
"2026","Rodriguez, Eduardo","593958","109","788","3067",18.23756648610801,21.17176513808427,29.790841624807246,-23.190557109172655,-9.534483167610796
"2026","Strowd, Kade","669704","109","14","59",-1.2834281625270734,1.086593061150569,-0.48194743541150875,-1.0047544646409332,-0.8833193236252002
"2026","Ginn, J.T.","669372","133","579","2185",6.931323236432261,13.880480469861624,24.0019590707669,-19.980121126470337,-10.970995177725879
"2026","Rashi, Taylor","688497","133","26","88",-0.07025749561206271,0.335389937358624,0.4481199798774602,-0.7036038281306815,-0.15016358471746488
"2026","Hernández, Elieser","622694","144","52","217",-2.7719688275746828,-3.872075334398518,3.7472530094765815,-1.6599973782201327,-0.9871491244326159
"2026","Suarez, Robert","663158","144","130","487",10.399951826542548,6.403568595120787,9.180282137528927,-3.7335027805441308,-1.4503961255630322
"2026","Wolfram, Grant","664991","110","225","901",0.8809599741282337,0.8412748616357226,9.140668910191758,-4.404620000388498,-4.696363797310754
"2026","Raquet, Nick","675919","110","17","75",-0.9027696324964082,0.3583898059416796,0.3345621253340874,-0.7299519383006698,-0.865769625471505
"2026","Coulombe, Danny","543056","111","96","386",2.024364501838325,7.685081607053353,0.682793949892115,-4.600418401907946,-1.7430926531991995
"2026","Bello, Brayan","678394","111","501","1906",3.4883665890393587,11.624222815613,10.514784172844976,-11.000683971759015,-7.649956427659594
"2026","Paez, Jedixson","699151","111","57","229",-5.022344200500157,-2.357234964616855,0.3808081455167047,-2.9633709532324706,-0.08254642816753553
"2026","Lowder, Rhett","695076","113","601","2296",-16.77619501873109,2.4054884633906113,11.479899114835533,-20.881223036746654,-9.780359560210599
"2026","Brogdon, Connor","641401","114","70","281",-2.2609334697577146,1.425405924529733,-0.6192810661716794,-1.7782347704379926,-1.2888235576777745
"2026","Freeland, Kyle","607536","115","613","2187",-27.9757555565797,-9.75615035650937,-7.6885032006882525,-3.894003354756855,-6.637098644625364
"2026","Bellozo, Valente","678368","115","46","170",-4.784314366269093,-1.1682967253380816,-0.6441300819772943,-2.2777892549195413,-0.6940983040341716
"2026","Acuña, Luisangel","682668","145","10","28",-0.4087392993520945,0.3707180137648043,-0.6119399987047236,0.20332245335015603,-0.3708397677623315
"2026","Sandlin, David","689818","145","167","638",3.3601955363704916,3.5515510780890494,6.6513378036001525,-3.374983331968341,-3.4677100133503735
"2026","Montero, Keider","672456","116","623","2305",22.397821316979933,23.878588562068852,19.965440368530718,-13.218551329554328,-8.227656284065386
"2026","Jobe, Jackson","695549","116","193","771",-1.2037772707169907,2.4567196435865384,4.725252704711233,-4.947017590085871,-3.4387320289288974
"2026","Abreu, Bryan","650556","117","268","1093",2.937920757875048,9.974415821720696,6.691734788801106,-8.111793342092207,-5.6164365105545455
"2026","Brown, Hunter","686613","117","451","1881",6.12421926754081,16.597594206505192,12.318008082605955,-12.839330666065623,-9.952052355504705
"2026","Thomas, Connor","671162","118","118","418",-4.273804049460741,-1.5383055191009527,1.286151662528998,-1.8564445400621996,-2.1652056528265917
"2026","Hoffman, Nolan","676510","118","67","229",-0.6091770912457719,-0.009262644489524186,3.6785731975535345,-2.46538648452672,-1.8131011597830615
"2026","Cameron, Noah","702070","118","745","2893",4.283717573344548,7.720318869493851,27.13637573272375,-18.936801104455267,-11.636175924417739
"2026","Rojas, Miguel","500743","119","23","53",-4.253360626216145,-1.1095293651684655,-2.3081251211297484,-0.4465793574562398,-0.38912678246169186
"2026","Barnes, Charlie","656212","119","63","201",-4.88803984861586,-0.5105251477873205,-1.6065225120965843,-0.44845800100055516,-2.3225341877314003
"2026","Bubic, Kris","663460","119","226","882",5.804965434049688,6.084449328603498,7.281752809283341,-4.806568533898768,-2.7546681699383817
"2026","Nardi, Andrew","677053","146","99","378",-0.8665086018093185,-0.48428197537126166,5.197220610311717,-3.2999855436641568,-2.2794616930856186
"2026","Harrison, Kyle","690986","158","504","2106",-7.351855893404693,1.7219440764550324,9.021823765384736,-9.625993005142313,-8.469630730102121
"2026","Duarte, Daniel","650960","121","112","463",6.791880162351694,0.7992116812955984,9.43680520769671,-0.7498135369638294,-2.694323189676783
"2026","Núñez, Dedniel","673380","121","72","213",0.2631818242162822,-1.6516326018425451,0.6376394080913854,1.1806769160291988,0.09649810193824454
"2026","Fried, Max","608331","147","434","1696",22.797499547220312,15.188789106716323,24.55953487925205,-10.689288976547925,-6.261535462200145
"2026","Yarbrough, Ryan","642232","147","267","1061",6.775822165966098,11.573355877906948,9.264171284983986,-10.204582021210928,-3.8571229757139185
"2026","De los Santos, Yerry","660787","147","93","358",0.887311753091539,5.0069491582251535,-0.6999770729118738,-1.9506597971468747,-1.4690005350748674
"2026","Warren, Will","701542","147","676","2642",-13.391545632257532,2.215634354647316,6.58843187821289,-12.424982149973257,-9.770629715144528
"2026","Lazar, Max","676661","143","45","156",-2.229534424625407,0.40348079501315026,-1.7168894945626736,-0.6904091747149896,-0.22571655036089386
"2026","Beck, Tristan","663941","137","83","313",-2.7186421677834884,1.646681411555229,2.1022028136154627,-4.674200568193719,-1.7933258247604602
"2026","Woodford, Jake","663765","139","134","485",-8.517260484002342,-7.703374001957183,2.7520658843883443,-1.7261443056909342,-1.839808060742593
"2026","Lopez, Nicky","670032","140","7","24",-1.1383969391490985,-0.9005347717464248,0.3704105327749115,-0.5455946934253325,-0.06267800675225269
"2026","Waldron, Matt","663362","120","194","690",-10.219929063561567,-2.068808342982216,-1.557341413945417,-3.9261302875609037,-2.6676490190730306
"2026","Murphy, Luke","684665","108","89","381",-5.606455834122143,-3.044435901068121,3.5265263804070055,-4.5022486405659405,-1.5862976728950888
"2026","Garcia, Brandyn","805299","109","191","705",16.212115878709334,11.614082331197551,10.981676410422857,-1.9127717919313416,-4.470871070979741
"2026","Bowden, Ben","641386","133","8","40",-1.255730874284157,0.21748060193622534,-0.22529800751316897,-0.7467521045747013,-0.5011613641325121
"2026","Juenger, Hayden","696522","133","81","292",-4.690914684379018,-0.37684820849079104,1.6766588558060835,-4.638143555929901,-1.352581775764403
"2026","Peterson, David","656849","112","662","2476",-11.189222889035365,5.687882794858867,17.516149950352908,-22.620519953927573,-11.77273568031952
"2026","Murray, Jayden","681151","112","79","304",-7.05973595873647,-4.295505495905244,1.052169281854939,-2.914347722447533,-0.902052022238631
"2026","Kay, Anthony","641743","145","709","2788",-12.383529378373877,15.51840319119196,8.668091306727495,-20.61530363093914,-15.954720245354189
"2026","Newcomb, Sean","656794","145","369","1472",11.850010167379,19.858684358344398,8.447074669282076,-7.271638572818053,-9.184110287429391
"2026","Meyers, Jake","676694","117","3","9",0.7828965054514521,0.3020547935690093,0.7468518881518641,-0.14403071919468516,-0.12197945707473618
"2026","Bummer, Aaron","607481","118","88","328",-8.987615995007253,-2.1955715400759357,-3.323357976125235,-1.6407270596779004,-1.8279594191281752
"2026","Strahm, Matt","621381","118","160","633",-8.667287682774719,-0.1906066882970134,-1.30100142506733,-4.655950472520969,-2.5197290968893955
"2026","Mills, Wyatt","670090","119","35","149",-1.553203175870994,1.0216750696709396,2.04896544179635,-1.9061524007699264,-2.7176912865683582
"2026","Minter, A.J.","621345","142","185","677",3.4853332962813193,3.6007106583992092,4.543649666416761,-3.1352146888957653,-1.5238123396388736
"2026","Kremer, Dean","665152","142","364","1466",-0.8205495556387664,1.0968994964198382,14.23314850938872,-6.631987470295142,-9.51861009115219
"2026","Morris, Andrew","702193","142","317","1295",4.515562492274128,8.617085602892066,10.972286890353764,-10.948384301569169,-4.125425699402552
"2026","Go, Woo-Suk","808970","142","22","86",-3.507588430833088,-2.1205220473941218,-0.2834211046415889,-0.28169416412447,-0.8219511146729065
"2026","Hagenman, Justin","663795","121","33","132",0.28493422669227086,-0.13953251257442023,1.8516805091902167,-1.1144165477626795,-0.3127972221608468
"2026","Weisenburger, Jack","674073","121","50","205",2.8553281352012556,1.8473664764158788,3.2874863106212273,-1.5223505656084286,-0.7571740862274272
"2026","McDermott, Chayce","694646","121","36","155",-2.7516563578564,-0.33852050745265694,0.08583721339437193,-0.6868338881199946,-1.8121391756781204
"2026","Ross, Dylan","697811","121","3","11",0.7828965054514523,0.4333749800410037,0.3032946322197736,0.08712158161997696,-0.040894688429302065
"2026","Cornielle, Alexander","529017","147","7","34",-1.8483590508769865,-1.4127031727247354,0.1678867381678801,-0.36022239104664394,-0.24332022527348746
"2026","Ramírez, Yohan","670990","134","353","1411",12.426669344419782,14.500430107394616,12.290392300726458,-4.912012688687836,-9.452140375013425
"2026","Skenes, Paul","694973","134","712","2890",10.761212647244216,13.065223632222226,25.800151919318598,-12.635684855065916,-15.468478049230683
"2026","Estrada, Jeremiah","669093","135","126","512",4.768380444101801,5.911117244080431,4.587572057015708,-2.73176771324808,-2.9985411437462566
"2026","Morejon, Adrian","670970","135","345","1318",18.3723300390485,10.77103386181176,13.443656422332886,-1.9654528257845927,-3.876907419311556
"2026","Matsui, Yuki","673513","135","257","1086",10.121061693587189,4.286365460615589,16.007718650682566,-5.34572719489573,-4.827295222815243
"2026","Wilson, Weston","642215","136","21","59",-4.315660388699413,-2.2249880719889266,-1.074992114784153,-0.44466903504242417,-0.5710111668839094
"2026","Davila, Nick","689546","136","119","446",0.9716877236281067,0.7032844484039737,5.54442106704336,-1.8195472376596193,-3.456470554159612
"2026","Booser, Cam","592155","139","152","573",11.317527223454572,4.645509883836122,8.428787669027306,-0.2277177710638279,-1.5290525583450372
"2026","Curvelo, Luis","681168","140","52","187",-8.228014474351124,-3.6674454389764386,-3.2177522369316303,-0.9241662772407897,-0.4186505212022629
"2026","Ahlstrom, Robby","695239","140","161","648",-4.218382069866726,-0.6814295794813044,4.871326430773299,-3.9443398478457405,-4.463939073312977
"2026","Rodríguez, José","692064","141","16","68",1.8366001336850133,0.565918659295635,1.1682670292274795,0.19307025602539168,-0.09065581086349318
"2026","Miles, Spencer","693686","141","387","1503",21.71145832983897,11.354568474980706,27.441693245633783,-13.287655901253267,-3.7971474895222643
"2026","Cosgrove, Tom","676680","120","74","268",-3.0360347634021387,-0.06298538332346373,-0.16911216235491855,-1.4149645397353088,-1.3889726779884486
"2026","Palmquist, Carson","687223","120","78","313",-3.89407306427865,-0.1625202386561912,0.19199899876309678,-1.905885196594941,-2.0176666277906157
"2026","Kent, Jackson","800600","120","170","677",-4.518460963840828,0.9230843699079677,3.5850718770641774,-4.958526255058614,-4.068090955754352
"2026","Lee, Dylan","669276","144","261","1054",14.312520966397003,6.463175541120883,13.828426825020337,-2.615893694479364,-3.36318770526486
"2026","Karinchak, James","675916","144","37","162",2.7220912962363273,1.8661419864661495,3.2676100986490537,-1.531592225692754,-0.8800685631861241
"2026","Bassitt, Chris","605135","110","460","1731",-9.180014834063456,12.412597011809275,3.206398514828552,-14.578761074244234,-10.220249286457026
"2026","Marte, Yunior","628708","113","5","21",-1.7378931884784852,-0.07530294112790897,-1.2092480333818747,0.005468130403557706,-0.4588103443722594
"2026","Spiers, Carson","686730","113","24","85",-4.024059635688389,-4.465742717787168,0.7953251958426729,-0.12042817616812367,-0.2332139375757685
"2026","Williams, Gavin","668909","114","736","2960",10.34442514462011,13.004309974637827,19.104562827968458,-9.94133791784283,-11.823109740143316
"2026","Cantillo, Joey","676282","114","686","2748",-6.096587226157779,12.747219714494483,17.584586988427258,-19.23007441538878,-17.198319513690677
"2026","Peterson, Austin","804926","114","27","105",-0.34326665291404673,-0.1393467596960497,0.6519524919314283,-0.5437602004490231,-0.31211218470040303
"2026","Bernardino, Brennan","657514","115","266","1001",5.180183427819183,8.629345368492134,7.973868822303892,-4.9976416846157035,-6.42538907836114
"2026","Gordon, Tanner","685299","115","471","1692",-28.929384486901462,-10.925942766499071,-4.548959379294975,-7.561156030796211,-5.893326310311274
"2026","Bido, Osvaldo","674370","145","81","317",-2.5155194850437526,-0.4977824764153767,4.1470379010400045,-3.490107483004713,-2.674667426663668
"2026","Cannon, Jonathan","686563","145","18","80",-1.8397897144228605,0.0006115926224719501,-0.1332516096505088,-0.9037213476556663,-0.8034283497391583
"2026","Holton, Tyler","663947","116","301","1130",3.3143082763812464,6.367491167975001,8.428744813965134,-6.708090900061525,-4.773836805497367
"2026","Hurter, Brant","676428","116","142","507",6.790272979909136,5.1809321233938785,6.669326914075946,-2.8656977844173426,-2.1942882731433517
"2026","Lugo, Seth","607625","118","751","2858",-28.55708572416289,-2.2126295819855732,1.8645592768471442,-16.332780442094684,-11.87623497692983
"2026","Cuas, Jose","621016","118","107","473",0.23712681697427812,1.1275070769001654,2.519827866334104,-1.9867249229085369,-1.4234832033514555
"2026","Erceg, Lucas","668674","118","226","901",-10.452180856769944,-2.608476547487999,6.463907515011991,-8.673612901771937,-5.63399892252199
"2026","Hernández, Enrique","571771","119","4","8",0.336774980888407,-0.2804585227382521,0.2943326294586176,0.047987537243491724,0.27491333692454983
"2026","Dreyer, Jack","676263","119","257","1037",10.694189220857204,9.368327689052384,11.317846350505667,-3.7237760379390425,-6.268208780761808
"2026","Hall, DL","669084","158","241","997",12.685556246150309,18.151384437531128,7.688927475161948,-9.321330086989285,-3.8334255795534866
"2026","Patrick, Chad","694477","158","440","1730",11.013345972770235,19.930872242003836,15.648860562928213,-14.875990736599036,-9.6903960955628
"2026","Misiorowski, Jacob","694819","158","665","2647",52.331357621367616,31.60424090670126,44.57194449501564,-13.432601622473205,-10.412226157876098
"2026","Curry, Xzavion","675540","121","94","348",-5.6904770191566305,-0.4091961550706671,-0.9066829495598782,-2.6949094262149345,-1.679688488311151
"2026","Scott, Christian","681035","121","474","1964",4.796679624638681,9.766887667512636,19.23203476623637,-15.216876424763862,-8.985366384346442
"2026","Tong, Jonah","804636","121","134","539",3.498969354460085,6.57243755233433,3.89303100151671,-2.9178625403808702,-4.048636659010084
"2026","Sánchez, Cristopher","650911","143","857","3158",17.702732137320098,6.146884223254881,28.340837079555275,-3.818100012546677,-12.966889152943384
"2026","Duran, Jhoan","661395","143","235","947",18.5158484768875,9.89313083346263,16.276506921869142,-4.037975256571856,-3.6158140218724286
"2026","Miller, Bryce","682243","136","484","1885",-0.9575649301393087,10.924460609106093,1.8183128798261825,-7.467371371735668,-6.232967047335919
"2026","Ramos, Wilkin","678576","137","15","61",-2.1675845523467046,-0.10649324786125422,-0.8178493730196289,-0.9240333752626682,-0.3192085562031534
"2026","Marte, Yunior","805074","137","103","381",-1.852554593045972,-1.157305898996939,3.3820080341548606,-1.998752347172617,-2.078504381031272
"2026","Fernandez, Ryan","681676","138","100","387",1.1017395298297767,1.4252529201736985,3.0025850580503213,-1.5851301818591539,-1.7409682665350925
"2026","Williamson, Ben","810938","139","21","50",-0.7661054155041916,-1.6618467045284975,1.7476198535568646,-0.6836317911820158,-0.16824677335054192
"2026","Hopkins, Brody","811315","139","24","103",-0.0008404429588481227,1.946073429276504,0.5625236885989676,-1.0525752088027265,-1.4568623520315922
"2026","Beeks, Jalen","656222","140","112","407",-3.595516714408297,3.7898315778486147,-4.329713319104267,-0.6782959344160855,-2.3773390387365647
"2026","Macko, Adam","671936","140","142","577",-6.811771110458756,-1.5509653791443172,3.6432213488769634,-5.496367657146604,-3.4076594230447967
"2026","Ponce, Cody","664074","141","10","47",0.3208910091632832,0.38362842445828915,0.299380604363529,0.3952708038493972,-0.7573888235079325
"2026","Bieber, Shane","669456","141","242","930",-0.6739480483560968,7.08139260361941,2.6532016546718733,-5.488329645324619,-4.920212661322747
"2026","Varland, Louis","686973","141","306","1236",20.99195085416742,15.319326944544846,12.852556986590539,-4.771371819185314,-2.4085612577826416
"2026","Tena, José","677588","120","5","11",-0.6431448480197567,0.42073590017553875,-0.6000869662319632,-0.0999944821965923,-0.36379929976673997
"2026","Cornelio, Riley","683000","120","159","685",1.5208914854706235,4.7513524307572395,5.996612424034083,-5.434660107765413,-3.792413261555289
"2026","Schultz, Paxton","687606","120","152","610",-5.5680014467587275,-0.6724153297158915,2.254634033358798,-4.359675147363457,-2.7905450030381744
"2026","Dion, Will","702021","120","201","792",0.981283084013655,1.0843701846099059,10.953289962574264,-8.670191114619238,-2.3861859485512777
"2026","Manoah, Alek","666201","108","39","161",-4.393763459145495,2.7989564765702566,-3.899736979618644,-1.097471892880386,-2.1955110632167223
"2026","Farris, Mitch","815083","108","248","961",-6.796881076529955,-0.7342483837499126,3.5848052707398583,-4.0660189011254655,-5.5814190623944375
"2026","Bratt, Mitch","683352","109","193","726",-4.472572485666746,3.652825463918675,2.505639386218785,-7.374065702000527,-3.2569716338036834
"2026","Barlow, Scott","605130","133","151","581",-0.7971736383912998,0.005878841389705583,8.571723488017078,-3.5469808313421742,-5.827795136455919
"2026","Estes, Joey","683155","133","34","125",-7.045204647003809,-2.1586877120360106,-3.2535546217593816,-1.282544271368487,-0.35041804183993086
"2026","Jump, Gage","695611","133","435","1756",-9.94021457694892,4.65695036946096,5.76408824424025,-11.366166210944472,-8.995086979705647
"2026","Smith-Shawver, AJ","700363","144","144","573",-7.111928471028033,-1.697543494073412,0.6667466695105122,-2.5001501204467207,-3.5809815260184097
"2026","Sanders, Cam","676742","110","130","547",2.1815332745911427,9.385185398609103,1.296069917809216,-3.974534929273297,-4.525187112553878
"2026","Walker, Josh","677020","110","124","505",6.285460759613922,4.171166431304741,7.617163290521136,-3.278809361141601,-2.2240596010703566
"2026","Weston, Cameron","687721","110","3","17",0.15627659384239884,0.20530280638603166,0.3575192473105341,-0.22466044495541,-0.1818850148987569
"2026","Gray, Sonny","543243","111","683","2474",16.801766648485263,5.9855046119093815,23.851793694491548,-6.009626370019802,-7.0259052878958785
"2026","Sandoval, Patrick","663776","111","321","1219",-11.731677934726456,0.8254068925110646,2.8530121034739464,-9.361799362950826,-6.0482975677606525
"2026","Holmes, Clay","605280","112","419","1613",14.671783196530416,11.970943883199547,21.84415779424859,-13.477227067917081,-5.666091413000585
"2026","Rolison, Ryan","669020","112","252","990",5.831487927937389,6.609829147416934,10.893919732905907,-7.793250965937922,-3.8790099864475267
"2026","Lodolo, Nick","666157","113","486","1899",-19.703792605259036,-5.523386882264816,10.957862611533715,-12.734607856687333,-12.403660477840631
"2026","Sullivan, Brett","664954","115","34","94",-1.7857806936746385,-1.0662305031199275,0.6117804725742748,-0.8316513392178617,-0.4996793239111227
"2026","Schweitzer, Tyler","805326","145","154","566",2.130440743262871,2.966589673107532,5.16248002667387,-4.153083272634658,-1.8455456838838706
"2026","Skubal, Tarik","669373","119","620","2356",26.108376909926296,16.88024528965345,22.046453726421237,-6.965956415296101,-5.852365690852296
"2026","Blalock, Bradley","687134","146","48","200",-2.967142254000372,-2.8333974065034773,2.2167265823440414,-1.6724461849436012,-0.6780252448973354
"2026","Koenig, Jared","657649","158","38","161",-3.9026744994743634,-2.32605636940973,1.1080548144733386,-1.2690485013506287,-1.4156244431873444
"2026","Drohan, Shane","675660","158","528","2001",-1.316232725289071,9.539552833701768,11.125144955768127,-11.565943102723772,-10.41498741203518
"2026","Short, Zack","670097","121","3","10",0.7828965054514523,0,0.5470589924972629,0.3471256510576278,-0.1112881381034384
"2026","Gil, Luis","661563","147","124","496",-5.43080525629923,0.4085575264110861,3.5335524847677604,-4.637925091565473,-4.734990175912604
"2026","Stubbs, Garrett","596117","143","24","46",-2.3400581886934106,-0.20437946262105136,-2.1600465280432504,-0.04585873604865727,0.07022653801954759
"2026","Callihan, Tyler","682997","134","15","53",0.26647880220956,0.13597491561956748,1.9811108516444826,-0.5438606538668247,-1.3067463111876647
"2026","Sears, JP","676664","135","143","529",-1.8836779952871228,1.780640190409264,4.930586391564055,-6.38043123125314,-2.2144733460073014
"2026","Díaz, Jhonathan","646242","136","6","25",-0.9327618762781075,-1.2872211679271826,0.5724291942915434,-0.21796990264246846,0
"2026","Koss, Christian","683766","137","10","28",-1.3588062652609465,-0.3370920822697101,0.16960243239520295,-1.002428526848792,-0.1888880885376476
"2026","Mathews, Quinn","687273","138","211","867",-0.710882812636044,-0.03186311517594298,7.41801726389368,-2.6741316393465295,-5.422905322007259
"2026","Kingham, Nolan","663884","140","6","22",-0.48774717111456356,0.6277993461545378,-0.368527511117489,-0.5626648627044278,-0.18435414344718448
"2026","Fleming, Josh","676596","141","18","77",-2.3195043161208413,0.8465901879275639,-2.1828007477292717,-0.20878674374269485,-0.7745070125764387